solver,dataset,scope,policy,timeLimitSec,seed,status,adapterVersion,datasetVersion,matrixVersion,timestamp,rawFile,validPlanReturnedPercent,hardViolations,served,unassigned,servedPercent,workersUsed,distanceKm,travelMinutes,waitingMinutes,serviceMinutes,emergencyServed,emergencyUnassigned,meanResponseDelay,medianResponseDelay,maxResponseDelay,meanCompletionDelay,maxCompletionDelay,solverWallTimeMs,validationTimeMs,processWallTimeMs,peakMemoryMb,cpuTimeSampledMs,jobsTotal,emergencyTotal,reassignments,workerChanges,orderChanges,scheduleChanges,removedAssignments,newWorkersActivated,maxScheduleShiftMinutes,solverVersion,bestBound,optimalityGap,experimentStage,eligibleForComparison
alns,beeline-car-no-breaks-v1-declared-geography:all,all,PRIMARY,1.0,1,FEASIBLE,4f21d11498707bfda3aff3bccca6551135050a7866c243e1fd8326d83480665f,65c2548387a84e0cbd8a11c19238b1fce7775d216741fccd7ac722a0f7cd5711,ee570c715a0df06f400a3815f8b508637698ad2fa314679ce6539656d9a9cfcf,2026-09-17T12:59:20.096930+00:00,results/raw/baseline-alns-all-1s-1-b9ebda39c9117a20.json,100,0,203,0,100.0,23,1284.834,1715.4333333333334,2500.0,10820.0,15,0,312.0677777777778,350.03333333333336,672.6166666666667,392.0677777777778,752.6166666666667,1006.4762000001792,1.1254999990342185,2654.6488999993016,106.63671875,2328.125,203,15,,,,,,,,7.0.0,,,STATIC_PRIMARY_FRESH_PROCESS,True
alns,beeline-car-no-breaks-v1-declared-geography:all,all,PRIMARY,1,2,FEASIBLE,4f21d11498707bfda3aff3bccca6551135050a7866c243e1fd8326d83480665f,65c2548387a84e0cbd8a11c19238b1fce7775d216741fccd7ac722a0f7cd5711,ee570c715a0df06f400a3815f8b508637698ad2fa314679ce6539656d9a9cfcf,2026-09-17T10:50:46.706654+00:00,results/raw/baseline-alns-all-1s-2-765f9130c875d2ba.json,100,0,203,0,100.0,22,1188.596,1613.8833333333334,2519.9166666666665,10820.0,15,0,319.8666666666667,381.06666666666666,682.2166666666667,399.8666666666667,762.2166666666667,1013.4307999996963,1.0766000013973098,,,,203,15,,,,,,,,7.0.0,,,STATIC_BASELINE_NOT_FINAL_COMPARISON,True
alns,beeline-car-no-breaks-v1-declared-geography:all,all,PRIMARY,1,3,FEASIBLE,4f21d11498707bfda3aff3bccca6551135050a7866c243e1fd8326d83480665f,65c2548387a84e0cbd8a11c19238b1fce7775d216741fccd7ac722a0f7cd5711,ee570c715a0df06f400a3815f8b508637698ad2fa314679ce6539656d9a9cfcf,2026-09-17T10:50:48.708971+00:00,results/raw/baseline-alns-all-1s-3-72c2ec40ac8e393f.json,100,0,203,0,100.0,24,1439.283,1803.5666666666666,3225.3,10820.0,15,0,389.2377777777778,474.85,682.2166666666667,469.2377777777778,762.2166666666667,1003.0127000009088,1.3187999993533595,,,,203,15,,,,,,,,7.0.0,,,STATIC_BASELINE_NOT_FINAL_COMPARISON,True
alns,beeline-car-no-breaks-v1-declared-geography:all,all,PRIMARY,1,4,FEASIBLE,4f21d11498707bfda3aff3bccca6551135050a7866c243e1fd8326d83480665f,65c2548387a84e0cbd8a11c19238b1fce7775d216741fccd7ac722a0f7cd5711,ee570c715a0df06f400a3815f8b508637698ad2fa314679ce6539656d9a9cfcf,2026-09-17T10:50:49.784625+00:00,results/raw/baseline-alns-all-1s-4-e1b85c710e2f368c.json,100,0,203,0,100.0,24,1375.939,1797.6666666666667,3560.9166666666665,10820.0,15,0,303.31333333333333,302.21666666666664,638.0333333333333,383.31333333333333,718.0333333333333,1003.3839000006992,2.1775000004709,,,,203,15,,,,,,,,7.0.0,,,STATIC_BASELINE_NOT_FINAL_COMPARISON,True
alns,beeline-car-no-breaks-v1-declared-geography:all,all,PRIMARY,1,5,FEASIBLE,4f21d11498707bfda3aff3bccca6551135050a7866c243e1fd8326d83480665f,65c2548387a84e0cbd8a11c19238b1fce7775d216741fccd7ac722a0f7cd5711,ee570c715a0df06f400a3815f8b508637698ad2fa314679ce6539656d9a9cfcf,2026-09-17T10:50:50.872028+00:00,results/raw/baseline-alns-all-1s-5-9637eb8b7064e8f5.json,100,0,203,0,100.0,24,1376.521,1749.5333333333333,3490.516666666667,10820.0,15,0,350.6355555555556,392.06666666666666,633.0833333333334,430.6355555555556,713.0833333333334,1003.4840000007534,1.4147000001685228,,,,203,15,,,,,,,,7.0.0,,,STATIC_BASELINE_NOT_FINAL_COMPARISON,True
alns,beeline-car-no-breaks-v1-declared-geography:all,all,PRIMARY,1,6,FEASIBLE,4f21d11498707bfda3aff3bccca6551135050a7866c243e1fd8326d83480665f,65c2548387a84e0cbd8a11c19238b1fce7775d216741fccd7ac722a0f7cd5711,ee570c715a0df06f400a3815f8b508637698ad2fa314679ce6539656d9a9cfcf,2026-09-17T10:50:51.953786+00:00,results/raw/baseline-alns-all-1s-6-71b5296ade5c129e.json,100,0,203,0,100.0,22,1440.379,1840.6833333333334,2251.2,10820.0,15,0,344.93888888888887,415.71666666666664,616.2333333333333,424.93888888888887,696.2333333333333,1003.7365999996837,2.116300000125193,,,,203,15,,,,,,,,7.0.0,,,STATIC_BASELINE_NOT_FINAL_COMPARISON,True
alns,beeline-car-no-breaks-v1-declared-geography:all,all,PRIMARY,1,7,FEASIBLE,4f21d11498707bfda3aff3bccca6551135050a7866c243e1fd8326d83480665f,65c2548387a84e0cbd8a11c19238b1fce7775d216741fccd7ac722a0f7cd5711,ee570c715a0df06f400a3815f8b508637698ad2fa314679ce6539656d9a9cfcf,2026-09-17T10:50:53.037897+00:00,results/raw/baseline-alns-all-1s-7-c098c137c0152585.json,100,0,203,0,100.0,24,1348.774,1771.4166666666667,3179.5333333333333,10820.0,15,0,389.99666666666667,457.7,686.45,469.99666666666667,766.45,1003.5787999986496,2.616400000988506,,,,203,15,,,,,,,,7.0.0,,,STATIC_BASELINE_NOT_FINAL_COMPARISON,True
alns,beeline-car-no-breaks-v1-declared-geography:all,all,PRIMARY,1,8,FEASIBLE,4f21d11498707bfda3aff3bccca6551135050a7866c243e1fd8326d83480665f,65c2548387a84e0cbd8a11c19238b1fce7775d216741fccd7ac722a0f7cd5711,ee570c715a0df06f400a3815f8b508637698ad2fa314679ce6539656d9a9cfcf,2026-09-17T10:50:54.126855+00:00,results/raw/baseline-alns-all-1s-8-1d21494369880b40.json,100,0,203,0,100.0,24,1109.872,1541.3,3395.15,10820.0,15,0,397.96777777777777,453.56666666666666,670.1666666666666,477.96777777777777,750.1666666666666,1061.0030999996525,1.9535999999789055,,,,203,15,,,,,,,,7.0.0,,,STATIC_BASELINE_NOT_FINAL_COMPARISON,True
alns,beeline-car-no-breaks-v1-declared-geography:all,all,PRIMARY,1,9,FEASIBLE,4f21d11498707bfda3aff3bccca6551135050a7866c243e1fd8326d83480665f,65c2548387a84e0cbd8a11c19238b1fce7775d216741fccd7ac722a0f7cd5711,ee570c715a0df06f400a3815f8b508637698ad2fa314679ce6539656d9a9cfcf,2026-09-17T10:50:55.264733+00:00,results/raw/baseline-alns-all-1s-9-c8da1c69b1e1110a.json,100,0,203,0,100.0,24,1373.722,1821.35,3166.0666666666666,10820.0,15,0,325.0466666666667,384.3666666666667,649.45,405.0466666666667,729.45,1002.9926999995951,1.426700000592973,,,,203,15,,,,,,,,7.0.0,,,STATIC_BASELINE_NOT_FINAL_COMPARISON,True
alns,beeline-car-no-breaks-v1-declared-geography:all,all,PRIMARY,1,10,FEASIBLE,4f21d11498707bfda3aff3bccca6551135050a7866c243e1fd8326d83480665f,65c2548387a84e0cbd8a11c19238b1fce7775d216741fccd7ac722a0f7cd5711,ee570c715a0df06f400a3815f8b508637698ad2fa314679ce6539656d9a9cfcf,2026-09-17T10:50:56.343827+00:00,results/raw/baseline-alns-all-1s-10-fa7aaae65c269f75.json,100,0,203,0,100.0,24,1471.363,1827.9,3393.2,10820.0,15,0,373.01888888888885,450.2,692.5333333333333,453.0188888888889,772.5333333333333,1003.2437999998365,1.993199999560602,,,,203,15,,,,,,,,7.0.0,,,STATIC_BASELINE_NOT_FINAL_COMPARISON,True
alns,beeline-car-no-breaks-v1-declared-geography:all,all,PRIMARY,5.0,1,FEASIBLE,4f21d11498707bfda3aff3bccca6551135050a7866c243e1fd8326d83480665f,65c2548387a84e0cbd8a11c19238b1fce7775d216741fccd7ac722a0f7cd5711,ee570c715a0df06f400a3815f8b508637698ad2fa314679ce6539656d9a9cfcf,2026-09-17T13:00:44.346185+00:00,results/raw/baseline-alns-all-5s-1-362a2d5f936abea1.json,100,0,203,0,100.0,22,1060.1,1480.7,2285.766666666667,10820.0,15,0,372.49555555555554,464.55,660.2,452.49555555555554,740.2,5085.819700001593,2.0893000000796746,6762.631499997951,133.17578125,6578.125,203,15,,,,,,,,7.0.0,,,STATIC_PRIMARY_FRESH_PROCESS,True
alns,beeline-car-no-breaks-v1-declared-geography:all,all,PRIMARY,5,2,FEASIBLE,4f21d11498707bfda3aff3bccca6551135050a7866c243e1fd8326d83480665f,65c2548387a84e0cbd8a11c19238b1fce7775d216741fccd7ac722a0f7cd5711,ee570c715a0df06f400a3815f8b508637698ad2fa314679ce6539656d9a9cfcf,2026-09-17T10:50:57.459418+00:00,results/raw/baseline-alns-all-5s-2-ac66928457e05852.json,100,0,203,0,100.0,22,1075.987,1506.7666666666667,2657.55,10820.0,15,0,319.83666666666664,391.4,633.7333333333333,399.83666666666664,713.7333333333333,5002.454699999362,1.9209999991289806,,,,203,15,,,,,,,,7.0.0,,,STATIC_BASELINE_NOT_FINAL_COMPARISON,True
alns,beeline-car-no-breaks-v1-declared-geography:all,all,PRIMARY,5,3,FEASIBLE,4f21d11498707bfda3aff3bccca6551135050a7866c243e1fd8326d83480665f,65c2548387a84e0cbd8a11c19238b1fce7775d216741fccd7ac722a0f7cd5711,ee570c715a0df06f400a3815f8b508637698ad2fa314679ce6539656d9a9cfcf,2026-09-17T10:51:02.542234+00:00,results/raw/baseline-alns-all-5s-3-0c081f821bc91d2b.json,100,0,203,0,100.0,23,1011.558,1431.9666666666667,3351.133333333333,10820.0,15,0,384.80555555555554,437.8833333333333,651.8833333333333,464.80555555555554,731.8833333333333,5002.8743999992,1.561299999593757,,,,203,15,,,,,,,,7.0.0,,,STATIC_BASELINE_NOT_FINAL_COMPARISON,True
alns,beeline-car-no-breaks-v1-declared-geography:all,all,PRIMARY,5,4,FEASIBLE,4f21d11498707bfda3aff3bccca6551135050a7866c243e1fd8326d83480665f,65c2548387a84e0cbd8a11c19238b1fce7775d216741fccd7ac722a0f7cd5711,ee570c715a0df06f400a3815f8b508637698ad2fa314679ce6539656d9a9cfcf,2026-09-17T10:51:07.625386+00:00,results/raw/baseline-alns-all-5s-4-d11538ffc915ed31.json,100,0,203,0,100.0,22,1096.338,1508.7666666666667,2975.3166666666666,10820.0,15,0,378.26444444444445,427.53333333333336,685.9166666666666,458.26444444444445,765.9166666666666,5004.47659999918,2.256600000691833,,,,203,15,,,,,,,,7.0.0,,,STATIC_BASELINE_NOT_FINAL_COMPARISON,True
alns,beeline-car-no-breaks-v1-declared-geography:all,all,PRIMARY,5,5,FEASIBLE,4f21d11498707bfda3aff3bccca6551135050a7866c243e1fd8326d83480665f,65c2548387a84e0cbd8a11c19238b1fce7775d216741fccd7ac722a0f7cd5711,ee570c715a0df06f400a3815f8b508637698ad2fa314679ce6539656d9a9cfcf,2026-09-17T10:51:12.718085+00:00,results/raw/baseline-alns-all-5s-5-e534fa846370aee1.json,100,0,203,0,100.0,22,1128.886,1541.8166666666666,2704.2,10820.0,15,0,372.74888888888887,429.5,670.5166666666667,452.74888888888887,750.5166666666667,5003.074299998843,1.968299999134615,,,,203,15,,,,,,,,7.0.0,,,STATIC_BASELINE_NOT_FINAL_COMPARISON,True
alns,beeline-car-no-breaks-v1-declared-geography:all,all,PRIMARY,5,6,FEASIBLE,4f21d11498707bfda3aff3bccca6551135050a7866c243e1fd8326d83480665f,65c2548387a84e0cbd8a11c19238b1fce7775d216741fccd7ac722a0f7cd5711,ee570c715a0df06f400a3815f8b508637698ad2fa314679ce6539656d9a9cfcf,2026-09-17T10:51:17.811079+00:00,results/raw/baseline-alns-all-5s-6-fcbcb1ff4b7185a9.json,100,0,203,0,100.0,22,1212.626,1621.3666666666666,2544.766666666667,10820.0,15,0,404.1711111111111,436.93333333333334,699.5166666666667,484.1711111111111,779.5166666666667,5006.428599999708,1.169199998912518,,,,203,15,,,,,,,,7.0.0,,,STATIC_BASELINE_NOT_FINAL_COMPARISON,True
alns,beeline-car-no-breaks-v1-declared-geography:all,all,PRIMARY,5,7,FEASIBLE,4f21d11498707bfda3aff3bccca6551135050a7866c243e1fd8326d83480665f,65c2548387a84e0cbd8a11c19238b1fce7775d216741fccd7ac722a0f7cd5711,ee570c715a0df06f400a3815f8b508637698ad2fa314679ce6539656d9a9cfcf,2026-09-17T10:51:22.905949+00:00,results/raw/baseline-alns-all-5s-7-a1627d3e81b9b7b2.json,100,0,203,0,100.0,23,1070.078,1465.8833333333334,3094.25,10820.0,15,0,370.5233333333333,435.0,697.2833333333333,450.5233333333333,777.2833333333333,5007.861399999456,1.6882999989320524,,,,203,15,,,,,,,,7.0.0,,,STATIC_BASELINE_NOT_FINAL_COMPARISON,True
alns,beeline-car-no-breaks-v1-declared-geography:all,all,PRIMARY,5,8,FEASIBLE,4f21d11498707bfda3aff3bccca6551135050a7866c243e1fd8326d83480665f,65c2548387a84e0cbd8a11c19238b1fce7775d216741fccd7ac722a0f7cd5711,ee570c715a0df06f400a3815f8b508637698ad2fa314679ce6539656d9a9cfcf,2026-09-17T10:51:27.997387+00:00,results/raw/baseline-alns-all-5s-8-3df39097d2cd1dbe.json,100,0,203,0,100.0,21,1196.367,1609.2666666666667,1987.5,10820.0,15,0,378.6766666666667,484.31666666666666,646.85,458.6766666666667,726.85,5002.516200000173,1.7577999988134252,,,,203,15,,,,,,,,7.0.0,,,STATIC_BASELINE_NOT_FINAL_COMPARISON,True
alns,beeline-car-no-breaks-v1-declared-geography:all,all,PRIMARY,5,9,FEASIBLE,4f21d11498707bfda3aff3bccca6551135050a7866c243e1fd8326d83480665f,65c2548387a84e0cbd8a11c19238b1fce7775d216741fccd7ac722a0f7cd5711,ee570c715a0df06f400a3815f8b508637698ad2fa314679ce6539656d9a9cfcf,2026-09-17T10:51:33.088629+00:00,results/raw/baseline-alns-all-5s-9-3c6cfe9ff73c89d7.json,100,0,203,0,100.0,22,1175.111,1610.4666666666667,2366.266666666667,10820.0,15,0,369.11,419.3333333333333,651.8833333333333,449.11,731.8833333333333,5004.402800001117,1.6525000010005897,,,,203,15,,,,,,,,7.0.0,,,STATIC_BASELINE_NOT_FINAL_COMPARISON,True
alns,beeline-car-no-breaks-v1-declared-geography:all,all,PRIMARY,5,10,FEASIBLE,4f21d11498707bfda3aff3bccca6551135050a7866c243e1fd8326d83480665f,65c2548387a84e0cbd8a11c19238b1fce7775d216741fccd7ac722a0f7cd5711,ee570c715a0df06f400a3815f8b508637698ad2fa314679ce6539656d9a9cfcf,2026-09-17T10:51:38.188717+00:00,results/raw/baseline-alns-all-5s-10-cdf95f616b53268d.json,100,0,203,0,100.0,22,1104.923,1536.7166666666667,2669.2166666666667,10820.0,15,0,365.3522222222222,420.23333333333335,683.7166666666667,445.3522222222222,763.7166666666667,5003.171599999405,2.5104000014835037,,,,203,15,,,,,,,,7.0.0,,,STATIC_BASELINE_NOT_FINAL_COMPARISON,True
alns,beeline-car-no-breaks-v1-declared-geography:all,all,PRIMARY,15.0,1,FEASIBLE,4f21d11498707bfda3aff3bccca6551135050a7866c243e1fd8326d83480665f,65c2548387a84e0cbd8a11c19238b1fce7775d216741fccd7ac722a0f7cd5711,ee570c715a0df06f400a3815f8b508637698ad2fa314679ce6539656d9a9cfcf,2026-09-17T13:08:33.515468+00:00,results/raw/baseline-alns-all-15s-1-6f2994e807f6643d.json,100,0,203,0,100.0,20,1025.312,1466.7,2059.1666666666665,10820.0,15,0,413.5833333333333,497.55,660.2,493.5833333333333,740.2,15029.518300001655,1.7010000010486692,17133.565200001613,130.05859375,15812.5,203,15,,,,,,,,7.0.0,,,STATIC_PRIMARY_FRESH_PROCESS,True
alns,beeline-car-no-breaks-v1-declared-geography:all,all,PRIMARY,60.0,1,FEASIBLE,4f21d11498707bfda3aff3bccca6551135050a7866c243e1fd8326d83480665f,65c2548387a84e0cbd8a11c19238b1fce7775d216741fccd7ac722a0f7cd5711,ee570c715a0df06f400a3815f8b508637698ad2fa314679ce6539656d9a9cfcf,2026-09-17T13:26:54.883446+00:00,results/raw/baseline-alns-all-60s-1-70ba017dafec6442.json,100,0,203,0,100.0,20,922.4,1339.2666666666667,1835.0666666666666,10820.0,15,0,374.2055555555556,470.6333333333333,680.5666666666667,454.2055555555556,760.5666666666667,60014.65819999794,2.9429999995045364,62013.80129999961,129.74609375,59843.75,203,15,,,,,,,,7.0.0,,,STATIC_PRIMARY_FRESH_PROCESS,True
alns,beeline-car-no-breaks-v1-declared-geography:east,east,PRIMARY,1,1,FEASIBLE,4f21d11498707bfda3aff3bccca6551135050a7866c243e1fd8326d83480665f,65c2548387a84e0cbd8a11c19238b1fce7775d216741fccd7ac722a0f7cd5711,ee570c715a0df06f400a3815f8b508637698ad2fa314679ce6539656d9a9cfcf,2026-09-17T10:37:00.376695+00:00,results/raw/baseline-alns-east-1s-1-41238ccc602811be.json,100,0,66,0,100.0,7,203.852,352.1,954.1,3560.0,3,0,170.2888888888889,7.733333333333333,500.98333333333335,250.2888888888889,580.9833333333333,1006.6406999994797,0.40520000038668513,,,,66,3,,,,,,,,7.0.0,,,STATIC_BASELINE_NOT_FINAL_COMPARISON,True
alns,beeline-car-no-breaks-v1-declared-geography:east,east,PRIMARY,5,1,FEASIBLE,4f21d11498707bfda3aff3bccca6551135050a7866c243e1fd8326d83480665f,65c2548387a84e0cbd8a11c19238b1fce7775d216741fccd7ac722a0f7cd5711,ee570c715a0df06f400a3815f8b508637698ad2fa314679ce6539656d9a9cfcf,2026-09-17T10:37:02.179101+00:00,results/raw/baseline-alns-east-5s-1-780e0a6303de2248.json,100,0,66,0,100.0,7,201.025,347.81666666666666,960.2166666666667,3560.0,3,0,170.2888888888889,7.733333333333333,500.98333333333335,250.2888888888889,580.9833333333333,5002.060900000288,0.45839999984309543,,,,66,3,,,,,,,,7.0.0,,,STATIC_BASELINE_NOT_FINAL_COMPARISON,True
alns,beeline-car-no-breaks-v1-declared-geography:exact-10,exact-10,PRIMARY,1.0,1,FEASIBLE,4f21d11498707bfda3aff3bccca6551135050a7866c243e1fd8326d83480665f,65c2548387a84e0cbd8a11c19238b1fce7775d216741fccd7ac722a0f7cd5711,ee570c715a0df06f400a3815f8b508637698ad2fa314679ce6539656d9a9cfcf,2026-09-17T10:51:55.847178+00:00,results/raw/baseline-alns-exact-10-1s-1-94fb9cde98faec19.json,100,0,10,0,100.0,4,146.073,155.15,1704.85,490.0,0,0,,,,,,1004.7706999994261,0.25859999914246146,,,,10,0,,,,,,,,7.0.0,,,STATIC_BASELINE_NOT_FINAL_COMPARISON,True
alns,beeline-car-no-breaks-v1-declared-geography:exact-15,exact-15,PRIMARY,1.0,1,FEASIBLE,4f21d11498707bfda3aff3bccca6551135050a7866c243e1fd8326d83480665f,65c2548387a84e0cbd8a11c19238b1fce7775d216741fccd7ac722a0f7cd5711,ee570c715a0df06f400a3815f8b508637698ad2fa314679ce6539656d9a9cfcf,2026-09-17T10:51:56.948256+00:00,results/raw/baseline-alns-exact-15-1s-1-c11ffc948246190b.json,100,0,15,0,100.0,4,211.651,223.0,1687.0,680.0,0,0,,,,,,1006.0463999998319,0.8025999995879829,,,,15,0,,,,,,,,7.0.0,,,STATIC_BASELINE_NOT_FINAL_COMPARISON,True
alns,beeline-car-no-breaks-v1-declared-geography:exact-20,exact-20,PRIMARY,1.0,1,FEASIBLE,4f21d11498707bfda3aff3bccca6551135050a7866c243e1fd8326d83480665f,65c2548387a84e0cbd8a11c19238b1fce7775d216741fccd7ac722a0f7cd5711,ee570c715a0df06f400a3815f8b508637698ad2fa314679ce6539656d9a9cfcf,2026-09-17T10:51:58.074704+00:00,results/raw/baseline-alns-exact-20-1s-1-74e42dff46cf0365.json,100,0,20,0,100.0,5,227.488,251.4,2068.6,960.0,0,0,,,,,,1002.49310000072,0.2798999994411133,,,,20,0,,,,,,,,7.0.0,,,STATIC_BASELINE_NOT_FINAL_COMPARISON,True
alns,beeline-car-no-breaks-v1-declared-geography:exact-5,exact-5,PRIMARY,1.0,1,FEASIBLE,4f21d11498707bfda3aff3bccca6551135050a7866c243e1fd8326d83480665f,65c2548387a84e0cbd8a11c19238b1fce7775d216741fccd7ac722a0f7cd5711,ee570c715a0df06f400a3815f8b508637698ad2fa314679ce6539656d9a9cfcf,2026-09-17T10:51:53.813876+00:00,results/raw/baseline-alns-exact-5-1s-1-e72bc182ea470d7b.json,100,0,5,0,100.0,2,116.674,108.58333333333333,441.4166666666667,310.0,0,0,,,,,,1006.4057999989018,0.11670000094454736,,,,5,0,,,,,,,,7.0.0,,,STATIC_BASELINE_NOT_FINAL_COMPARISON,True
alns,beeline-car-no-breaks-v1-declared-geography:southcentral,southcentral,PRIMARY,1,1,FEASIBLE,4f21d11498707bfda3aff3bccca6551135050a7866c243e1fd8326d83480665f,65c2548387a84e0cbd8a11c19238b1fce7775d216741fccd7ac722a0f7cd5711,ee570c715a0df06f400a3815f8b508637698ad2fa314679ce6539656d9a9cfcf,2026-09-17T10:37:13.459506+00:00,results/raw/baseline-alns-southcentral-1s-1-01a8420b98f908c9.json,100,0,56,0,100.0,5,212.309,362.53333333333336,588.2333333333333,2830.0,0,0,,,,,,1002.9395999990811,0.6078000005800277,,,,56,0,,,,,,,,7.0.0,,,STATIC_BASELINE_NOT_FINAL_COMPARISON,True
alns,beeline-car-no-breaks-v1-declared-geography:southcentral,southcentral,PRIMARY,5,1,FEASIBLE,4f21d11498707bfda3aff3bccca6551135050a7866c243e1fd8326d83480665f,65c2548387a84e0cbd8a11c19238b1fce7775d216741fccd7ac722a0f7cd5711,ee570c715a0df06f400a3815f8b508637698ad2fa314679ce6539656d9a9cfcf,2026-09-17T10:37:14.521517+00:00,results/raw/baseline-alns-southcentral-5s-1-e47037c498762e1e.json,100,0,56,0,100.0,5,179.848,318.68333333333334,619.8833333333333,2830.0,0,0,,,,,,5001.9339000009495,0.40750000152911525,,,,56,0,,,,,,,,7.0.0,,,STATIC_BASELINE_NOT_FINAL_COMPARISON,True
alns,beeline-car-no-breaks-v1-declared-geography:southeast,southeast,PRIMARY,1,1,FEASIBLE,4f21d11498707bfda3aff3bccca6551135050a7866c243e1fd8326d83480665f,65c2548387a84e0cbd8a11c19238b1fce7775d216741fccd7ac722a0f7cd5711,ee570c715a0df06f400a3815f8b508637698ad2fa314679ce6539656d9a9cfcf,2026-09-17T10:37:07.278101+00:00,results/raw/baseline-alns-southeast-1s-1-4a750f0271718d81.json,100,0,81,0,100.0,10,587.475,707.0666666666667,1348.6,4430.0,12,0,417.2055555555556,437.0916666666667,680.5666666666667,497.2055555555556,760.5666666666667,1002.5021999990713,0.6109000005380949,,,,81,12,,,,,,,,7.0.0,,,STATIC_BASELINE_NOT_FINAL_COMPARISON,True
alns,beeline-car-no-breaks-v1-declared-geography:southeast,southeast,PRIMARY,5,1,FEASIBLE,4f21d11498707bfda3aff3bccca6551135050a7866c243e1fd8326d83480665f,65c2548387a84e0cbd8a11c19238b1fce7775d216741fccd7ac722a0f7cd5711,ee570c715a0df06f400a3815f8b508637698ad2fa314679ce6539656d9a9cfcf,2026-09-17T10:37:08.343323+00:00,results/raw/baseline-alns-southeast-5s-1-1f5c4aa6d33393c6.json,100,0,81,0,100.0,9,590.477,713.7666666666667,829.4166666666666,4430.0,12,0,433.78194444444443,476.35,697.2833333333333,513.7819444444444,777.2833333333333,5010.770200000479,0.5572999998548767,,,,81,12,,,,,,,,7.0.0,,,STATIC_BASELINE_NOT_FINAL_COMPARISON,True
cbc,beeline-car-no-breaks-v1-declared-geography:all,all,PRIMARY,1.0,1,FEASIBLE,da6140179905633e0a9882f3ff9083d006f46d469e8c8d18165151938996205b,65c2548387a84e0cbd8a11c19238b1fce7775d216741fccd7ac722a0f7cd5711,ee570c715a0df06f400a3815f8b508637698ad2fa314679ce6539656d9a9cfcf,2026-09-17T12:59:36.686130+00:00,results/raw/baseline-cbc-all-1s-1-8bfd04ccea6b58d0.json,100,0,0,203,0.0,0,0.0,0.0,0.0,0.0,0,15,,,,,,16215.40129999994,0.1669000012043398,17768.08560000063,558.9140625,16703.125,203,15,,,,,,,,2.10.13,,,STATIC_PRIMARY_FRESH_PROCESS,True
cbc,beeline-car-no-breaks-v1-declared-geography:all,all,PRIMARY,5.0,1,FEASIBLE,da6140179905633e0a9882f3ff9083d006f46d469e8c8d18165151938996205b,65c2548387a84e0cbd8a11c19238b1fce7775d216741fccd7ac722a0f7cd5711,ee570c715a0df06f400a3815f8b508637698ad2fa314679ce6539656d9a9cfcf,2026-09-17T13:01:12.613755+00:00,results/raw/baseline-cbc-all-5s-1-9b483f8a497215a5.json,100,0,0,203,0.0,0,0.0,0.0,0.0,0.0,0,15,,,,,,14694.579899998644,0.16069999765022658,16145.633500000258,575.19921875,15484.375,203,15,,,,,,,,2.10.13,,,STATIC_PRIMARY_FRESH_PROCESS,True
cbc,beeline-car-no-breaks-v1-declared-geography:all,all,PRIMARY,15.0,1,FEASIBLE,da6140179905633e0a9882f3ff9083d006f46d469e8c8d18165151938996205b,65c2548387a84e0cbd8a11c19238b1fce7775d216741fccd7ac722a0f7cd5711,ee570c715a0df06f400a3815f8b508637698ad2fa314679ce6539656d9a9cfcf,2026-09-17T13:09:31.539453+00:00,results/raw/baseline-cbc-all-15s-1-ba35f5e5f8d5195f.json,100,0,0,203,0.0,0,0.0,0.0,0.0,0.0,0,15,,,,,,29133.1199999986,0.17330000264337286,30628.93729999996,593.4296875,29734.375,203,15,,,,,,,,2.10.13,,,STATIC_PRIMARY_FRESH_PROCESS,True
cbc,beeline-car-no-breaks-v1-declared-geography:all,all,PRIMARY,60.0,1,FEASIBLE,da6140179905633e0a9882f3ff9083d006f46d469e8c8d18165151938996205b,65c2548387a84e0cbd8a11c19238b1fce7775d216741fccd7ac722a0f7cd5711,ee570c715a0df06f400a3815f8b508637698ad2fa314679ce6539656d9a9cfcf,2026-09-17T13:30:11.839696+00:00,results/raw/baseline-cbc-all-60s-1-605d6c64d80d9627.json,100,0,0,203,0.0,0,0.0,0.0,0.0,0.0,0,15,,,,,,75273.84929999971,0.21289999858709052,77162.61370000211,703.83203125,73421.875,203,15,,,,,,,,2.10.13,,,STATIC_PRIMARY_FRESH_PROCESS,True
cbc,beeline-car-no-breaks-v1-declared-geography:east,east,PRIMARY,1,1,FEASIBLE,da6140179905633e0a9882f3ff9083d006f46d469e8c8d18165151938996205b,65c2548387a84e0cbd8a11c19238b1fce7775d216741fccd7ac722a0f7cd5711,ee570c715a0df06f400a3815f8b508637698ad2fa314679ce6539656d9a9cfcf,2026-09-17T11:07:17.469409+00:00,results/raw/baseline-cbc-east-1s-1-8d458db0ff02edab.json,100,0,0,66,0.0,0,0.0,0.0,0.0,0.0,0,3,,,,,,3338.9629000012064,0.09750000026542693,,,,66,3,,,,,,,,2.10.13,,,STATIC_BASELINE_NOT_FINAL_COMPARISON,True
cbc,beeline-car-no-breaks-v1-declared-geography:east,east,PRIMARY,5,1,FEASIBLE,da6140179905633e0a9882f3ff9083d006f46d469e8c8d18165151938996205b,65c2548387a84e0cbd8a11c19238b1fce7775d216741fccd7ac722a0f7cd5711,ee570c715a0df06f400a3815f8b508637698ad2fa314679ce6539656d9a9cfcf,2026-09-17T11:07:20.990861+00:00,results/raw/baseline-cbc-east-5s-1-fa0602b5d523da5d.json,100,0,0,66,0.0,0,0.0,0.0,0.0,0.0,0,3,,,,,,8780.082699999184,0.1126000024669338,,,,66,3,,,,,,,,2.10.13,,,STATIC_BASELINE_NOT_FINAL_COMPARISON,True
cbc,beeline-car-no-breaks-v1-declared-geography:exact-10,exact-10,PRIMARY,5.0,1,OPTIMAL,da6140179905633e0a9882f3ff9083d006f46d469e8c8d18165151938996205b,65c2548387a84e0cbd8a11c19238b1fce7775d216741fccd7ac722a0f7cd5711,ee570c715a0df06f400a3815f8b508637698ad2fa314679ce6539656d9a9cfcf,2026-09-17T11:08:28.583832+00:00,results/raw/baseline-cbc-exact-10-5s-1-7b4f619c24e6f8b4.json,100,0,10,0,100.0,4,146.073,155.15,1824.85,490.0,0,0,,,,,,74.08100000247941,0.08890000026440248,,,,10,0,,,,,,,,2.10.13,,,STATIC_BASELINE_NOT_FINAL_COMPARISON,True
cbc,beeline-car-no-breaks-v1-declared-geography:exact-15,exact-15,PRIMARY,5.0,1,OPTIMAL,da6140179905633e0a9882f3ff9083d006f46d469e8c8d18165151938996205b,65c2548387a84e0cbd8a11c19238b1fce7775d216741fccd7ac722a0f7cd5711,ee570c715a0df06f400a3815f8b508637698ad2fa314679ce6539656d9a9cfcf,2026-09-17T11:08:28.709918+00:00,results/raw/baseline-cbc-exact-15-5s-1-e59ab46bfada89f3.json,100,0,15,0,100.0,4,211.651,223.0,1687.0,680.0,0,0,,,,,,168.57270000036806,0.1593000015418511,,,,15,0,,,,,,,,2.10.13,,,STATIC_BASELINE_NOT_FINAL_COMPARISON,True
cbc,beeline-car-no-breaks-v1-declared-geography:exact-20,exact-20,PRIMARY,5.0,1,FEASIBLE,da6140179905633e0a9882f3ff9083d006f46d469e8c8d18165151938996205b,65c2548387a84e0cbd8a11c19238b1fce7775d216741fccd7ac722a0f7cd5711,ee570c715a0df06f400a3815f8b508637698ad2fa314679ce6539656d9a9cfcf,2026-09-17T11:08:28.933202+00:00,results/raw/baseline-cbc-exact-20-5s-1-1193981dc1fe2307.json,100,0,20,0,100.0,5,225.868,248.86666666666667,2171.133333333333,960.0,0,0,,,,,,5137.222499997733,0.20710000171675347,,,,20,0,,,,,,,,2.10.13,,,STATIC_BASELINE_NOT_FINAL_COMPARISON,True
cbc,beeline-car-no-breaks-v1-declared-geography:exact-5,exact-5,PRIMARY,5.0,1,OPTIMAL,da6140179905633e0a9882f3ff9083d006f46d469e8c8d18165151938996205b,65c2548387a84e0cbd8a11c19238b1fce7775d216741fccd7ac722a0f7cd5711,ee570c715a0df06f400a3815f8b508637698ad2fa314679ce6539656d9a9cfcf,2026-09-17T11:08:28.170936+00:00,results/raw/baseline-cbc-exact-5-5s-1-573c6bb5b57f63fa.json,100,0,5,0,100.0,2,116.674,108.58333333333333,561.4166666666666,310.0,0,0,,,,,,281.60229999775765,0.07030000051599927,,,,5,0,,,,,,,,2.10.13,,,STATIC_BASELINE_NOT_FINAL_COMPARISON,True
cbc,beeline-car-no-breaks-v1-declared-geography:southcentral,southcentral,PRIMARY,1,1,FEASIBLE,da6140179905633e0a9882f3ff9083d006f46d469e8c8d18165151938996205b,65c2548387a84e0cbd8a11c19238b1fce7775d216741fccd7ac722a0f7cd5711,ee570c715a0df06f400a3815f8b508637698ad2fa314679ce6539656d9a9cfcf,2026-09-17T11:07:49.279426+00:00,results/raw/baseline-cbc-southcentral-1s-1-7fa06c3560622e6f.json,100,0,0,56,0.0,0,0.0,0.0,0.0,0.0,0,0,,,,,,3185.505000001285,0.09760000102687627,,,,56,0,,,,,,,,2.10.13,,,STATIC_BASELINE_NOT_FINAL_COMPARISON,True
cbc,beeline-car-no-breaks-v1-declared-geography:southcentral,southcentral,PRIMARY,5,1,FEASIBLE,da6140179905633e0a9882f3ff9083d006f46d469e8c8d18165151938996205b,65c2548387a84e0cbd8a11c19238b1fce7775d216741fccd7ac722a0f7cd5711,ee570c715a0df06f400a3815f8b508637698ad2fa314679ce6539656d9a9cfcf,2026-09-17T11:07:52.570026+00:00,results/raw/baseline-cbc-southcentral-5s-1-49e9dcee29298dd0.json,100,0,0,56,0.0,0,0.0,0.0,0.0,0.0,0,0,,,,,,7394.056699999055,0.0932000002649147,,,,56,0,,,,,,,,2.10.13,,,STATIC_BASELINE_NOT_FINAL_COMPARISON,True
cbc,beeline-car-no-breaks-v1-declared-geography:southeast,southeast,PRIMARY,1,1,FEASIBLE,da6140179905633e0a9882f3ff9083d006f46d469e8c8d18165151938996205b,65c2548387a84e0cbd8a11c19238b1fce7775d216741fccd7ac722a0f7cd5711,ee570c715a0df06f400a3815f8b508637698ad2fa314679ce6539656d9a9cfcf,2026-09-17T11:07:29.950549+00:00,results/raw/baseline-cbc-southeast-1s-1-fc3ae9742efe028e.json,100,0,0,81,0.0,0,0.0,0.0,0.0,0.0,0,12,,,,,,8871.15559999802,0.1263999984075781,,,,81,12,,,,,,,,2.10.13,,,STATIC_BASELINE_NOT_FINAL_COMPARISON,True
cbc,beeline-car-no-breaks-v1-declared-geography:southeast,southeast,PRIMARY,5,1,FEASIBLE,da6140179905633e0a9882f3ff9083d006f46d469e8c8d18165151938996205b,65c2548387a84e0cbd8a11c19238b1fce7775d216741fccd7ac722a0f7cd5711,ee570c715a0df06f400a3815f8b508637698ad2fa314679ce6539656d9a9cfcf,2026-09-17T11:07:38.982394+00:00,results/raw/baseline-cbc-southeast-5s-1-8ef268568ea5e4f1.json,100,0,0,81,0.0,0,0.0,0.0,0.0,0.0,0,12,,,,,,10104.838400002336,0.11620000077527948,,,,81,12,,,,,,,,2.10.13,,,STATIC_BASELINE_NOT_FINAL_COMPARISON,True
choco,beeline-car-no-breaks-v1-declared-geography:all,all,PRIMARY,1.0,1,NO_SOLUTION_FOUND,1489f7211a5d836aadda433263043e140fcf0e13b330a0a4c589a460711fc02a,65c2548387a84e0cbd8a11c19238b1fce7775d216741fccd7ac722a0f7cd5711,ee570c715a0df06f400a3815f8b508637698ad2fa314679ce6539656d9a9cfcf,2026-09-17T12:59:54.685972+00:00,results/raw/baseline-choco-all-1s-1-8f1e0252405f00dd.json,0,,,,,,,,,,,,,,,,,4139.247299997805,,4573.625999997603,527.00390625,14078.125,203,,,,,,,,,6.0.1,,,STATIC_PRIMARY_FRESH_PROCESS,False
choco,beeline-car-no-breaks-v1-declared-geography:all,all,PRIMARY,5.0,1,NO_SOLUTION_FOUND,1489f7211a5d836aadda433263043e140fcf0e13b330a0a4c589a460711fc02a,65c2548387a84e0cbd8a11c19238b1fce7775d216741fccd7ac722a0f7cd5711,ee570c715a0df06f400a3815f8b508637698ad2fa314679ce6539656d9a9cfcf,2026-09-17T13:01:28.949949+00:00,results/raw/baseline-choco-all-5s-1-684058a99e0f4090.json,0,,,,,,,,,,,,,,,,,10424.106199996459,,10871.250999996846,533.94140625,22953.125,203,,,,,,,,,6.0.1,,,STATIC_PRIMARY_FRESH_PROCESS,False
choco,beeline-car-no-breaks-v1-declared-geography:all,all,PRIMARY,15.0,1,NO_SOLUTION_FOUND,d906f4ec5e2fe58b7c0c3f56f3882474b4d5131d548c7322deb22e7709f36e07,65c2548387a84e0cbd8a11c19238b1fce7775d216741fccd7ac722a0f7cd5711,ee570c715a0df06f400a3815f8b508637698ad2fa314679ce6539656d9a9cfcf,2026-09-17T13:10:02.312129+00:00,results/raw/baseline-choco-all-15s-1-c1f618a0a06adb28.json,0,,,,,,,,,,,,,,,,,17651.492699998926,,18017.978399999265,519.3515625,26437.5,203,,,,,,,,,6.0.1,,,STATIC_PRIMARY_FRESH_PROCESS,False
choco,beeline-car-no-breaks-v1-declared-geography:all,all,PRIMARY,60.0,1,NO_SOLUTION_FOUND,2528b8ff370cda70eb9a5b24cece6aa37fbc9ff45556ab9ba7499e260a1d0d5e,65c2548387a84e0cbd8a11c19238b1fce7775d216741fccd7ac722a0f7cd5711,ee570c715a0df06f400a3815f8b508637698ad2fa314679ce6539656d9a9cfcf,2026-09-17T13:31:29.155356+00:00,results/raw/baseline-choco-all-60s-1-0e645a1e4dae4305.json,0,,,,,,,,,,,,,,,,,63298.74800000107,,63682.942499999626,522.046875,70734.375,203,,,,,,,,,6.0.1,,,STATIC_PRIMARY_FRESH_PROCESS,False
choco,beeline-car-no-breaks-v1-declared-geography:east,east,PRIMARY,1.0,1,RUNTIME_ERROR,1e02c56b903d77a6e16ae0fe67aaa9d61b8c6e1234b4b65b1655d5c57ccd2a91,65c2548387a84e0cbd8a11c19238b1fce7775d216741fccd7ac722a0f7cd5711,ee570c715a0df06f400a3815f8b508637698ad2fa314679ce6539656d9a9cfcf,2026-09-17T12:53:48.355086+00:00,results/raw/baseline-choco-east-1s-1-deb9f48d9f94d2f4.json,0,,,,,,,,,,,,,,,,,,,,,,66,,,,,,,,,,,,STATIC_BASELINE_NOT_FINAL_COMPARISON,False
choco,beeline-car-no-breaks-v1-declared-geography:east,east,PRIMARY,5.0,1,RUNTIME_ERROR,1e02c56b903d77a6e16ae0fe67aaa9d61b8c6e1234b4b65b1655d5c57ccd2a91,65c2548387a84e0cbd8a11c19238b1fce7775d216741fccd7ac722a0f7cd5711,ee570c715a0df06f400a3815f8b508637698ad2fa314679ce6539656d9a9cfcf,2026-09-17T12:53:55.677590+00:00,results/raw/baseline-choco-east-5s-1-09c1800da4c0824c.json,0,,,,,,,,,,,,,,,,,,,,,,66,,,,,,,,,,,,STATIC_BASELINE_NOT_FINAL_COMPARISON,False
choco,beeline-car-no-breaks-v1-declared-geography:exact-10,exact-10,PRIMARY,5.0,1,FEASIBLE,d906f4ec5e2fe58b7c0c3f56f3882474b4d5131d548c7322deb22e7709f36e07,65c2548387a84e0cbd8a11c19238b1fce7775d216741fccd7ac722a0f7cd5711,ee570c715a0df06f400a3815f8b508637698ad2fa314679ce6539656d9a9cfcf,2026-09-17T13:03:45.622498+00:00,results/raw/baseline-choco-exact-10-5s-1-8c98e846dcc9d975.json,100,0,10,0,100.0,9,281.265,258.25,2805.8,490.0,0,0,,,,,,5933.042199998454,0.234800001635449,6221.192000000883,199.44140625,10437.5,10,0,,,,,,,,6.0.1,,,STATIC_PRIMARY_FRESH_PROCESS,True
choco,beeline-car-no-breaks-v1-declared-geography:exact-15,exact-15,PRIMARY,5.0,1,NO_SOLUTION_FOUND,d906f4ec5e2fe58b7c0c3f56f3882474b4d5131d548c7322deb22e7709f36e07,65c2548387a84e0cbd8a11c19238b1fce7775d216741fccd7ac722a0f7cd5711,ee570c715a0df06f400a3815f8b508637698ad2fa314679ce6539656d9a9cfcf,2026-09-17T13:04:06.631151+00:00,results/raw/baseline-choco-exact-15-5s-1-afc89151282ea9ac.json,0,,,,,,,,,,,,,,,,,6698.494799999025,,7447.467499998311,175.94921875,9015.625,15,,,,,,,,,6.0.1,,,STATIC_PRIMARY_FRESH_PROCESS,False
choco,beeline-car-no-breaks-v1-declared-geography:exact-20,exact-20,PRIMARY,5.0,1,NO_SOLUTION_FOUND,d906f4ec5e2fe58b7c0c3f56f3882474b4d5131d548c7322deb22e7709f36e07,65c2548387a84e0cbd8a11c19238b1fce7775d216741fccd7ac722a0f7cd5711,ee570c715a0df06f400a3815f8b508637698ad2fa314679ce6539656d9a9cfcf,2026-09-17T13:04:35.074119+00:00,results/raw/baseline-choco-exact-20-5s-1-1977577e5f816b2c.json,0,,,,,,,,,,,,,,,,,8044.632500001171,,9513.803600002575,151.79296875,7218.75,20,,,,,,,,,6.0.1,,,STATIC_PRIMARY_FRESH_PROCESS,False
choco,beeline-car-no-breaks-v1-declared-geography:exact-5,exact-5,PRIMARY,5.0,1,FEASIBLE,d906f4ec5e2fe58b7c0c3f56f3882474b4d5131d548c7322deb22e7709f36e07,65c2548387a84e0cbd8a11c19238b1fce7775d216741fccd7ac722a0f7cd5711,ee570c715a0df06f400a3815f8b508637698ad2fa314679ce6539656d9a9cfcf,2026-09-17T13:03:23.737829+00:00,results/raw/baseline-choco-exact-5-5s-1-8e5241cd9d4423f7.json,100,0,5,0,100.0,2,119.184,111.75,438.25,310.0,0,0,,,,,,5852.887400000327,0.27769999724114314,6160.913800002163,184.421875,8796.875,5,0,,,,,,,,6.0.1,,,STATIC_PRIMARY_FRESH_PROCESS,True
choco,beeline-car-no-breaks-v1-declared-geography:southcentral,southcentral,PRIMARY,1.0,1,NO_SOLUTION_FOUND,1e02c56b903d77a6e16ae0fe67aaa9d61b8c6e1234b4b65b1655d5c57ccd2a91,65c2548387a84e0cbd8a11c19238b1fce7775d216741fccd7ac722a0f7cd5711,ee570c715a0df06f400a3815f8b508637698ad2fa314679ce6539656d9a9cfcf,2026-09-17T12:54:13.210735+00:00,results/raw/baseline-choco-southcentral-1s-1-44bca3519d756980.json,0,,,,,,,,,,,,,,,,,5679.76980000094,,,,,56,,,,,,,,,6.0.1,,,STATIC_BASELINE_NOT_FINAL_COMPARISON,False
choco,beeline-car-no-breaks-v1-declared-geography:southcentral,southcentral,PRIMARY,5.0,1,NO_SOLUTION_FOUND,1e02c56b903d77a6e16ae0fe67aaa9d61b8c6e1234b4b65b1655d5c57ccd2a91,65c2548387a84e0cbd8a11c19238b1fce7775d216741fccd7ac722a0f7cd5711,ee570c715a0df06f400a3815f8b508637698ad2fa314679ce6539656d9a9cfcf,2026-09-17T12:54:18.974140+00:00,results/raw/baseline-choco-southcentral-5s-1-d366e3f67a387860.json,0,,,,,,,,,,,,,,,,,8662.18100000333,,,,,56,,,,,,,,,6.0.1,,,STATIC_BASELINE_NOT_FINAL_COMPARISON,False
choco,beeline-car-no-breaks-v1-declared-geography:southeast,southeast,PRIMARY,1.0,1,NO_SOLUTION_FOUND,1e02c56b903d77a6e16ae0fe67aaa9d61b8c6e1234b4b65b1655d5c57ccd2a91,65c2548387a84e0cbd8a11c19238b1fce7775d216741fccd7ac722a0f7cd5711,ee570c715a0df06f400a3815f8b508637698ad2fa314679ce6539656d9a9cfcf,2026-09-17T12:54:02.137936+00:00,results/raw/baseline-choco-southeast-1s-1-7b744cb022768dc0.json,0,,,,,,,,,,,,,,,,,3218.7486000002536,,,,,81,,,,,,,,,6.0.1,,,STATIC_BASELINE_NOT_FINAL_COMPARISON,False
choco,beeline-car-no-breaks-v1-declared-geography:southeast,southeast,PRIMARY,5.0,1,NO_SOLUTION_FOUND,1e02c56b903d77a6e16ae0fe67aaa9d61b8c6e1234b4b65b1655d5c57ccd2a91,65c2548387a84e0cbd8a11c19238b1fce7775d216741fccd7ac722a0f7cd5711,ee570c715a0df06f400a3815f8b508637698ad2fa314679ce6539656d9a9cfcf,2026-09-17T12:54:05.422992+00:00,results/raw/baseline-choco-southeast-5s-1-08c0199e0d95b097.json,0,,,,,,,,,,,,,,,,,7697.816600000806,,,,,81,,,,,,,,,6.0.1,,,STATIC_BASELINE_NOT_FINAL_COMPARISON,False
cpsat,beeline-car-no-breaks-v1-declared-geography:all,all,PRIMARY,1.0,1,NO_SOLUTION_FOUND,4d161a14342fd76b275b2a2b86831818acd4dec3d7cbfb1242c2524d32a0150d,65c2548387a84e0cbd8a11c19238b1fce7775d216741fccd7ac722a0f7cd5711,ee570c715a0df06f400a3815f8b508637698ad2fa314679ce6539656d9a9cfcf,2026-09-17T12:59:22.873030+00:00,results/raw/baseline-cpsat-all-1s-1-3094715606c8da48.json,0,,,,,,,,,,,,,,,,,6654.082599998219,,7505.806500001199,242.1953125,7203.125,203,,,,,,,,,9.15.6755,0.0,,STATIC_PRIMARY_FRESH_PROCESS,False
cpsat,beeline-car-no-breaks-v1-declared-geography:all,all,PRIMARY,5.0,1,NO_SOLUTION_FOUND,4d161a14342fd76b275b2a2b86831818acd4dec3d7cbfb1242c2524d32a0150d,65c2548387a84e0cbd8a11c19238b1fce7775d216741fccd7ac722a0f7cd5711,ee570c715a0df06f400a3815f8b508637698ad2fa314679ce6539656d9a9cfcf,2026-09-17T13:00:51.315338+00:00,results/raw/baseline-cpsat-all-5s-1-1a4becc03c01c53d.json,0,,,,,,,,,,,,,,,,,11022.477399998024,,11757.977299999766,314.640625,11296.875,203,,,,,,,,,9.15.6755,0.0,,STATIC_PRIMARY_FRESH_PROCESS,False
cpsat,beeline-car-no-breaks-v1-declared-geography:all,all,PRIMARY,15.0,1,NO_SOLUTION_FOUND,4d161a14342fd76b275b2a2b86831818acd4dec3d7cbfb1242c2524d32a0150d,65c2548387a84e0cbd8a11c19238b1fce7775d216741fccd7ac722a0f7cd5711,ee570c715a0df06f400a3815f8b508637698ad2fa314679ce6539656d9a9cfcf,2026-09-17T13:08:50.672769+00:00,results/raw/baseline-cpsat-all-15s-1-3b04de16d8d89882.json,0,,,,,,,,,,,,,,,,,20779.42500000063,,21624.4764999974,311.46875,19203.125,203,,,,,,,,,9.15.6755,0.0,,STATIC_PRIMARY_FRESH_PROCESS,False
cpsat,beeline-car-no-breaks-v1-declared-geography:all,all,PRIMARY,60.0,1,FEASIBLE,4d161a14342fd76b275b2a2b86831818acd4dec3d7cbfb1242c2524d32a0150d,65c2548387a84e0cbd8a11c19238b1fce7775d216741fccd7ac722a0f7cd5711,ee570c715a0df06f400a3815f8b508637698ad2fa314679ce6539656d9a9cfcf,2026-09-17T13:27:57.297606+00:00,results/raw/baseline-cpsat-all-60s-1-d3c32bcfd8146708.json,100,0,1,202,0.49261083743842365,1,1.855,3.5,656.5,20.0,0,15,,,,,,66970.91980000187,0.29880000147386454,68422.3665999998,463.70703125,65468.75,203,15,,,,,,,,9.15.6755,-861959384.0,1.0049478580308027,STATIC_PRIMARY_FRESH_PROCESS,True
cpsat,beeline-car-no-breaks-v1-declared-geography:east,east,PRIMARY,1,1,NO_SOLUTION_FOUND,744a71a2ae75df01f65fb0821540e11d469fba1aea6ef6daf8647df7a2035472,65c2548387a84e0cbd8a11c19238b1fce7775d216741fccd7ac722a0f7cd5711,ee570c715a0df06f400a3815f8b508637698ad2fa314679ce6539656d9a9cfcf,2026-09-17T10:35:09.872661+00:00,results/raw/baseline-cpsat-east-1s-1-5bad93b9627b961d.json,0,,,,,,,,,,,,,,,,,3259.3108999990363,,,,,66,,,,,,,,,9.15.6755,0.0,,STATIC_BASELINE_NOT_FINAL_COMPARISON,False
cpsat,beeline-car-no-breaks-v1-declared-geography:east,east,PRIMARY,5,1,NO_SOLUTION_FOUND,744a71a2ae75df01f65fb0821540e11d469fba1aea6ef6daf8647df7a2035472,65c2548387a84e0cbd8a11c19238b1fce7775d216741fccd7ac722a0f7cd5711,ee570c715a0df06f400a3815f8b508637698ad2fa314679ce6539656d9a9cfcf,2026-09-17T10:35:13.336217+00:00,results/raw/baseline-cpsat-east-5s-1-bf9b6aa9f288bfb7.json,0,,,,,,,,,,,,,,,,,6880.4925000004005,,,,,66,,,,,,,,,9.15.6755,0.0,,STATIC_BASELINE_NOT_FINAL_COMPARISON,False
cpsat,beeline-car-no-breaks-v1-declared-geography:exact-10,exact-10,PRIMARY,5.0,1,OPTIMAL,27de98d408bfd453077ed3a271986b5d1b04794effdfd9c46ce5d16ba00c7bb7,65c2548387a84e0cbd8a11c19238b1fce7775d216741fccd7ac722a0f7cd5711,ee570c715a0df06f400a3815f8b508637698ad2fa314679ce6539656d9a9cfcf,2026-09-17T10:46:54.672426+00:00,results/raw/baseline-cpsat-exact-10-5s-1-6182268e186d4436.json,100,0,10,0,100.0,4,146.073,155.15,1924.85,490.0,0,0,,,,,,88.43780000097468,0.11789999916800298,,,,10,0,,,,,,,,9.15.6755,4865837.0,0.0,STATIC_BASELINE_NOT_FINAL_COMPARISON,True
cpsat,beeline-car-no-breaks-v1-declared-geography:exact-15,exact-15,PRIMARY,5.0,1,OPTIMAL,27de98d408bfd453077ed3a271986b5d1b04794effdfd9c46ce5d16ba00c7bb7,65c2548387a84e0cbd8a11c19238b1fce7775d216741fccd7ac722a0f7cd5711,ee570c715a0df06f400a3815f8b508637698ad2fa314679ce6539656d9a9cfcf,2026-09-17T10:46:54.829589+00:00,results/raw/baseline-cpsat-exact-15-5s-1-337834fdec56dfb4.json,100,0,15,0,100.0,4,211.651,223.0,1877.0,680.0,0,0,,,,,,3151.767600000312,0.1998999996430939,,,,15,0,,,,,,,,9.15.6755,7291295.0,0.0,STATIC_BASELINE_NOT_FINAL_COMPARISON,True
cpsat,beeline-car-no-breaks-v1-declared-geography:exact-20,exact-20,PRIMARY,5.0,1,FEASIBLE,27de98d408bfd453077ed3a271986b5d1b04794effdfd9c46ce5d16ba00c7bb7,65c2548387a84e0cbd8a11c19238b1fce7775d216741fccd7ac722a0f7cd5711,ee570c715a0df06f400a3815f8b508637698ad2fa314679ce6539656d9a9cfcf,2026-09-17T10:46:58.048419+00:00,results/raw/baseline-cpsat-exact-20-5s-1-cdf1f0ec4918bc90.json,100,0,20,0,100.0,5,270.962,287.4,2132.6666666666665,960.0,0,0,,,,,,5060.44429999929,0.18979999913426582,,,,20,0,,,,,,,,9.15.6755,-752277789.0,63.324350949726714,STATIC_BASELINE_NOT_FINAL_COMPARISON,True
cpsat,beeline-car-no-breaks-v1-declared-geography:exact-5,exact-5,PRIMARY,5.0,1,OPTIMAL,27de98d408bfd453077ed3a271986b5d1b04794effdfd9c46ce5d16ba00c7bb7,65c2548387a84e0cbd8a11c19238b1fce7775d216741fccd7ac722a0f7cd5711,ee570c715a0df06f400a3815f8b508637698ad2fa314679ce6539656d9a9cfcf,2026-09-17T10:46:53.585750+00:00,results/raw/baseline-cpsat-exact-5-5s-1-94c5f6719088484f.json,100,0,5,0,100.0,2,116.674,108.58333333333333,561.4166666666666,310.0,0,0,,,,,,906.2647000009747,0.08960000013757963,,,,5,0,,,,,,,,9.15.6755,1296616.0,0.0,STATIC_BASELINE_NOT_FINAL_COMPARISON,True
cpsat,beeline-car-no-breaks-v1-declared-geography:southcentral,southcentral,PRIMARY,1,1,NO_SOLUTION_FOUND,744a71a2ae75df01f65fb0821540e11d469fba1aea6ef6daf8647df7a2035472,65c2548387a84e0cbd8a11c19238b1fce7775d216741fccd7ac722a0f7cd5711,ee570c715a0df06f400a3815f8b508637698ad2fa314679ce6539656d9a9cfcf,2026-09-17T10:35:32.381490+00:00,results/raw/baseline-cpsat-southcentral-1s-1-c283e0f85d1a5017.json,0,,,,,,,,,,,,,,,,,2517.2695000001113,,,,,56,,,,,,,,,9.15.6755,0.0,,STATIC_BASELINE_NOT_FINAL_COMPARISON,False
cpsat,beeline-car-no-breaks-v1-declared-geography:southcentral,southcentral,PRIMARY,5,1,NO_SOLUTION_FOUND,744a71a2ae75df01f65fb0821540e11d469fba1aea6ef6daf8647df7a2035472,65c2548387a84e0cbd8a11c19238b1fce7775d216741fccd7ac722a0f7cd5711,ee570c715a0df06f400a3815f8b508637698ad2fa314679ce6539656d9a9cfcf,2026-09-17T10:35:34.996522+00:00,results/raw/baseline-cpsat-southcentral-5s-1-8b50c148854fae71.json,0,,,,,,,,,,,,,,,,,6337.2873999996955,,,,,56,,,,,,,,,9.15.6755,0.0,,STATIC_BASELINE_NOT_FINAL_COMPARISON,False
cpsat,beeline-car-no-breaks-v1-declared-geography:southeast,southeast,PRIMARY,1,1,NO_SOLUTION_FOUND,744a71a2ae75df01f65fb0821540e11d469fba1aea6ef6daf8647df7a2035472,65c2548387a84e0cbd8a11c19238b1fce7775d216741fccd7ac722a0f7cd5711,ee570c715a0df06f400a3815f8b508637698ad2fa314679ce6539656d9a9cfcf,2026-09-17T10:35:20.344958+00:00,results/raw/baseline-cpsat-southeast-1s-1-800af4a97655037c.json,0,,,,,,,,,,,,,,,,,3928.4473000006983,,,,,81,,,,,,,,,9.15.6755,0.0,,STATIC_BASELINE_NOT_FINAL_COMPARISON,False
cpsat,beeline-car-no-breaks-v1-declared-geography:southeast,southeast,PRIMARY,5,1,NO_SOLUTION_FOUND,744a71a2ae75df01f65fb0821540e11d469fba1aea6ef6daf8647df7a2035472,65c2548387a84e0cbd8a11c19238b1fce7775d216741fccd7ac722a0f7cd5711,ee570c715a0df06f400a3815f8b508637698ad2fa314679ce6539656d9a9cfcf,2026-09-17T10:35:24.387000+00:00,results/raw/baseline-cpsat-southeast-5s-1-fd12d041f5a2176d.json,0,,,,,,,,,,,,,,,,,7851.4176000007865,,,,,81,,,,,,,,,9.15.6755,0.0,,STATIC_BASELINE_NOT_FINAL_COMPARISON,False
jsprit,beeline-car-no-breaks-v1-declared-geography:all,all,PRIMARY,1.0,1,FEASIBLE,ca402ede4d5ae274b45690c283441bbe530d7c5d76396ad0fe5ca5f948c18f15,65c2548387a84e0cbd8a11c19238b1fce7775d216741fccd7ac722a0f7cd5711,ee570c715a0df06f400a3815f8b508637698ad2fa314679ce6539656d9a9cfcf,2026-09-17T12:59:00.577772+00:00,results/raw/baseline-jsprit-all-1s-1-be0782c976a1e6dd.json,100,0,203,0,100.0,24,1154.62,1549.6,3739.5333333333333,10820.0,15,0,404.3355555555556,472.56666666666666,644.8333333333334,484.3355555555556,724.8333333333334,15323.104300001432,1.9386999993002973,15808.4368000018,298.59375,21375.0,203,15,,,,,,,,2.0.0,,,STATIC_PRIMARY_FRESH_PROCESS,True
jsprit,beeline-car-no-breaks-v1-declared-geography:all,all,PRIMARY,1.0,2,FEASIBLE,f6c78d4e67ba8635aa2e8e7b9c3a9990e7266a7d4d54edfbfdfbd65c37ac036e,65c2548387a84e0cbd8a11c19238b1fce7775d216741fccd7ac722a0f7cd5711,ee570c715a0df06f400a3815f8b508637698ad2fa314679ce6539656d9a9cfcf,2026-09-17T13:10:42.228880+00:00,results/raw/baseline-jsprit-all-1s-2-db06971839b622bf.json,100,0,203,0,100.0,23,1659.286,1999.4666666666667,3111.2166666666667,10820.0,15,0,376.93444444444447,417.3,680.5666666666667,456.93444444444447,760.5666666666667,14441.183999999339,2.0825999999942724,14775.959499998862,299.2265625,19937.5,203,15,,,,,,,,2.0.0,,,STATIC_PRIMARY_FRESH_PROCESS,True
jsprit,beeline-car-no-breaks-v1-declared-geography:all,all,PRIMARY,1.0,3,FEASIBLE,f6c78d4e67ba8635aa2e8e7b9c3a9990e7266a7d4d54edfbfdfbd65c37ac036e,65c2548387a84e0cbd8a11c19238b1fce7775d216741fccd7ac722a0f7cd5711,ee570c715a0df06f400a3815f8b508637698ad2fa314679ce6539656d9a9cfcf,2026-09-17T13:10:57.099281+00:00,results/raw/baseline-jsprit-all-1s-3-79467474a965e84b.json,100,0,203,0,100.0,24,1600.131,1971.0,3274.2833333333333,10820.0,15,0,428.28444444444443,487.5833333333333,696.4666666666667,508.28444444444443,776.4666666666667,13523.436400002538,2.0924000018567313,13760.225800000626,298.8203125,19109.375,203,15,,,,,,,,2.0.0,,,STATIC_PRIMARY_FRESH_PROCESS,True
jsprit,beeline-car-no-breaks-v1-declared-geography:all,all,PRIMARY,1.0,4,FEASIBLE,f6c78d4e67ba8635aa2e8e7b9c3a9990e7266a7d4d54edfbfdfbd65c37ac036e,65c2548387a84e0cbd8a11c19238b1fce7775d216741fccd7ac722a0f7cd5711,ee570c715a0df06f400a3815f8b508637698ad2fa314679ce6539656d9a9cfcf,2026-09-17T13:11:11.018765+00:00,results/raw/baseline-jsprit-all-1s-4-8dde3326cd28e3f4.json,100,0,203,0,100.0,24,1170.161,1611.8833333333334,3996.4,10820.0,15,0,411.5188888888889,470.8666666666667,682.2166666666667,491.5188888888889,762.2166666666667,14728.869599999598,2.213399999163812,14977.216600000247,297.05859375,20000.0,203,15,,,,,,,,2.0.0,,,STATIC_PRIMARY_FRESH_PROCESS,True
jsprit,beeline-car-no-breaks-v1-declared-geography:all,all,PRIMARY,1.0,5,FEASIBLE,f6c78d4e67ba8635aa2e8e7b9c3a9990e7266a7d4d54edfbfdfbd65c37ac036e,65c2548387a84e0cbd8a11c19238b1fce7775d216741fccd7ac722a0f7cd5711,ee570c715a0df06f400a3815f8b508637698ad2fa314679ce6539656d9a9cfcf,2026-09-17T13:11:26.135909+00:00,results/raw/baseline-jsprit-all-1s-5-94fb59c474740856.json,100,0,203,0,100.0,22,1256.824,1707.9,2585.8,10820.0,15,0,417.7311111111111,487.1666666666667,697.2833333333333,497.7311111111111,777.2833333333333,13977.691299998696,2.080599999317201,14278.810699997848,300.6171875,20078.125,203,15,,,,,,,,2.0.0,,,STATIC_PRIMARY_FRESH_PROCESS,True
jsprit,beeline-car-no-breaks-v1-declared-geography:all,all,PRIMARY,1.0,6,FEASIBLE,f6c78d4e67ba8635aa2e8e7b9c3a9990e7266a7d4d54edfbfdfbd65c37ac036e,65c2548387a84e0cbd8a11c19238b1fce7775d216741fccd7ac722a0f7cd5711,ee570c715a0df06f400a3815f8b508637698ad2fa314679ce6539656d9a9cfcf,2026-09-17T13:11:40.569834+00:00,results/raw/baseline-jsprit-all-1s-6-dc1e4d97ad18f877.json,100,0,203,0,100.0,24,1467.007,1827.7333333333333,3246.633333333333,10820.0,15,0,392.5233333333333,444.1333333333333,682.2166666666667,472.5233333333333,762.2166666666667,14475.37839999859,3.0193999991752207,14742.998900001112,300.328125,20031.25,203,15,,,,,,,,2.0.0,,,STATIC_PRIMARY_FRESH_PROCESS,True
jsprit,beeline-car-no-breaks-v1-declared-geography:all,all,PRIMARY,1.0,7,FEASIBLE,f6c78d4e67ba8635aa2e8e7b9c3a9990e7266a7d4d54edfbfdfbd65c37ac036e,65c2548387a84e0cbd8a11c19238b1fce7775d216741fccd7ac722a0f7cd5711,ee570c715a0df06f400a3815f8b508637698ad2fa314679ce6539656d9a9cfcf,2026-09-17T13:11:55.469828+00:00,results/raw/baseline-jsprit-all-1s-7-7f82c0ab724d2c00.json,100,0,203,0,100.0,22,1225.484,1642.5,3050.25,10820.0,15,0,391.99555555555554,387.03333333333336,694.75,471.99555555555554,774.75,14646.067499998026,2.298700001119869,14928.869100000156,299.234375,19937.5,203,15,,,,,,,,2.0.0,,,STATIC_PRIMARY_FRESH_PROCESS,True
jsprit,beeline-car-no-breaks-v1-declared-geography:all,all,PRIMARY,1.0,8,FEASIBLE,f6c78d4e67ba8635aa2e8e7b9c3a9990e7266a7d4d54edfbfdfbd65c37ac036e,65c2548387a84e0cbd8a11c19238b1fce7775d216741fccd7ac722a0f7cd5711,ee570c715a0df06f400a3815f8b508637698ad2fa314679ce6539656d9a9cfcf,2026-09-17T13:12:10.538609+00:00,results/raw/baseline-jsprit-all-1s-8-fddd63a9a8918cd0.json,100,0,203,0,100.0,24,1477.81,1848.5166666666667,3449.133333333333,10820.0,15,0,479.34666666666664,514.7833333333333,699.2833333333333,559.3466666666667,779.2833333333333,14021.317399998225,2.238299999589799,14273.104600000806,302.70703125,19250.0,203,15,,,,,,,,2.0.0,,,STATIC_PRIMARY_FRESH_PROCESS,True
jsprit,beeline-car-no-breaks-v1-declared-geography:all,all,PRIMARY,1.0,9,FEASIBLE,f6c78d4e67ba8635aa2e8e7b9c3a9990e7266a7d4d54edfbfdfbd65c37ac036e,65c2548387a84e0cbd8a11c19238b1fce7775d216741fccd7ac722a0f7cd5711,ee570c715a0df06f400a3815f8b508637698ad2fa314679ce6539656d9a9cfcf,2026-09-17T13:12:24.963216+00:00,results/raw/baseline-jsprit-all-1s-9-e7c82ea7752ba838.json,100,0,201,2,99.01477832512315,24,1706.905,2024.2833333333333,3766.4,10660.0,13,2,403.4602564102564,455.78333333333336,698.5166666666667,483.4602564102564,778.5166666666667,16520.77609999833,2.048400001513073,16766.080099998362,300.59375,22046.875,203,15,,,,,,,,2.0.0,,,STATIC_PRIMARY_FRESH_PROCESS,True
jsprit,beeline-car-no-breaks-v1-declared-geography:all,all,PRIMARY,1.0,10,FEASIBLE,f6c78d4e67ba8635aa2e8e7b9c3a9990e7266a7d4d54edfbfdfbd65c37ac036e,65c2548387a84e0cbd8a11c19238b1fce7775d216741fccd7ac722a0f7cd5711,ee570c715a0df06f400a3815f8b508637698ad2fa314679ce6539656d9a9cfcf,2026-09-17T13:12:41.908055+00:00,results/raw/baseline-jsprit-all-1s-10-43e674d2d8bd3212.json,100,0,202,1,99.50738916256158,24,1772.052,2057.4,3376.766666666667,10740.0,14,1,420.89285714285717,565.5833333333334,696.35,500.89285714285717,776.35,13437.771500000963,1.9929000009142328,13762.31689999986,300.390625,19312.5,203,15,,,,,,,,2.0.0,,,STATIC_PRIMARY_FRESH_PROCESS,True
jsprit,beeline-car-no-breaks-v1-declared-geography:all,all,PRIMARY,5.0,1,FEASIBLE,ca402ede4d5ae274b45690c283441bbe530d7c5d76396ad0fe5ca5f948c18f15,65c2548387a84e0cbd8a11c19238b1fce7775d216741fccd7ac722a0f7cd5711,ee570c715a0df06f400a3815f8b508637698ad2fa314679ce6539656d9a9cfcf,2026-09-17T13:00:18.138847+00:00,results/raw/baseline-jsprit-all-5s-1-131b7dfb9afee036.json,100,0,203,0,100.0,24,1154.62,1549.6,3739.5333333333333,10820.0,15,0,404.3355555555556,472.56666666666666,644.8333333333334,484.3355555555556,724.8333333333334,18777.315800001816,2.338000002055196,19063.738900000317,297.34375,24640.625,203,15,,,,,,,,2.0.0,,,STATIC_PRIMARY_FRESH_PROCESS,True
jsprit,beeline-car-no-breaks-v1-declared-geography:all,all,PRIMARY,5.0,2,FEASIBLE,f6c78d4e67ba8635aa2e8e7b9c3a9990e7266a7d4d54edfbfdfbd65c37ac036e,65c2548387a84e0cbd8a11c19238b1fce7775d216741fccd7ac722a0f7cd5711,ee570c715a0df06f400a3815f8b508637698ad2fa314679ce6539656d9a9cfcf,2026-09-17T13:14:20.357969+00:00,results/raw/baseline-jsprit-all-5s-2-494082a9cc0b82bb.json,100,0,203,0,100.0,22,1711.002,2069.383333333333,2360.5333333333333,10820.0,15,0,432.8933333333334,530.85,692.6833333333333,512.8933333333333,772.6833333333333,18994.701200001145,2.3899999978311826,19368.262099997082,299.6484375,24328.125,203,15,,,,,,,,2.0.0,,,STATIC_PRIMARY_FRESH_PROCESS,True
jsprit,beeline-car-no-breaks-v1-declared-geography:all,all,PRIMARY,5.0,3,FEASIBLE,f6c78d4e67ba8635aa2e8e7b9c3a9990e7266a7d4d54edfbfdfbd65c37ac036e,65c2548387a84e0cbd8a11c19238b1fce7775d216741fccd7ac722a0f7cd5711,ee570c715a0df06f400a3815f8b508637698ad2fa314679ce6539656d9a9cfcf,2026-09-17T13:14:39.862549+00:00,results/raw/baseline-jsprit-all-5s-3-ff25b2a54f995af4.json,100,0,203,0,100.0,24,1600.131,1971.0,3274.2833333333333,10820.0,15,0,428.28444444444443,487.5833333333333,696.4666666666667,508.28444444444443,776.4666666666667,18241.712999999436,2.185800000006566,18601.012300001457,298.7578125,24156.25,203,15,,,,,,,,2.0.0,,,STATIC_PRIMARY_FRESH_PROCESS,True
jsprit,beeline-car-no-breaks-v1-declared-geography:all,all,PRIMARY,5.0,4,FEASIBLE,f6c78d4e67ba8635aa2e8e7b9c3a9990e7266a7d4d54edfbfdfbd65c37ac036e,65c2548387a84e0cbd8a11c19238b1fce7775d216741fccd7ac722a0f7cd5711,ee570c715a0df06f400a3815f8b508637698ad2fa314679ce6539656d9a9cfcf,2026-09-17T13:14:58.666644+00:00,results/raw/baseline-jsprit-all-5s-4-e2ed0c32b9e0f787.json,100,0,203,0,100.0,24,1170.161,1611.8833333333334,3996.4,10820.0,15,0,411.5188888888889,470.8666666666667,682.2166666666667,491.5188888888889,762.2166666666667,18978.313600000547,1.4355999992403667,19284.584100001666,299.8359375,24593.75,203,15,,,,,,,,2.0.0,,,STATIC_PRIMARY_FRESH_PROCESS,True
jsprit,beeline-car-no-breaks-v1-declared-geography:all,all,PRIMARY,5.0,5,FEASIBLE,f6c78d4e67ba8635aa2e8e7b9c3a9990e7266a7d4d54edfbfdfbd65c37ac036e,65c2548387a84e0cbd8a11c19238b1fce7775d216741fccd7ac722a0f7cd5711,ee570c715a0df06f400a3815f8b508637698ad2fa314679ce6539656d9a9cfcf,2026-09-17T13:15:18.049062+00:00,results/raw/baseline-jsprit-all-5s-5-1ecb685475e84211.json,100,0,203,0,100.0,21,1278.591,1750.3333333333333,1694.05,10820.0,15,0,460.4111111111111,529.5166666666667,697.2833333333333,540.4111111111112,777.2833333333333,18348.754999999073,1.6923000002861954,18616.310299999896,301.6640625,24140.625,203,15,,,,,,,,2.0.0,,,STATIC_PRIMARY_FRESH_PROCESS,True
jsprit,beeline-car-no-breaks-v1-declared-geography:all,all,PRIMARY,5.0,6,FEASIBLE,f6c78d4e67ba8635aa2e8e7b9c3a9990e7266a7d4d54edfbfdfbd65c37ac036e,65c2548387a84e0cbd8a11c19238b1fce7775d216741fccd7ac722a0f7cd5711,ee570c715a0df06f400a3815f8b508637698ad2fa314679ce6539656d9a9cfcf,2026-09-17T13:15:36.971861+00:00,results/raw/baseline-jsprit-all-5s-6-d4641e907ff2c683.json,100,0,203,0,100.0,23,1326.305,1715.0833333333333,3240.5333333333333,10820.0,15,0,408.56666666666666,454.26666666666665,696.5833333333334,488.56666666666666,776.5833333333334,19630.285700000968,2.098599998134887,20032.71450000102,299.5859375,26156.25,203,15,,,,,,,,2.0.0,,,STATIC_PRIMARY_FRESH_PROCESS,True
jsprit,beeline-car-no-breaks-v1-declared-geography:all,all,PRIMARY,5.0,7,FEASIBLE,f6c78d4e67ba8635aa2e8e7b9c3a9990e7266a7d4d54edfbfdfbd65c37ac036e,65c2548387a84e0cbd8a11c19238b1fce7775d216741fccd7ac722a0f7cd5711,ee570c715a0df06f400a3815f8b508637698ad2fa314679ce6539656d9a9cfcf,2026-09-17T13:15:57.078155+00:00,results/raw/baseline-jsprit-all-5s-7-5938f91d2b845d7f.json,100,0,203,0,100.0,22,1225.484,1642.5,3050.25,10820.0,15,0,391.99555555555554,387.03333333333336,694.75,471.99555555555554,774.75,19482.672599999205,2.0696999999927357,19779.36310000223,301.54296875,24828.125,203,15,,,,,,,,2.0.0,,,STATIC_PRIMARY_FRESH_PROCESS,True
jsprit,beeline-car-no-breaks-v1-declared-geography:all,all,PRIMARY,5.0,8,FEASIBLE,f6c78d4e67ba8635aa2e8e7b9c3a9990e7266a7d4d54edfbfdfbd65c37ac036e,65c2548387a84e0cbd8a11c19238b1fce7775d216741fccd7ac722a0f7cd5711,ee570c715a0df06f400a3815f8b508637698ad2fa314679ce6539656d9a9cfcf,2026-09-17T13:16:17.039548+00:00,results/raw/baseline-jsprit-all-5s-8-615c763d19d7b2fe.json,100,0,203,0,100.0,23,1359.769,1757.9166666666667,2646.733333333333,10820.0,15,0,431.9266666666667,515.8666666666667,676.4833333333333,511.9266666666667,756.4833333333333,18704.114500000287,2.443099998345133,19072.509999998147,299.6015625,24890.625,203,15,,,,,,,,2.0.0,,,STATIC_PRIMARY_FRESH_PROCESS,True
jsprit,beeline-car-no-breaks-v1-declared-geography:all,all,PRIMARY,5.0,9,FEASIBLE,f6c78d4e67ba8635aa2e8e7b9c3a9990e7266a7d4d54edfbfdfbd65c37ac036e,65c2548387a84e0cbd8a11c19238b1fce7775d216741fccd7ac722a0f7cd5711,ee570c715a0df06f400a3815f8b508637698ad2fa314679ce6539656d9a9cfcf,2026-09-17T13:16:36.305052+00:00,results/raw/baseline-jsprit-all-5s-9-82d5eed140f5aeaa.json,100,0,203,0,100.0,24,1870.369,2162.116666666667,3877.366666666667,10820.0,15,0,395.3277777777778,456.31666666666666,698.5,475.3277777777778,778.5,22703.72060000227,3.0294000025605783,23065.082599998277,301.6171875,29390.625,203,15,,,,,,,,2.0.0,,,STATIC_PRIMARY_FRESH_PROCESS,True
jsprit,beeline-car-no-breaks-v1-declared-geography:all,all,PRIMARY,5.0,10,FEASIBLE,f6c78d4e67ba8635aa2e8e7b9c3a9990e7266a7d4d54edfbfdfbd65c37ac036e,65c2548387a84e0cbd8a11c19238b1fce7775d216741fccd7ac722a0f7cd5711,ee570c715a0df06f400a3815f8b508637698ad2fa314679ce6539656d9a9cfcf,2026-09-17T13:16:59.561040+00:00,results/raw/baseline-jsprit-all-5s-10-3aaa980587c2fb17.json,100,0,203,0,100.0,24,1471.153,1834.3,3433.35,10820.0,15,0,408.28666666666663,491.56666666666666,654.2333333333333,488.2866666666667,734.2333333333333,19348.312800000713,1.8199999976786785,19702.756099999533,301.828125,26875.0,203,15,,,,,,,,2.0.0,,,STATIC_PRIMARY_FRESH_PROCESS,True
jsprit,beeline-car-no-breaks-v1-declared-geography:all,all,PRIMARY,15.0,1,FEASIBLE,f6c78d4e67ba8635aa2e8e7b9c3a9990e7266a7d4d54edfbfdfbd65c37ac036e,65c2548387a84e0cbd8a11c19238b1fce7775d216741fccd7ac722a0f7cd5711,ee570c715a0df06f400a3815f8b508637698ad2fa314679ce6539656d9a9cfcf,2026-09-17T13:07:46.068943+00:00,results/raw/baseline-jsprit-all-15s-1-6d8f5bff7d40a534.json,100,0,203,0,100.0,23,1286.432,1677.5166666666667,3119.2,10820.0,15,0,424.0388888888889,454.75,697.9333333333333,504.0388888888889,777.9333333333333,29507.161300000007,2.4612999986857176,29831.842600000527,298.4921875,35562.5,203,15,,,,,,,,2.0.0,,,STATIC_PRIMARY_FRESH_PROCESS,True
jsprit,beeline-car-no-breaks-v1-declared-geography:all,all,PRIMARY,60.0,1,FEASIBLE,9f2010bdea168a6f471c5756258d704a5ff5d61443fff284e5c53fccdd2bb5ae,65c2548387a84e0cbd8a11c19238b1fce7775d216741fccd7ac722a0f7cd5711,ee570c715a0df06f400a3815f8b508637698ad2fa314679ce6539656d9a9cfcf,2026-09-17T13:24:39.005862+00:00,results/raw/baseline-jsprit-all-60s-1-e32b47e938ffc18a.json,100,0,203,0,100.0,22,1105.485,1524.75,2738.45,10820.0,15,0,435.05,497.1,658.9666666666667,515.05,738.9666666666667,73485.86000000068,2.378500001213979,73769.0666999988,302.78515625,78546.875,203,15,,,,,,,,2.0.0,,,STATIC_PRIMARY_FRESH_PROCESS,True
jsprit,beeline-car-no-breaks-v1-declared-geography:east,east,PRIMARY,1.0,1,FEASIBLE,796f6dfc8f1f3f72d5470a43722117cd246e5ac70676b83a4c3e515bc5ef736f,65c2548387a84e0cbd8a11c19238b1fce7775d216741fccd7ac722a0f7cd5711,ee570c715a0df06f400a3815f8b508637698ad2fa314679ce6539656d9a9cfcf,2026-09-17T12:51:53.969980+00:00,results/raw/baseline-jsprit-east-1s-1-fbd644a399b7ff01.json,100,0,66,0,100.0,7,212.983,367.2,1032.5,3560.0,3,0,115.63333333333333,7.733333333333333,337.01666666666665,195.63333333333333,417.01666666666665,5149.780499999906,0.9343999990960583,,,,66,3,,,,,,,,2.0.0,,,STATIC_BASELINE_NOT_FINAL_COMPARISON,True
jsprit,beeline-car-no-breaks-v1-declared-geography:east,east,PRIMARY,5.0,1,FEASIBLE,796f6dfc8f1f3f72d5470a43722117cd246e5ac70676b83a4c3e515bc5ef736f,65c2548387a84e0cbd8a11c19238b1fce7775d216741fccd7ac722a0f7cd5711,ee570c715a0df06f400a3815f8b508637698ad2fa314679ce6539656d9a9cfcf,2026-09-17T12:51:59.184711+00:00,results/raw/baseline-jsprit-east-5s-1-79247ed63541e21d.json,100,0,66,0,100.0,7,209.913,365.68333333333334,1034.0166666666667,3560.0,3,0,115.63333333333333,7.733333333333333,337.01666666666665,195.63333333333333,417.01666666666665,7969.084499996825,0.9699000002001412,,,,66,3,,,,,,,,2.0.0,,,STATIC_BASELINE_NOT_FINAL_COMPARISON,True
jsprit,beeline-car-no-breaks-v1-declared-geography:exact-10,exact-10,PRIMARY,5.0,1,FEASIBLE,f6c78d4e67ba8635aa2e8e7b9c3a9990e7266a7d4d54edfbfdfbd65c37ac036e,65c2548387a84e0cbd8a11c19238b1fce7775d216741fccd7ac722a0f7cd5711,ee570c715a0df06f400a3815f8b508637698ad2fa314679ce6539656d9a9cfcf,2026-09-17T13:03:31.705977+00:00,results/raw/baseline-jsprit-exact-10-5s-1-003243946d4b71a5.json,100,0,10,0,100.0,4,146.073,155.15,1704.85,490.0,0,0,,,,,,6569.774800002051,0.15770000027259812,6872.701300002518,296.18359375,12562.5,10,0,,,,,,,,2.0.0,,,STATIC_PRIMARY_FRESH_PROCESS,True
jsprit,beeline-car-no-breaks-v1-declared-geography:exact-15,exact-15,PRIMARY,5.0,1,FEASIBLE,f6c78d4e67ba8635aa2e8e7b9c3a9990e7266a7d4d54edfbfdfbd65c37ac036e,65c2548387a84e0cbd8a11c19238b1fce7775d216741fccd7ac722a0f7cd5711,ee570c715a0df06f400a3815f8b508637698ad2fa314679ce6539656d9a9cfcf,2026-09-17T13:03:53.243192+00:00,results/raw/baseline-jsprit-exact-15-5s-1-a917ecc0b9454f69.json,100,0,15,0,100.0,4,211.651,223.0,1687.0,680.0,0,0,,,,,,6071.250400000281,0.19270000120741315,6345.604599999206,296.0234375,11656.25,15,0,,,,,,,,2.0.0,,,STATIC_PRIMARY_FRESH_PROCESS,True
jsprit,beeline-car-no-breaks-v1-declared-geography:exact-20,exact-20,PRIMARY,5.0,1,FEASIBLE,f6c78d4e67ba8635aa2e8e7b9c3a9990e7266a7d4d54edfbfdfbd65c37ac036e,65c2548387a84e0cbd8a11c19238b1fce7775d216741fccd7ac722a0f7cd5711,ee570c715a0df06f400a3815f8b508637698ad2fa314679ce6539656d9a9cfcf,2026-09-17T13:04:17.761082+00:00,results/raw/baseline-jsprit-exact-20-5s-1-02ae7c7ac6d33f91.json,100,0,20,0,100.0,5,225.868,248.86666666666667,2071.133333333333,960.0,0,0,,,,,,6490.110900002037,0.3255000010540243,6957.360100001097,296.921875,11765.625,20,0,,,,,,,,2.0.0,,,STATIC_PRIMARY_FRESH_PROCESS,True
jsprit,beeline-car-no-breaks-v1-declared-geography:exact-5,exact-5,PRIMARY,5.0,1,FEASIBLE,f6c78d4e67ba8635aa2e8e7b9c3a9990e7266a7d4d54edfbfdfbd65c37ac036e,65c2548387a84e0cbd8a11c19238b1fce7775d216741fccd7ac722a0f7cd5711,ee570c715a0df06f400a3815f8b508637698ad2fa314679ce6539656d9a9cfcf,2026-09-17T13:03:10.087861+00:00,results/raw/baseline-jsprit-exact-5-5s-1-c4bf49c1c5dbe35e.json,100,0,5,0,100.0,2,116.674,108.58333333333333,441.4166666666667,310.0,0,0,,,,,,6133.90359999903,0.13580000086221844,6478.126000001794,298.515625,12171.875,5,0,,,,,,,,2.0.0,,,STATIC_PRIMARY_FRESH_PROCESS,True
jsprit,beeline-car-no-breaks-v1-declared-geography:southcentral,southcentral,PRIMARY,1.0,1,FEASIBLE,796f6dfc8f1f3f72d5470a43722117cd246e5ac70676b83a4c3e515bc5ef736f,65c2548387a84e0cbd8a11c19238b1fce7775d216741fccd7ac722a0f7cd5711,ee570c715a0df06f400a3815f8b508637698ad2fa314679ce6539656d9a9cfcf,2026-09-17T12:52:21.446698+00:00,results/raw/baseline-jsprit-southcentral-1s-1-a072397bd54eec7f.json,100,0,56,0,100.0,5,201.406,352.01666666666665,612.4,2830.0,0,0,,,,,,4631.131500002084,0.7681999995838851,,,,56,0,,,,,,,,2.0.0,,,STATIC_BASELINE_NOT_FINAL_COMPARISON,True
jsprit,beeline-car-no-breaks-v1-declared-geography:southcentral,southcentral,PRIMARY,5.0,1,FEASIBLE,796f6dfc8f1f3f72d5470a43722117cd246e5ac70676b83a4c3e515bc5ef736f,65c2548387a84e0cbd8a11c19238b1fce7775d216741fccd7ac722a0f7cd5711,ee570c715a0df06f400a3815f8b508637698ad2fa314679ce6539656d9a9cfcf,2026-09-17T12:52:26.161204+00:00,results/raw/baseline-jsprit-southcentral-5s-1-e64047d9e321c710.json,100,0,56,0,100.0,5,186.038,331.68333333333334,615.15,2830.0,0,0,,,,,,7395.645799999329,0.6609000010939781,,,,56,0,,,,,,,,2.0.0,,,STATIC_BASELINE_NOT_FINAL_COMPARISON,True
jsprit,beeline-car-no-breaks-v1-declared-geography:southeast,southeast,PRIMARY,1.0,1,FEASIBLE,796f6dfc8f1f3f72d5470a43722117cd246e5ac70676b83a4c3e515bc5ef736f,65c2548387a84e0cbd8a11c19238b1fce7775d216741fccd7ac722a0f7cd5711,ee570c715a0df06f400a3815f8b508637698ad2fa314679ce6539656d9a9cfcf,2026-09-17T12:52:07.256771+00:00,results/raw/baseline-jsprit-southeast-1s-1-f2e8626245d76b2c.json,100,0,81,0,100.0,11,712.499,819.1666666666666,1645.25,4430.0,12,0,379.14166666666665,437.0333333333333,629.9833333333333,459.14166666666665,709.9833333333333,4848.388400001568,1.0553000029176474,,,,81,12,,,,,,,,2.0.0,,,STATIC_BASELINE_NOT_FINAL_COMPARISON,True
jsprit,beeline-car-no-breaks-v1-declared-geography:southeast,southeast,PRIMARY,5.0,1,FEASIBLE,796f6dfc8f1f3f72d5470a43722117cd246e5ac70676b83a4c3e515bc5ef736f,65c2548387a84e0cbd8a11c19238b1fce7775d216741fccd7ac722a0f7cd5711,ee570c715a0df06f400a3815f8b508637698ad2fa314679ce6539656d9a9cfcf,2026-09-17T12:52:12.174004+00:00,results/raw/baseline-jsprit-southeast-5s-1-a1fd9c04e2d7d09c.json,100,0,81,0,100.0,10,775.08,858.6166666666667,1270.5166666666667,4430.0,12,0,390.7166666666667,449.89166666666665,693.5166666666667,470.7166666666667,773.5166666666667,9066.944300000614,5.660200000420446,,,,81,12,,,,,,,,2.0.0,,,STATIC_BASELINE_NOT_FINAL_COMPARISON,True
ortools_routing,beeline-car-no-breaks-v1-declared-geography:all,all,PRIMARY,1.0,1,FEASIBLE,4cca666a01510ed955a46960414e8f1e05064b9980ce0d11125a3118fa760f75,65c2548387a84e0cbd8a11c19238b1fce7775d216741fccd7ac722a0f7cd5711,ee570c715a0df06f400a3815f8b508637698ad2fa314679ce6539656d9a9cfcf,2026-09-17T12:58:52.152476+00:00,results/raw/baseline-ortools_routing-all-1s-1-a0b930d7332d1061.json,100,0,203,0,100.0,24,1562.986,1920.5833333333333,3571.116666666667,10820.0,15,0,416.78222222222223,459.53333333333336,686.5833333333334,496.78222222222223,766.5833333333334,1127.0016000016767,1.6599999980826396,1689.8016999984975,62.90234375,1421.875,203,15,,,,,,,,9.15.6755,,,STATIC_PRIMARY_FRESH_PROCESS,True
ortools_routing,beeline-car-no-breaks-v1-declared-geography:all,all,PRIMARY,1,2,FEASIBLE,4cca666a01510ed955a46960414e8f1e05064b9980ce0d11125a3118fa760f75,65c2548387a84e0cbd8a11c19238b1fce7775d216741fccd7ac722a0f7cd5711,ee570c715a0df06f400a3815f8b508637698ad2fa314679ce6539656d9a9cfcf,2026-09-17T10:48:46.004000+00:00,results/raw/baseline-ortools_routing-all-1s-2-e2db6a5e25a28383.json,100,0,203,0,100.0,24,1404.568,1749.2833333333333,3420.0333333333333,10820.0,15,0,420.77222222222224,459.53333333333336,675.3333333333334,500.77222222222224,755.3333333333334,1141.5990999994392,1.1864999996760162,,,,203,15,,,,,,,,9.15.6755,,,STATIC_BASELINE_NOT_FINAL_COMPARISON,True
ortools_routing,beeline-car-no-breaks-v1-declared-geography:all,all,PRIMARY,1,3,FEASIBLE,4cca666a01510ed955a46960414e8f1e05064b9980ce0d11125a3118fa760f75,65c2548387a84e0cbd8a11c19238b1fce7775d216741fccd7ac722a0f7cd5711,ee570c715a0df06f400a3815f8b508637698ad2fa314679ce6539656d9a9cfcf,2026-09-17T10:48:47.451696+00:00,results/raw/baseline-ortools_routing-all-1s-3-e1c4e2c3c8ec9008.json,100,0,203,0,100.0,24,1391.274,1729.55,3562.366666666667,10820.0,15,0,416.81111111111113,459.53333333333336,675.3333333333334,496.81111111111113,755.3333333333334,1099.8593000003893,1.1718000005203066,,,,203,15,,,,,,,,9.15.6755,,,STATIC_BASELINE_NOT_FINAL_COMPARISON,True
ortools_routing,beeline-car-no-breaks-v1-declared-geography:all,all,PRIMARY,1,4,FEASIBLE,4cca666a01510ed955a46960414e8f1e05064b9980ce0d11125a3118fa760f75,65c2548387a84e0cbd8a11c19238b1fce7775d216741fccd7ac722a0f7cd5711,ee570c715a0df06f400a3815f8b508637698ad2fa314679ce6539656d9a9cfcf,2026-09-17T10:48:48.622004+00:00,results/raw/baseline-ortools_routing-all-1s-4-33fcde3d48c57268.json,100,0,203,0,100.0,24,1518.833,1862.2666666666667,3608.9166666666665,10820.0,15,0,412.29333333333335,459.53333333333336,691.9333333333333,492.29333333333335,771.9333333333333,1115.2042999983678,2.5846000007732073,,,,203,15,,,,,,,,9.15.6755,,,STATIC_BASELINE_NOT_FINAL_COMPARISON,True
ortools_routing,beeline-car-no-breaks-v1-declared-geography:all,all,PRIMARY,1,5,FEASIBLE,4cca666a01510ed955a46960414e8f1e05064b9980ce0d11125a3118fa760f75,65c2548387a84e0cbd8a11c19238b1fce7775d216741fccd7ac722a0f7cd5711,ee570c715a0df06f400a3815f8b508637698ad2fa314679ce6539656d9a9cfcf,2026-09-17T10:48:49.826177+00:00,results/raw/baseline-ortools_routing-all-1s-5-d74187ac102e800d.json,100,0,203,0,100.0,24,1537.253,1885.5166666666667,3599.55,10820.0,15,0,386.5577777777778,450.3333333333333,680.5666666666667,466.5577777777778,760.5666666666667,1177.383899999768,1.6708000002836343,,,,203,15,,,,,,,,9.15.6755,,,STATIC_BASELINE_NOT_FINAL_COMPARISON,True
ortools_routing,beeline-car-no-breaks-v1-declared-geography:all,all,PRIMARY,1,6,FEASIBLE,4cca666a01510ed955a46960414e8f1e05064b9980ce0d11125a3118fa760f75,65c2548387a84e0cbd8a11c19238b1fce7775d216741fccd7ac722a0f7cd5711,ee570c715a0df06f400a3815f8b508637698ad2fa314679ce6539656d9a9cfcf,2026-09-17T10:48:51.101000+00:00,results/raw/baseline-ortools_routing-all-1s-6-0528adc02e99a09b.json,100,0,203,0,100.0,24,1474.135,1824.7333333333333,3630.633333333333,10820.0,15,0,412.29333333333335,459.53333333333336,691.9333333333333,492.29333333333335,771.9333333333333,1151.7232000005606,2.13889999940875,,,,203,15,,,,,,,,9.15.6755,,,STATIC_BASELINE_NOT_FINAL_COMPARISON,True
ortools_routing,beeline-car-no-breaks-v1-declared-geography:all,all,PRIMARY,1,7,FEASIBLE,4cca666a01510ed955a46960414e8f1e05064b9980ce0d11125a3118fa760f75,65c2548387a84e0cbd8a11c19238b1fce7775d216741fccd7ac722a0f7cd5711,ee570c715a0df06f400a3815f8b508637698ad2fa314679ce6539656d9a9cfcf,2026-09-17T10:48:52.353382+00:00,results/raw/baseline-ortools_routing-all-1s-7-7d63f9eff1d0909e.json,100,0,203,0,100.0,24,1522.028,1867.6833333333334,3595.35,10820.0,15,0,395.7,450.3333333333333,680.5666666666667,475.7,760.5666666666667,1147.8601999988314,2.1643999989464646,,,,203,15,,,,,,,,9.15.6755,,,STATIC_BASELINE_NOT_FINAL_COMPARISON,True
ortools_routing,beeline-car-no-breaks-v1-declared-geography:all,all,PRIMARY,1,8,FEASIBLE,4cca666a01510ed955a46960414e8f1e05064b9980ce0d11125a3118fa760f75,65c2548387a84e0cbd8a11c19238b1fce7775d216741fccd7ac722a0f7cd5711,ee570c715a0df06f400a3815f8b508637698ad2fa314679ce6539656d9a9cfcf,2026-09-17T10:48:53.605715+00:00,results/raw/baseline-ortools_routing-all-1s-8-0f36245dd9449193.json,100,0,203,0,100.0,24,1538.188,1886.5,3598.5666666666666,10820.0,15,0,386.5577777777778,450.3333333333333,680.5666666666667,466.5577777777778,760.5666666666667,1153.7016999991465,2.4305000006279442,,,,203,15,,,,,,,,9.15.6755,,,STATIC_BASELINE_NOT_FINAL_COMPARISON,True
ortools_routing,beeline-car-no-breaks-v1-declared-geography:all,all,PRIMARY,1,9,FEASIBLE,4cca666a01510ed955a46960414e8f1e05064b9980ce0d11125a3118fa760f75,65c2548387a84e0cbd8a11c19238b1fce7775d216741fccd7ac722a0f7cd5711,ee570c715a0df06f400a3815f8b508637698ad2fa314679ce6539656d9a9cfcf,2026-09-17T10:48:54.861385+00:00,results/raw/baseline-ortools_routing-all-1s-9-6379c25a8588761f.json,100,0,203,0,100.0,24,1552.966,1905.4333333333334,3668.7,10820.0,15,0,416.78222222222223,459.53333333333336,686.5833333333334,496.78222222222223,766.5833333333334,1178.6148999999568,2.230000000054133,,,,203,15,,,,,,,,9.15.6755,,,STATIC_BASELINE_NOT_FINAL_COMPARISON,True
ortools_routing,beeline-car-no-breaks-v1-declared-geography:all,all,PRIMARY,1,10,FEASIBLE,4cca666a01510ed955a46960414e8f1e05064b9980ce0d11125a3118fa760f75,65c2548387a84e0cbd8a11c19238b1fce7775d216741fccd7ac722a0f7cd5711,ee570c715a0df06f400a3815f8b508637698ad2fa314679ce6539656d9a9cfcf,2026-09-17T10:48:56.139315+00:00,results/raw/baseline-ortools_routing-all-1s-10-cefdb799c0c4c65e.json,100,0,203,0,100.0,24,1577.952,1938.0666666666666,3540.3333333333335,10820.0,15,0,416.78222222222223,459.53333333333336,686.5833333333334,496.78222222222223,766.5833333333334,1175.301600000239,2.7568999994400656,,,,203,15,,,,,,,,9.15.6755,,,STATIC_BASELINE_NOT_FINAL_COMPARISON,True
ortools_routing,beeline-car-no-breaks-v1-declared-geography:all,all,PRIMARY,5.0,1,FEASIBLE,4cca666a01510ed955a46960414e8f1e05064b9980ce0d11125a3118fa760f75,65c2548387a84e0cbd8a11c19238b1fce7775d216741fccd7ac722a0f7cd5711,ee570c715a0df06f400a3815f8b508637698ad2fa314679ce6539656d9a9cfcf,2026-09-17T12:59:59.327744+00:00,results/raw/baseline-ortools_routing-all-5s-1-537ecd286930a6a0.json,100,0,203,0,100.0,24,1038.884,1397.6,3596.766666666667,10820.0,15,0,353.6744444444445,391.53333333333336,642.1,433.6744444444445,722.1,5124.958500000503,1.9571000011637807,5796.584600000642,63.13671875,5406.25,203,15,,,,,,,,9.15.6755,,,STATIC_PRIMARY_FRESH_PROCESS,True
ortools_routing,beeline-car-no-breaks-v1-declared-geography:all,all,PRIMARY,5,2,FEASIBLE,4cca666a01510ed955a46960414e8f1e05064b9980ce0d11125a3118fa760f75,65c2548387a84e0cbd8a11c19238b1fce7775d216741fccd7ac722a0f7cd5711,ee570c715a0df06f400a3815f8b508637698ad2fa314679ce6539656d9a9cfcf,2026-09-17T10:48:57.462132+00:00,results/raw/baseline-ortools_routing-all-5s-2-780e266f6249d606.json,100,0,203,0,100.0,24,1038.884,1397.6,3596.766666666667,10820.0,15,0,353.6744444444445,391.53333333333336,642.1,433.6744444444445,722.1,5190.309500001604,2.3949999995238613,,,,203,15,,,,,,,,9.15.6755,,,STATIC_BASELINE_NOT_FINAL_COMPARISON,True
ortools_routing,beeline-car-no-breaks-v1-declared-geography:all,all,PRIMARY,5,3,FEASIBLE,4cca666a01510ed955a46960414e8f1e05064b9980ce0d11125a3118fa760f75,65c2548387a84e0cbd8a11c19238b1fce7775d216741fccd7ac722a0f7cd5711,ee570c715a0df06f400a3815f8b508637698ad2fa314679ce6539656d9a9cfcf,2026-09-17T10:49:02.753240+00:00,results/raw/baseline-ortools_routing-all-5s-3-f63ddb37c4f57768.json,100,0,203,0,100.0,24,1038.884,1397.6,3596.766666666667,10820.0,15,0,353.6744444444445,391.53333333333336,642.1,433.6744444444445,722.1,5142.936700000064,1.8878000009863172,,,,203,15,,,,,,,,9.15.6755,,,STATIC_BASELINE_NOT_FINAL_COMPARISON,True
ortools_routing,beeline-car-no-breaks-v1-declared-geography:all,all,PRIMARY,5,4,FEASIBLE,4cca666a01510ed955a46960414e8f1e05064b9980ce0d11125a3118fa760f75,65c2548387a84e0cbd8a11c19238b1fce7775d216741fccd7ac722a0f7cd5711,ee570c715a0df06f400a3815f8b508637698ad2fa314679ce6539656d9a9cfcf,2026-09-17T10:49:07.988230+00:00,results/raw/baseline-ortools_routing-all-5s-4-c61bc081c96fbed1.json,100,0,203,0,100.0,24,1038.884,1397.6,3596.766666666667,10820.0,15,0,353.6744444444445,391.53333333333336,642.1,433.6744444444445,722.1,5133.948900000178,1.731399999698624,,,,203,15,,,,,,,,9.15.6755,,,STATIC_BASELINE_NOT_FINAL_COMPARISON,True
ortools_routing,beeline-car-no-breaks-v1-declared-geography:all,all,PRIMARY,5,5,FEASIBLE,4cca666a01510ed955a46960414e8f1e05064b9980ce0d11125a3118fa760f75,65c2548387a84e0cbd8a11c19238b1fce7775d216741fccd7ac722a0f7cd5711,ee570c715a0df06f400a3815f8b508637698ad2fa314679ce6539656d9a9cfcf,2026-09-17T10:49:13.215212+00:00,results/raw/baseline-ortools_routing-all-5s-5-509273b91f498b67.json,100,0,203,0,100.0,24,1038.884,1397.6,3596.766666666667,10820.0,15,0,353.6744444444445,391.53333333333336,642.1,433.6744444444445,722.1,5130.799999998999,1.420700000380748,,,,203,15,,,,,,,,9.15.6755,,,STATIC_BASELINE_NOT_FINAL_COMPARISON,True
ortools_routing,beeline-car-no-breaks-v1-declared-geography:all,all,PRIMARY,5,6,FEASIBLE,4cca666a01510ed955a46960414e8f1e05064b9980ce0d11125a3118fa760f75,65c2548387a84e0cbd8a11c19238b1fce7775d216741fccd7ac722a0f7cd5711,ee570c715a0df06f400a3815f8b508637698ad2fa314679ce6539656d9a9cfcf,2026-09-17T10:49:18.436127+00:00,results/raw/baseline-ortools_routing-all-5s-6-d1161a153e688795.json,100,0,203,0,100.0,24,1038.884,1397.6,3596.766666666667,10820.0,15,0,353.6744444444445,391.53333333333336,642.1,433.6744444444445,722.1,5143.548199999714,2.540699999372009,,,,203,15,,,,,,,,9.15.6755,,,STATIC_BASELINE_NOT_FINAL_COMPARISON,True
ortools_routing,beeline-car-no-breaks-v1-declared-geography:all,all,PRIMARY,5,7,FEASIBLE,4cca666a01510ed955a46960414e8f1e05064b9980ce0d11125a3118fa760f75,65c2548387a84e0cbd8a11c19238b1fce7775d216741fccd7ac722a0f7cd5711,ee570c715a0df06f400a3815f8b508637698ad2fa314679ce6539656d9a9cfcf,2026-09-17T10:49:23.669587+00:00,results/raw/baseline-ortools_routing-all-5s-7-458d152a0adb4dba.json,100,0,203,0,100.0,24,1038.884,1397.6,3596.766666666667,10820.0,15,0,353.6744444444445,391.53333333333336,642.1,433.6744444444445,722.1,5132.572799999252,2.2356999998009996,,,,203,15,,,,,,,,9.15.6755,,,STATIC_BASELINE_NOT_FINAL_COMPARISON,True
ortools_routing,beeline-car-no-breaks-v1-declared-geography:all,all,PRIMARY,5,8,FEASIBLE,4cca666a01510ed955a46960414e8f1e05064b9980ce0d11125a3118fa760f75,65c2548387a84e0cbd8a11c19238b1fce7775d216741fccd7ac722a0f7cd5711,ee570c715a0df06f400a3815f8b508637698ad2fa314679ce6539656d9a9cfcf,2026-09-17T10:49:28.893194+00:00,results/raw/baseline-ortools_routing-all-5s-8-35b0d9bf9cab648b.json,100,0,203,0,100.0,24,1038.884,1397.6,3596.766666666667,10820.0,15,0,353.6744444444445,391.53333333333336,642.1,433.6744444444445,722.1,5147.6576999993995,1.416199998857337,,,,203,15,,,,,,,,9.15.6755,,,STATIC_BASELINE_NOT_FINAL_COMPARISON,True
ortools_routing,beeline-car-no-breaks-v1-declared-geography:all,all,PRIMARY,5,9,FEASIBLE,4cca666a01510ed955a46960414e8f1e05064b9980ce0d11125a3118fa760f75,65c2548387a84e0cbd8a11c19238b1fce7775d216741fccd7ac722a0f7cd5711,ee570c715a0df06f400a3815f8b508637698ad2fa314679ce6539656d9a9cfcf,2026-09-17T10:49:34.129158+00:00,results/raw/baseline-ortools_routing-all-5s-9-fa76727b88b96c79.json,100,0,203,0,100.0,24,1038.884,1397.6,3596.766666666667,10820.0,15,0,353.6744444444445,391.53333333333336,642.1,433.6744444444445,722.1,5213.527700001578,1.9939000012527686,,,,203,15,,,,,,,,9.15.6755,,,STATIC_BASELINE_NOT_FINAL_COMPARISON,True
ortools_routing,beeline-car-no-breaks-v1-declared-geography:all,all,PRIMARY,5,10,FEASIBLE,4cca666a01510ed955a46960414e8f1e05064b9980ce0d11125a3118fa760f75,65c2548387a84e0cbd8a11c19238b1fce7775d216741fccd7ac722a0f7cd5711,ee570c715a0df06f400a3815f8b508637698ad2fa314679ce6539656d9a9cfcf,2026-09-17T10:49:39.436323+00:00,results/raw/baseline-ortools_routing-all-5s-10-87a875375811efc0.json,100,0,203,0,100.0,24,1038.884,1397.6,3596.766666666667,10820.0,15,0,353.6744444444445,391.53333333333336,642.1,433.6744444444445,722.1,5131.824800000686,2.003800000238698,,,,203,15,,,,,,,,9.15.6755,,,STATIC_BASELINE_NOT_FINAL_COMPARISON,True
ortools_routing,beeline-car-no-breaks-v1-declared-geography:all,all,PRIMARY,15.0,1,FEASIBLE,4cca666a01510ed955a46960414e8f1e05064b9980ce0d11125a3118fa760f75,65c2548387a84e0cbd8a11c19238b1fce7775d216741fccd7ac722a0f7cd5711,ee570c715a0df06f400a3815f8b508637698ad2fa314679ce6539656d9a9cfcf,2026-09-17T13:06:57.983000+00:00,results/raw/baseline-ortools_routing-all-15s-1-326ad23543872278.json,100,0,203,0,100.0,22,958.423,1350.5333333333333,2365.4333333333334,10820.0,15,0,300.51,312.3,615.35,380.51,695.35,15223.909399999684,1.6120000000228174,16067.294999997102,63.1796875,14328.125,203,15,,,,,,,,9.15.6755,,,STATIC_PRIMARY_FRESH_PROCESS,True
ortools_routing,beeline-car-no-breaks-v1-declared-geography:all,all,PRIMARY,60.0,1,FEASIBLE,4cca666a01510ed955a46960414e8f1e05064b9980ce0d11125a3118fa760f75,65c2548387a84e0cbd8a11c19238b1fce7775d216741fccd7ac722a0f7cd5711,ee570c715a0df06f400a3815f8b508637698ad2fa314679ce6539656d9a9cfcf,2026-09-17T13:22:23.812519+00:00,results/raw/baseline-ortools_routing-all-60s-1-72c7d523cef0921f.json,100,0,203,0,100.0,21,916.241,1330.0166666666667,2114.65,10820.0,15,0,356.1222222222222,422.46666666666664,663.4833333333333,436.1222222222222,743.4833333333333,60191.078999996535,1.3976000009279232,60648.79639999708,63.265625,59312.5,203,15,,,,,,,,9.15.6755,,,STATIC_PRIMARY_FRESH_PROCESS,True
ortools_routing,beeline-car-no-breaks-v1-declared-geography:east,east,PRIMARY,1,1,FEASIBLE,4cca666a01510ed955a46960414e8f1e05064b9980ce0d11125a3118fa760f75,65c2548387a84e0cbd8a11c19238b1fce7775d216741fccd7ac722a0f7cd5711,ee570c715a0df06f400a3815f8b508637698ad2fa314679ce6539656d9a9cfcf,2026-09-17T10:17:00.754704+00:00,results/raw/baseline-ortools_routing-east-1s-1-e23d5a13bfca34d2.json,100,0,66,0,100.0,7,190.342,337.0833333333333,788.6666666666666,3560.0,3,0,115.13333333333333,7.733333333333333,335.51666666666665,195.13333333333333,415.51666666666665,1032.6891999993677,0.5006000010325806,,,,66,3,,,,,,,,9.15.6755,,,STATIC_BASELINE_NOT_FINAL_COMPARISON,True
ortools_routing,beeline-car-no-breaks-v1-declared-geography:east,east,PRIMARY,5,1,FEASIBLE,4cca666a01510ed955a46960414e8f1e05064b9980ce0d11125a3118fa760f75,65c2548387a84e0cbd8a11c19238b1fce7775d216741fccd7ac722a0f7cd5711,ee570c715a0df06f400a3815f8b508637698ad2fa314679ce6539656d9a9cfcf,2026-09-17T10:17:02.073700+00:00,results/raw/baseline-ortools_routing-east-5s-1-a3d2cdde907cffdc.json,100,0,66,0,100.0,7,190.342,337.0833333333333,788.6666666666666,3560.0,3,0,115.13333333333333,7.733333333333333,335.51666666666665,195.13333333333333,415.51666666666665,5015.989000001355,0.5849999997735722,,,,66,3,,,,,,,,9.15.6755,,,STATIC_BASELINE_NOT_FINAL_COMPARISON,True
ortools_routing,beeline-car-no-breaks-v1-declared-geography:exact-10,exact-10,PRIMARY,1.0,1,FEASIBLE,4cca666a01510ed955a46960414e8f1e05064b9980ce0d11125a3118fa760f75,65c2548387a84e0cbd8a11c19238b1fce7775d216741fccd7ac722a0f7cd5711,ee570c715a0df06f400a3815f8b508637698ad2fa314679ce6539656d9a9cfcf,2026-09-17T10:51:45.425010+00:00,results/raw/baseline-ortools_routing-exact-10-1s-1-3a0666e612cbc6c9.json,100,0,10,0,100.0,4,146.073,155.15,1704.85,490.0,0,0,,,,,,1004.4894000002387,0.1432999997632578,,,,10,0,,,,,,,,9.15.6755,,,STATIC_BASELINE_NOT_FINAL_COMPARISON,True
ortools_routing,beeline-car-no-breaks-v1-declared-geography:exact-15,exact-15,PRIMARY,1.0,1,FEASIBLE,4cca666a01510ed955a46960414e8f1e05064b9980ce0d11125a3118fa760f75,65c2548387a84e0cbd8a11c19238b1fce7775d216741fccd7ac722a0f7cd5711,ee570c715a0df06f400a3815f8b508637698ad2fa314679ce6539656d9a9cfcf,2026-09-17T10:51:46.495815+00:00,results/raw/baseline-ortools_routing-exact-15-1s-1-3722a5178095cd98.json,100,0,15,0,100.0,4,211.651,223.0,1687.0,680.0,0,0,,,,,,1008.2481000008556,0.2643000007083174,,,,15,0,,,,,,,,9.15.6755,,,STATIC_BASELINE_NOT_FINAL_COMPARISON,True
ortools_routing,beeline-car-no-breaks-v1-declared-geography:exact-20,exact-20,PRIMARY,1.0,1,FEASIBLE,4cca666a01510ed955a46960414e8f1e05064b9980ce0d11125a3118fa760f75,65c2548387a84e0cbd8a11c19238b1fce7775d216741fccd7ac722a0f7cd5711,ee570c715a0df06f400a3815f8b508637698ad2fa314679ce6539656d9a9cfcf,2026-09-17T10:51:47.595670+00:00,results/raw/baseline-ortools_routing-exact-20-1s-1-6e2283bf04c78cb9.json,100,0,20,0,100.0,5,225.868,248.86666666666667,2071.133333333333,960.0,0,0,,,,,,1014.3494000003557,0.38839999979245476,,,,20,0,,,,,,,,9.15.6755,,,STATIC_BASELINE_NOT_FINAL_COMPARISON,True
ortools_routing,beeline-car-no-breaks-v1-declared-geography:exact-5,exact-5,PRIMARY,1.0,1,FEASIBLE,4cca666a01510ed955a46960414e8f1e05064b9980ce0d11125a3118fa760f75,65c2548387a84e0cbd8a11c19238b1fce7775d216741fccd7ac722a0f7cd5711,ee570c715a0df06f400a3815f8b508637698ad2fa314679ce6539656d9a9cfcf,2026-09-17T10:51:44.011538+00:00,results/raw/baseline-ortools_routing-exact-5-1s-1-2121e90179a0c1b7.json,100,0,5,0,100.0,2,116.674,108.58333333333333,441.4166666666667,310.0,0,0,,,,,,1030.5926999990334,0.11359999916749075,,,,5,0,,,,,,,,9.15.6755,,,STATIC_BASELINE_NOT_FINAL_COMPARISON,True
ortools_routing,beeline-car-no-breaks-v1-declared-geography:southcentral,southcentral,PRIMARY,1,1,FEASIBLE,4cca666a01510ed955a46960414e8f1e05064b9980ce0d11125a3118fa760f75,65c2548387a84e0cbd8a11c19238b1fce7775d216741fccd7ac722a0f7cd5711,ee570c715a0df06f400a3815f8b508637698ad2fa314679ce6539656d9a9cfcf,2026-09-17T10:17:13.414004+00:00,results/raw/baseline-ortools_routing-southcentral-1s-1-dc2b7a3d0ca3c7e8.json,100,0,56,0,100.0,5,199.49,348.26666666666665,614.9333333333333,2830.0,0,0,,,,,,1017.2005999993416,0.7987999997567385,,,,56,0,,,,,,,,9.15.6755,,,STATIC_BASELINE_NOT_FINAL_COMPARISON,True
ortools_routing,beeline-car-no-breaks-v1-declared-geography:southcentral,southcentral,PRIMARY,5,1,FEASIBLE,4cca666a01510ed955a46960414e8f1e05064b9980ce0d11125a3118fa760f75,65c2548387a84e0cbd8a11c19238b1fce7775d216741fccd7ac722a0f7cd5711,ee570c715a0df06f400a3815f8b508637698ad2fa314679ce6539656d9a9cfcf,2026-09-17T10:17:14.490574+00:00,results/raw/baseline-ortools_routing-southcentral-5s-1-11c7dfe6d15b7033.json,100,0,56,0,100.0,5,181.111,320.6,632.85,2830.0,0,0,,,,,,5022.145900000396,0.5209999999351567,,,,56,0,,,,,,,,9.15.6755,,,STATIC_BASELINE_NOT_FINAL_COMPARISON,True
ortools_routing,beeline-car-no-breaks-v1-declared-geography:southeast,southeast,PRIMARY,1,1,FEASIBLE,4cca666a01510ed955a46960414e8f1e05064b9980ce0d11125a3118fa760f75,65c2548387a84e0cbd8a11c19238b1fce7775d216741fccd7ac722a0f7cd5711,ee570c715a0df06f400a3815f8b508637698ad2fa314679ce6539656d9a9cfcf,2026-09-17T10:17:07.192647+00:00,results/raw/baseline-ortools_routing-southeast-1s-1-81db375230989390.json,100,0,81,0,100.0,10,734.513,817.4166666666666,683.95,4430.0,12,0,360.4458333333333,424.55,633.9833333333333,440.4458333333333,713.9833333333333,1022.0468999996228,0.8622999994258862,,,,81,12,,,,,,,,9.15.6755,,,STATIC_BASELINE_NOT_FINAL_COMPARISON,True
ortools_routing,beeline-car-no-breaks-v1-declared-geography:southeast,southeast,PRIMARY,5,1,FEASIBLE,4cca666a01510ed955a46960414e8f1e05064b9980ce0d11125a3118fa760f75,65c2548387a84e0cbd8a11c19238b1fce7775d216741fccd7ac722a0f7cd5711,ee570c715a0df06f400a3815f8b508637698ad2fa314679ce6539656d9a9cfcf,2026-09-17T10:17:08.286947+00:00,results/raw/baseline-ortools_routing-southeast-5s-1-592cd5721a6637f6.json,100,0,81,0,100.0,10,685.562,773.4666666666667,811.6333333333333,4430.0,12,0,410.1430555555556,465.39166666666665,684.6666666666666,490.1430555555556,764.6666666666666,5026.4595999997255,0.5528000001504552,,,,81,12,,,,,,,,9.15.6755,,,STATIC_BASELINE_NOT_FINAL_COMPARISON,True
pyvrp,beeline-car-no-breaks-v1-declared-geography:all,all,PRIMARY,1.0,1,FEASIBLE,c0a2cb82c65e2ad68434044c2b7c31a563be148cfb4604024dda89158897f08c,65c2548387a84e0cbd8a11c19238b1fce7775d216741fccd7ac722a0f7cd5711,ee570c715a0df06f400a3815f8b508637698ad2fa314679ce6539656d9a9cfcf,2026-09-17T12:58:54.075628+00:00,results/raw/baseline-pyvrp-all-1s-1-22b981541cc09729.json,100,0,203,0,100.0,22,970.788,1372.4666666666667,1342.75,10820.0,15,0,375.21777777777777,412.21666666666664,653.2333333333333,455.21777777777777,733.2333333333333,1353.209999997489,3.4890999995695893,2303.952300000674,62.1015625,1875.0,203,15,,,,,,,,0.14.0,,,STATIC_PRIMARY_FRESH_PROCESS,True
pyvrp,beeline-car-no-breaks-v1-declared-geography:all,all,PRIMARY,1,2,FEASIBLE,c0a2cb82c65e2ad68434044c2b7c31a563be148cfb4604024dda89158897f08c,65c2548387a84e0cbd8a11c19238b1fce7775d216741fccd7ac722a0f7cd5711,ee570c715a0df06f400a3815f8b508637698ad2fa314679ce6539656d9a9cfcf,2026-09-17T10:49:44.902790+00:00,results/raw/baseline-pyvrp-all-1s-2-33740d293844cdac.json,100,0,203,0,100.0,22,1088.598,1495.35,797.9166666666666,10820.0,15,0,445.16555555555556,491.26666666666665,699.8333333333334,525.1655555555556,779.8333333333334,1177.440800000113,1.050799999575247,,,,203,15,,,,,,,,0.14.0,,,STATIC_BASELINE_NOT_FINAL_COMPARISON,True
pyvrp,beeline-car-no-breaks-v1-declared-geography:all,all,PRIMARY,1,3,FEASIBLE,c0a2cb82c65e2ad68434044c2b7c31a563be148cfb4604024dda89158897f08c,65c2548387a84e0cbd8a11c19238b1fce7775d216741fccd7ac722a0f7cd5711,ee570c715a0df06f400a3815f8b508637698ad2fa314679ce6539656d9a9cfcf,2026-09-17T10:49:46.435168+00:00,results/raw/baseline-pyvrp-all-1s-3-10007188f148e9cf.json,100,0,203,0,100.0,22,1033.657,1413.3166666666666,1302.7333333333333,10820.0,15,0,427.6477777777778,495.5,699.2833333333333,507.6477777777778,779.2833333333333,1204.7471000005316,1.370899999528774,,,,203,15,,,,,,,,0.14.0,,,STATIC_BASELINE_NOT_FINAL_COMPARISON,True
pyvrp,beeline-car-no-breaks-v1-declared-geography:all,all,PRIMARY,1,4,FEASIBLE,c0a2cb82c65e2ad68434044c2b7c31a563be148cfb4604024dda89158897f08c,65c2548387a84e0cbd8a11c19238b1fce7775d216741fccd7ac722a0f7cd5711,ee570c715a0df06f400a3815f8b508637698ad2fa314679ce6539656d9a9cfcf,2026-09-17T10:49:47.714689+00:00,results/raw/baseline-pyvrp-all-1s-4-fa5312ebfa0da2f4.json,100,0,203,0,100.0,23,1021.526,1395.3333333333333,1536.1833333333334,10820.0,15,0,404.31,437.6166666666667,697.2833333333333,484.31,777.2833333333333,1306.6182999991725,1.6354999988834606,,,,203,15,,,,,,,,0.14.0,,,STATIC_BASELINE_NOT_FINAL_COMPARISON,True
pyvrp,beeline-car-no-breaks-v1-declared-geography:all,all,PRIMARY,1,5,FEASIBLE,c0a2cb82c65e2ad68434044c2b7c31a563be148cfb4604024dda89158897f08c,65c2548387a84e0cbd8a11c19238b1fce7775d216741fccd7ac722a0f7cd5711,ee570c715a0df06f400a3815f8b508637698ad2fa314679ce6539656d9a9cfcf,2026-09-17T10:49:49.109335+00:00,results/raw/baseline-pyvrp-all-1s-5-17c0ea5c204bf008.json,100,0,203,0,100.0,23,1036.104,1403.7166666666667,1685.8333333333333,10820.0,15,0,477.8,532.2666666666667,692.8833333333333,557.8,772.8833333333333,1383.9184999997087,2.731099999436992,,,,203,15,,,,,,,,0.14.0,,,STATIC_BASELINE_NOT_FINAL_COMPARISON,True
pyvrp,beeline-car-no-breaks-v1-declared-geography:all,all,PRIMARY,1,6,FEASIBLE,c0a2cb82c65e2ad68434044c2b7c31a563be148cfb4604024dda89158897f08c,65c2548387a84e0cbd8a11c19238b1fce7775d216741fccd7ac722a0f7cd5711,ee570c715a0df06f400a3815f8b508637698ad2fa314679ce6539656d9a9cfcf,2026-09-17T10:49:50.592006+00:00,results/raw/baseline-pyvrp-all-1s-6-352477d2cff4fa0c.json,100,0,203,0,100.0,23,1012.277,1354.6,1489.3833333333334,10820.0,15,0,382.4277777777778,399.68333333333334,642.1333333333333,462.4277777777778,722.1333333333333,1413.5934000005363,2.1343999997043284,,,,203,15,,,,,,,,0.14.0,,,STATIC_BASELINE_NOT_FINAL_COMPARISON,True
pyvrp,beeline-car-no-breaks-v1-declared-geography:all,all,PRIMARY,1,7,FEASIBLE,c0a2cb82c65e2ad68434044c2b7c31a563be148cfb4604024dda89158897f08c,65c2548387a84e0cbd8a11c19238b1fce7775d216741fccd7ac722a0f7cd5711,ee570c715a0df06f400a3815f8b508637698ad2fa314679ce6539656d9a9cfcf,2026-09-17T10:49:52.112177+00:00,results/raw/baseline-pyvrp-all-1s-7-e02a3999a66dfa89.json,100,0,203,0,100.0,20,941.877,1378.6333333333334,545.1,10820.0,15,0,383.6788888888889,454.6333333333333,663.4833333333333,463.6788888888889,743.4833333333333,1284.4470999989426,2.4105000011331867,,,,203,15,,,,,,,,0.14.0,,,STATIC_BASELINE_NOT_FINAL_COMPARISON,True
pyvrp,beeline-car-no-breaks-v1-declared-geography:all,all,PRIMARY,1,8,FEASIBLE,c0a2cb82c65e2ad68434044c2b7c31a563be148cfb4604024dda89158897f08c,65c2548387a84e0cbd8a11c19238b1fce7775d216741fccd7ac722a0f7cd5711,ee570c715a0df06f400a3815f8b508637698ad2fa314679ce6539656d9a9cfcf,2026-09-17T10:49:53.510951+00:00,results/raw/baseline-pyvrp-all-1s-8-8b8e45836471f535.json,100,0,203,0,100.0,23,914.802,1298.5833333333333,1264.2333333333333,10820.0,15,0,392.4788888888889,468.71666666666664,655.1333333333333,472.4788888888889,735.1333333333333,1297.6364999994985,2.473700000336976,,,,203,15,,,,,,,,0.14.0,,,STATIC_BASELINE_NOT_FINAL_COMPARISON,True
pyvrp,beeline-car-no-breaks-v1-declared-geography:all,all,PRIMARY,1,9,NO_SOLUTION_FOUND,c0a2cb82c65e2ad68434044c2b7c31a563be148cfb4604024dda89158897f08c,65c2548387a84e0cbd8a11c19238b1fce7775d216741fccd7ac722a0f7cd5711,ee570c715a0df06f400a3815f8b508637698ad2fa314679ce6539656d9a9cfcf,2026-09-17T10:49:54.918018+00:00,results/raw/baseline-pyvrp-all-1s-9-5c2704c74f383221.json,0,,,,,,,,,,,,,,,,,1401.3754999996308,,,,,203,,,,,,,,,0.14.0,,,STATIC_BASELINE_NOT_FINAL_COMPARISON,False
pyvrp,beeline-car-no-breaks-v1-declared-geography:all,all,PRIMARY,1,10,NO_SOLUTION_FOUND,c0a2cb82c65e2ad68434044c2b7c31a563be148cfb4604024dda89158897f08c,65c2548387a84e0cbd8a11c19238b1fce7775d216741fccd7ac722a0f7cd5711,ee570c715a0df06f400a3815f8b508637698ad2fa314679ce6539656d9a9cfcf,2026-09-17T10:49:56.419297+00:00,results/raw/baseline-pyvrp-all-1s-10-0121a269f1e31e1a.json,0,,,,,,,,,,,,,,,,,1309.844499999599,,,,,203,,,,,,,,,0.14.0,,,STATIC_BASELINE_NOT_FINAL_COMPARISON,False
pyvrp,beeline-car-no-breaks-v1-declared-geography:all,all,PRIMARY,5.0,1,FEASIBLE,c0a2cb82c65e2ad68434044c2b7c31a563be148cfb4604024dda89158897f08c,65c2548387a84e0cbd8a11c19238b1fce7775d216741fccd7ac722a0f7cd5711,ee570c715a0df06f400a3815f8b508637698ad2fa314679ce6539656d9a9cfcf,2026-09-17T13:00:05.347417+00:00,results/raw/baseline-pyvrp-all-5s-1-c4bcfee306301534.json,100,0,203,0,100.0,22,954.316,1349.3,1283.4166666666667,10820.0,15,0,358.3066666666667,428.5833333333333,601.3833333333333,438.3066666666667,681.3833333333333,5360.530600002676,1.8735999983618967,6160.344299998542,70.55859375,5687.5,203,15,,,,,,,,0.14.0,,,STATIC_PRIMARY_FRESH_PROCESS,True
pyvrp,beeline-car-no-breaks-v1-declared-geography:all,all,PRIMARY,5,2,FEASIBLE,c0a2cb82c65e2ad68434044c2b7c31a563be148cfb4604024dda89158897f08c,65c2548387a84e0cbd8a11c19238b1fce7775d216741fccd7ac722a0f7cd5711,ee570c715a0df06f400a3815f8b508637698ad2fa314679ce6539656d9a9cfcf,2026-09-17T10:49:57.848495+00:00,results/raw/baseline-pyvrp-all-5s-2-896b932c85467465.json,100,0,203,0,100.0,21,955.594,1365.6666666666667,909.9666666666667,10820.0,15,0,394.14,468.28333333333336,673.05,474.14,753.05,5346.2842000008095,1.8030000010185177,,,,203,15,,,,,,,,0.14.0,,,STATIC_BASELINE_NOT_FINAL_COMPARISON,True
pyvrp,beeline-car-no-breaks-v1-declared-geography:all,all,PRIMARY,5,3,FEASIBLE,c0a2cb82c65e2ad68434044c2b7c31a563be148cfb4604024dda89158897f08c,65c2548387a84e0cbd8a11c19238b1fce7775d216741fccd7ac722a0f7cd5711,ee570c715a0df06f400a3815f8b508637698ad2fa314679ce6539656d9a9cfcf,2026-09-17T10:50:03.288554+00:00,results/raw/baseline-pyvrp-all-5s-3-c9a42ded4e93f243.json,100,0,203,0,100.0,21,1020.24,1406.6666666666667,959.95,10820.0,15,0,440.3622222222222,522.6,697.6166666666667,520.3622222222222,777.6166666666667,5296.897700000045,1.974099999642931,,,,203,15,,,,,,,,0.14.0,,,STATIC_BASELINE_NOT_FINAL_COMPARISON,True
pyvrp,beeline-car-no-breaks-v1-declared-geography:all,all,PRIMARY,5,4,FEASIBLE,c0a2cb82c65e2ad68434044c2b7c31a563be148cfb4604024dda89158897f08c,65c2548387a84e0cbd8a11c19238b1fce7775d216741fccd7ac722a0f7cd5711,ee570c715a0df06f400a3815f8b508637698ad2fa314679ce6539656d9a9cfcf,2026-09-17T10:50:08.672351+00:00,results/raw/baseline-pyvrp-all-5s-4-7ac2f09bcaac76d8.json,100,0,203,0,100.0,22,888.147,1271.7666666666667,1313.1833333333334,10820.0,15,0,421.1422222222222,454.3,663.5333333333333,501.1422222222222,743.5333333333333,5285.628800000268,2.3669000001973473,,,,203,15,,,,,,,,0.14.0,,,STATIC_BASELINE_NOT_FINAL_COMPARISON,True
pyvrp,beeline-car-no-breaks-v1-declared-geography:all,all,PRIMARY,5,5,FEASIBLE,c0a2cb82c65e2ad68434044c2b7c31a563be148cfb4604024dda89158897f08c,65c2548387a84e0cbd8a11c19238b1fce7775d216741fccd7ac722a0f7cd5711,ee570c715a0df06f400a3815f8b508637698ad2fa314679ce6539656d9a9cfcf,2026-09-17T10:50:14.063454+00:00,results/raw/baseline-pyvrp-all-5s-5-7fc8c7aa4bd7f0e7.json,100,0,203,0,100.0,22,909.656,1306.0,988.1333333333333,10820.0,15,0,438.71999999999997,481.3666666666667,670.85,518.72,750.85,5355.526999999711,2.3632000011275522,,,,203,15,,,,,,,,0.14.0,,,STATIC_BASELINE_NOT_FINAL_COMPARISON,True
pyvrp,beeline-car-no-breaks-v1-declared-geography:all,all,PRIMARY,5,6,FEASIBLE,c0a2cb82c65e2ad68434044c2b7c31a563be148cfb4604024dda89158897f08c,65c2548387a84e0cbd8a11c19238b1fce7775d216741fccd7ac722a0f7cd5711,ee570c715a0df06f400a3815f8b508637698ad2fa314679ce6539656d9a9cfcf,2026-09-17T10:50:19.530547+00:00,results/raw/baseline-pyvrp-all-5s-6-13c53b8c5cd52582.json,100,0,203,0,100.0,22,984.568,1380.3,850.9833333333333,10820.0,15,0,363.97666666666663,401.26666666666665,642.2833333333333,443.97666666666663,722.2833333333333,5306.420499999149,1.8620999999257037,,,,203,15,,,,,,,,0.14.0,,,STATIC_BASELINE_NOT_FINAL_COMPARISON,True
pyvrp,beeline-car-no-breaks-v1-declared-geography:all,all,PRIMARY,5,7,FEASIBLE,c0a2cb82c65e2ad68434044c2b7c31a563be148cfb4604024dda89158897f08c,65c2548387a84e0cbd8a11c19238b1fce7775d216741fccd7ac722a0f7cd5711,ee570c715a0df06f400a3815f8b508637698ad2fa314679ce6539656d9a9cfcf,2026-09-17T10:50:24.969390+00:00,results/raw/baseline-pyvrp-all-5s-7-1b7f83a9d1e83cfd.json,100,0,203,0,100.0,20,941.877,1378.6333333333334,545.1,10820.0,15,0,383.6788888888889,454.6333333333333,663.4833333333333,463.6788888888889,743.4833333333333,5292.742899999212,1.3305000011314405,,,,203,15,,,,,,,,0.14.0,,,STATIC_BASELINE_NOT_FINAL_COMPARISON,True
pyvrp,beeline-car-no-breaks-v1-declared-geography:all,all,PRIMARY,5,8,FEASIBLE,c0a2cb82c65e2ad68434044c2b7c31a563be148cfb4604024dda89158897f08c,65c2548387a84e0cbd8a11c19238b1fce7775d216741fccd7ac722a0f7cd5711,ee570c715a0df06f400a3815f8b508637698ad2fa314679ce6539656d9a9cfcf,2026-09-17T10:50:30.354151+00:00,results/raw/baseline-pyvrp-all-5s-8-ad827c784add46f0.json,100,0,203,0,100.0,20,953.384,1370.4,712.3333333333334,10820.0,15,0,460.62666666666667,525.05,697.9166666666666,540.6266666666667,777.9166666666666,5252.227699998912,1.4367999992828118,,,,203,15,,,,,,,,0.14.0,,,STATIC_BASELINE_NOT_FINAL_COMPARISON,True
pyvrp,beeline-car-no-breaks-v1-declared-geography:all,all,PRIMARY,5,9,FEASIBLE,c0a2cb82c65e2ad68434044c2b7c31a563be148cfb4604024dda89158897f08c,65c2548387a84e0cbd8a11c19238b1fce7775d216741fccd7ac722a0f7cd5711,ee570c715a0df06f400a3815f8b508637698ad2fa314679ce6539656d9a9cfcf,2026-09-17T10:50:35.692514+00:00,results/raw/baseline-pyvrp-all-5s-9-041c865097e03f51.json,100,0,203,0,100.0,22,1036.509,1401.1666666666667,867.8,10820.0,15,0,414.57,478.9166666666667,659.1166666666667,494.57,739.1166666666667,5270.247000000381,1.9897000001947163,,,,203,15,,,,,,,,0.14.0,,,STATIC_BASELINE_NOT_FINAL_COMPARISON,True
pyvrp,beeline-car-no-breaks-v1-declared-geography:all,all,PRIMARY,5,10,FEASIBLE,c0a2cb82c65e2ad68434044c2b7c31a563be148cfb4604024dda89158897f08c,65c2548387a84e0cbd8a11c19238b1fce7775d216741fccd7ac722a0f7cd5711,ee570c715a0df06f400a3815f8b508637698ad2fa314679ce6539656d9a9cfcf,2026-09-17T10:50:41.049888+00:00,results/raw/baseline-pyvrp-all-5s-10-668cd426f9cbbbb2.json,100,0,203,0,100.0,21,899.086,1315.35,857.3333333333334,10820.0,15,0,424.41777777777776,502.93333333333334,663.4833333333333,504.41777777777776,743.4833333333333,5301.703999999518,2.77029999961087,,,,203,15,,,,,,,,0.14.0,,,STATIC_BASELINE_NOT_FINAL_COMPARISON,True
pyvrp,beeline-car-no-breaks-v1-declared-geography:all,all,PRIMARY,15.0,1,FEASIBLE,c0a2cb82c65e2ad68434044c2b7c31a563be148cfb4604024dda89158897f08c,65c2548387a84e0cbd8a11c19238b1fce7775d216741fccd7ac722a0f7cd5711,ee570c715a0df06f400a3815f8b508637698ad2fa314679ce6539656d9a9cfcf,2026-09-17T13:07:14.216211+00:00,results/raw/baseline-pyvrp-all-15s-1-2bbf3e91386f3a6c.json,100,0,203,0,100.0,21,967.473,1374.7333333333333,1160.9666666666667,10820.0,15,0,467.37555555555554,510.15,693.1833333333333,547.3755555555556,773.1833333333333,15315.540400002646,2.345400000194786,16173.858799997106,73.26953125,15109.375,203,15,,,,,,,,0.14.0,,,STATIC_PRIMARY_FRESH_PROCESS,True
pyvrp,beeline-car-no-breaks-v1-declared-geography:all,all,PRIMARY,60.0,1,FEASIBLE,c0a2cb82c65e2ad68434044c2b7c31a563be148cfb4604024dda89158897f08c,65c2548387a84e0cbd8a11c19238b1fce7775d216741fccd7ac722a0f7cd5711,ee570c715a0df06f400a3815f8b508637698ad2fa314679ce6539656d9a9cfcf,2026-09-17T13:23:24.592218+00:00,results/raw/baseline-pyvrp-all-60s-1-b872aac3ffd96599.json,100,0,203,0,100.0,20,884.633,1303.4333333333334,641.0666666666667,10820.0,15,0,436.8433333333333,489.25,697.2833333333333,516.8433333333334,777.2833333333333,60186.070999996446,1.650799997150898,60731.0241999985,73.4140625,59671.875,203,15,,,,,,,,0.14.0,,,STATIC_PRIMARY_FRESH_PROCESS,True
pyvrp,beeline-car-no-breaks-v1-declared-geography:east,east,PRIMARY,1,1,FEASIBLE,c0a2cb82c65e2ad68434044c2b7c31a563be148cfb4604024dda89158897f08c,65c2548387a84e0cbd8a11c19238b1fce7775d216741fccd7ac722a0f7cd5711,ee570c715a0df06f400a3815f8b508637698ad2fa314679ce6539656d9a9cfcf,2026-09-17T10:19:50.095569+00:00,results/raw/baseline-pyvrp-east-1s-1-200b1d72af7359a0.json,100,0,66,0,100.0,6,185.749,332.3833333333333,211.73333333333332,3560.0,3,0,199.63888888888889,23.2,566.2166666666667,279.6388888888889,646.2166666666667,1029.2105999997148,0.3131000012217555,,,,66,3,,,,,,,,0.14.0,,,STATIC_BASELINE_NOT_FINAL_COMPARISON,True
pyvrp,beeline-car-no-breaks-v1-declared-geography:east,east,PRIMARY,5,1,FEASIBLE,c0a2cb82c65e2ad68434044c2b7c31a563be148cfb4604024dda89158897f08c,65c2548387a84e0cbd8a11c19238b1fce7775d216741fccd7ac722a0f7cd5711,ee570c715a0df06f400a3815f8b508637698ad2fa314679ce6539656d9a9cfcf,2026-09-17T10:19:51.375466+00:00,results/raw/baseline-pyvrp-east-5s-1-7258cb9df7ad60ef.json,100,0,66,0,100.0,6,184.868,327.6166666666667,85.13333333333334,3560.0,3,0,308.1388888888889,450.3833333333333,456.3,388.13888888888886,536.3,5026.196799999525,0.44469999920693226,,,,66,3,,,,,,,,0.14.0,,,STATIC_BASELINE_NOT_FINAL_COMPARISON,True
pyvrp,beeline-car-no-breaks-v1-declared-geography:exact-10,exact-10,PRIMARY,1.0,1,FEASIBLE,c0a2cb82c65e2ad68434044c2b7c31a563be148cfb4604024dda89158897f08c,65c2548387a84e0cbd8a11c19238b1fce7775d216741fccd7ac722a0f7cd5711,ee570c715a0df06f400a3815f8b508637698ad2fa314679ce6539656d9a9cfcf,2026-09-17T10:51:50.299618+00:00,results/raw/baseline-pyvrp-exact-10-1s-1-470c2c73ef17f745.json,100,0,10,0,100.0,4,146.073,155.15,676.0333333333333,490.0,0,0,,,,,,1004.511299999649,0.11860000086016953,,,,10,0,,,,,,,,0.14.0,,,STATIC_BASELINE_NOT_FINAL_COMPARISON,True
pyvrp,beeline-car-no-breaks-v1-declared-geography:exact-15,exact-15,PRIMARY,1.0,1,FEASIBLE,c0a2cb82c65e2ad68434044c2b7c31a563be148cfb4604024dda89158897f08c,65c2548387a84e0cbd8a11c19238b1fce7775d216741fccd7ac722a0f7cd5711,ee570c715a0df06f400a3815f8b508637698ad2fa314679ce6539656d9a9cfcf,2026-09-17T10:51:51.371989+00:00,results/raw/baseline-pyvrp-exact-15-1s-1-7296fbf2627316b5.json,100,0,15,0,100.0,4,211.651,223.0,653.1,680.0,0,0,,,,,,1006.9555999998556,0.2779000005830312,,,,15,0,,,,,,,,0.14.0,,,STATIC_BASELINE_NOT_FINAL_COMPARISON,True
pyvrp,beeline-car-no-breaks-v1-declared-geography:exact-20,exact-20,PRIMARY,1.0,1,FEASIBLE,c0a2cb82c65e2ad68434044c2b7c31a563be148cfb4604024dda89158897f08c,65c2548387a84e0cbd8a11c19238b1fce7775d216741fccd7ac722a0f7cd5711,ee570c715a0df06f400a3815f8b508637698ad2fa314679ce6539656d9a9cfcf,2026-09-17T10:51:52.468374+00:00,results/raw/baseline-pyvrp-exact-20-1s-1-d7cafd5065cb9b72.json,100,0,20,0,100.0,5,225.868,248.86666666666667,779.0833333333334,960.0,0,0,,,,,,1014.695899999424,0.2727999999478925,,,,20,0,,,,,,,,0.14.0,,,STATIC_BASELINE_NOT_FINAL_COMPARISON,True
pyvrp,beeline-car-no-breaks-v1-declared-geography:exact-5,exact-5,PRIMARY,1.0,1,FEASIBLE,c0a2cb82c65e2ad68434044c2b7c31a563be148cfb4604024dda89158897f08c,65c2548387a84e0cbd8a11c19238b1fce7775d216741fccd7ac722a0f7cd5711,ee570c715a0df06f400a3815f8b508637698ad2fa314679ce6539656d9a9cfcf,2026-09-17T10:51:48.932493+00:00,results/raw/baseline-pyvrp-exact-5-1s-1-d2ce7e50a71c9f9a.json,100,0,5,0,100.0,2,116.674,108.58333333333333,163.08333333333334,310.0,0,0,,,,,,1004.5950000003359,0.1494999996793922,,,,5,0,,,,,,,,0.14.0,,,STATIC_BASELINE_NOT_FINAL_COMPARISON,True
pyvrp,beeline-car-no-breaks-v1-declared-geography:southcentral,southcentral,PRIMARY,1,1,FEASIBLE,c0a2cb82c65e2ad68434044c2b7c31a563be148cfb4604024dda89158897f08c,65c2548387a84e0cbd8a11c19238b1fce7775d216741fccd7ac722a0f7cd5711,ee570c715a0df06f400a3815f8b508637698ad2fa314679ce6539656d9a9cfcf,2026-09-17T10:20:02.727707+00:00,results/raw/baseline-pyvrp-southcentral-1s-1-8ac603e95f50cf88.json,100,0,56,0,100.0,5,175.675,314.0833333333333,144.71666666666667,2830.0,0,0,,,,,,1023.7465999998676,0.33680000160529744,,,,56,0,,,,,,,,0.14.0,,,STATIC_BASELINE_NOT_FINAL_COMPARISON,True
pyvrp,beeline-car-no-breaks-v1-declared-geography:southcentral,southcentral,PRIMARY,5,1,FEASIBLE,c0a2cb82c65e2ad68434044c2b7c31a563be148cfb4604024dda89158897f08c,65c2548387a84e0cbd8a11c19238b1fce7775d216741fccd7ac722a0f7cd5711,ee570c715a0df06f400a3815f8b508637698ad2fa314679ce6539656d9a9cfcf,2026-09-17T10:20:03.803290+00:00,results/raw/baseline-pyvrp-southcentral-5s-1-38237f9e2f455fa3.json,100,0,56,0,100.0,5,167.245,306.21666666666664,243.86666666666667,2830.0,0,0,,,,,,5022.868199999721,0.39739999920129776,,,,56,0,,,,,,,,0.14.0,,,STATIC_BASELINE_NOT_FINAL_COMPARISON,True
pyvrp,beeline-car-no-breaks-v1-declared-geography:southeast,southeast,PRIMARY,1,1,FEASIBLE,c0a2cb82c65e2ad68434044c2b7c31a563be148cfb4604024dda89158897f08c,65c2548387a84e0cbd8a11c19238b1fce7775d216741fccd7ac722a0f7cd5711,ee570c715a0df06f400a3815f8b508637698ad2fa314679ce6539656d9a9cfcf,2026-09-17T10:19:56.483557+00:00,results/raw/baseline-pyvrp-southeast-1s-1-9142532ed6767c3f.json,100,0,81,0,100.0,9,580.983,699.9,587.6666666666666,4430.0,12,0,466.23055555555555,498.01666666666665,683.55,546.2305555555555,763.55,1048.4175000001414,0.8792999997240258,,,,81,12,,,,,,,,0.14.0,,,STATIC_BASELINE_NOT_FINAL_COMPARISON,True
pyvrp,beeline-car-no-breaks-v1-declared-geography:southeast,southeast,PRIMARY,5,1,FEASIBLE,c0a2cb82c65e2ad68434044c2b7c31a563be148cfb4604024dda89158897f08c,65c2548387a84e0cbd8a11c19238b1fce7775d216741fccd7ac722a0f7cd5711,ee570c715a0df06f400a3815f8b508637698ad2fa314679ce6539656d9a9cfcf,2026-09-17T10:19:57.593294+00:00,results/raw/baseline-pyvrp-southeast-5s-1-0ffc31a10b79ce18.json,100,0,81,0,100.0,9,483.164,599.95,225.71666666666667,4430.0,12,0,393.96666666666664,438.4083333333333,663.5333333333333,473.96666666666664,743.5333333333333,5045.538500000475,0.5294999991747318,,,,81,12,,,,,,,,0.14.0,,,STATIC_BASELINE_NOT_FINAL_COMPARISON,True
scip,beeline-car-no-breaks-v1-declared-geography:all,all,PRIMARY,1.0,1,FEASIBLE,0ecd1eb65e663c73d656dc64116d3380ae6fc22e6ec47e4e79351e0060f2ed51,65c2548387a84e0cbd8a11c19238b1fce7775d216741fccd7ac722a0f7cd5711,ee570c715a0df06f400a3815f8b508637698ad2fa314679ce6539656d9a9cfcf,2026-09-17T12:59:30.526982+00:00,results/raw/baseline-scip-all-1s-1-e265910f7eb3294f.json,100,0,0,203,0.0,0,0.0,0.0,0.0,0.0,0,15,,,,,,4359.923899999558,0.36669999826699495,6006.980999998632,442.109375,5656.25,203,15,,,,,,,,10.0.2,-1e+20,,STATIC_PRIMARY_FRESH_PROCESS,True
scip,beeline-car-no-breaks-v1-declared-geography:all,all,PRIMARY,5.0,1,FEASIBLE,0ecd1eb65e663c73d656dc64116d3380ae6fc22e6ec47e4e79351e0060f2ed51,65c2548387a84e0cbd8a11c19238b1fce7775d216741fccd7ac722a0f7cd5711,ee570c715a0df06f400a3815f8b508637698ad2fa314679ce6539656d9a9cfcf,2026-09-17T13:01:03.188429+00:00,results/raw/baseline-scip-all-5s-1-3b4f26a2bb39e108.json,100,0,0,203,0.0,0,0.0,0.0,0.0,0.0,0,15,,,,,,7754.212700001517,0.4042000000481494,9186.345699999947,685.4921875,8859.375,203,15,,,,,,,,10.0.2,-1e+20,,STATIC_PRIMARY_FRESH_PROCESS,True
scip,beeline-car-no-breaks-v1-declared-geography:all,all,PRIMARY,15.0,1,FEASIBLE,0ecd1eb65e663c73d656dc64116d3380ae6fc22e6ec47e4e79351e0060f2ed51,65c2548387a84e0cbd8a11c19238b1fce7775d216741fccd7ac722a0f7cd5711,ee570c715a0df06f400a3815f8b508637698ad2fa314679ce6539656d9a9cfcf,2026-09-17T13:09:12.458786+00:00,results/raw/baseline-scip-all-15s-1-a6cb2a9e19741f97.json,100,0,0,203,0.0,0,0.0,0.0,0.0,0.0,0,15,,,,,,17451.42869999836,0.21769999875687063,18995.855900000606,726.69140625,17750.0,203,15,,,,,,,,10.0.2,-1e+20,,STATIC_PRIMARY_FRESH_PROCESS,True
scip,beeline-car-no-breaks-v1-declared-geography:all,all,PRIMARY,60.0,1,FEASIBLE,0ecd1eb65e663c73d656dc64116d3380ae6fc22e6ec47e4e79351e0060f2ed51,65c2548387a84e0cbd8a11c19238b1fce7775d216741fccd7ac722a0f7cd5711,ee570c715a0df06f400a3815f8b508637698ad2fa314679ce6539656d9a9cfcf,2026-09-17T13:29:05.715157+00:00,results/raw/baseline-scip-all-60s-1-27c19bdb7371c8c9.json,100,0,1,202,0.49261083743842365,1,5.801,8.4,291.6,80.0,0,15,,,,,,63213.84970000145,0.4206000012345612,65879.80610000159,1521.54296875,63234.375,203,15,,,,,,,,10.0.2,-1504713828060.0,9.637425808902343,STATIC_PRIMARY_FRESH_PROCESS,True
scip,beeline-car-no-breaks-v1-declared-geography:east,east,PRIMARY,1,1,FEASIBLE,81b7a0d931892e2dff3228e1c3d0fd7390b0c0385c81a2f7edb5b0cb9280d0e0,65c2548387a84e0cbd8a11c19238b1fce7775d216741fccd7ac722a0f7cd5711,ee570c715a0df06f400a3815f8b508637698ad2fa314679ce6539656d9a9cfcf,2026-09-17T10:33:40.455972+00:00,results/raw/baseline-scip-east-1s-1-43c56b63a1a3f7b0.json,100,0,0,66,0.0,0,0.0,0.0,0.0,0.0,0,3,,,,,,1763.9228000007279,0.15519999942625873,,,,66,3,,,,,,,,10.0.2,-1e+20,,STATIC_BASELINE_NOT_FINAL_COMPARISON,True
scip,beeline-car-no-breaks-v1-declared-geography:east,east,PRIMARY,5,1,FEASIBLE,81b7a0d931892e2dff3228e1c3d0fd7390b0c0385c81a2f7edb5b0cb9280d0e0,65c2548387a84e0cbd8a11c19238b1fce7775d216741fccd7ac722a0f7cd5711,ee570c715a0df06f400a3815f8b508637698ad2fa314679ce6539656d9a9cfcf,2026-09-17T10:33:42.586029+00:00,results/raw/baseline-scip-east-5s-1-ea3aa2959e399276.json,100,0,0,66,0.0,0,0.0,0.0,0.0,0.0,0,3,,,,,,5412.696999999753,0.10040000051958486,,,,66,3,,,,,,,,10.0.2,-1e+20,,STATIC_BASELINE_NOT_FINAL_COMPARISON,True
scip,beeline-car-no-breaks-v1-declared-geography:exact-10,exact-10,PRIMARY,5.0,1,OPTIMAL,92813620b4ac1665ba4db57815c8d8721de8456255821c3c2761d158c3554d60,65c2548387a84e0cbd8a11c19238b1fce7775d216741fccd7ac722a0f7cd5711,ee570c715a0df06f400a3815f8b508637698ad2fa314679ce6539656d9a9cfcf,2026-09-17T10:47:03.865292+00:00,results/raw/baseline-scip-exact-10-5s-1-894f5bc94c1de55f.json,100,0,10,0,100.0,4,146.073,155.15,1864.05,490.0,0,0,,,,,,126.44370000089111,0.2440999996906612,,,,10,0,,,,,,,,10.0.2,4865837.0,0.0,STATIC_BASELINE_NOT_FINAL_COMPARISON,True
scip,beeline-car-no-breaks-v1-declared-geography:exact-15,exact-15,PRIMARY,5.0,1,OPTIMAL,92813620b4ac1665ba4db57815c8d8721de8456255821c3c2761d158c3554d60,65c2548387a84e0cbd8a11c19238b1fce7775d216741fccd7ac722a0f7cd5711,ee570c715a0df06f400a3815f8b508637698ad2fa314679ce6539656d9a9cfcf,2026-09-17T10:47:04.074495+00:00,results/raw/baseline-scip-exact-15-5s-1-fa84fdb1cecfc50b.json,100,0,15,0,100.0,4,211.651,223.0,1726.2,680.0,0,0,,,,,,283.52150000137044,0.20709999989776406,,,,15,0,,,,,,,,10.0.2,7291295.0,0.0,STATIC_BASELINE_NOT_FINAL_COMPARISON,True
scip,beeline-car-no-breaks-v1-declared-geography:exact-20,exact-20,PRIMARY,5.0,1,OPTIMAL,92813620b4ac1665ba4db57815c8d8721de8456255821c3c2761d158c3554d60,65c2548387a84e0cbd8a11c19238b1fce7775d216741fccd7ac722a0f7cd5711,ee570c715a0df06f400a3815f8b508637698ad2fa314679ce6539656d9a9cfcf,2026-09-17T10:47:04.449159+00:00,results/raw/baseline-scip-exact-20-5s-1-dc8720f8e23c778c.json,100,0,20,0,100.0,5,225.868,248.86666666666667,2110.3333333333335,960.0,0,0,,,,,,2301.862700000129,0.25830000049609225,,,,20,0,,,,,,,,10.0.2,12025273.0,0.0,STATIC_BASELINE_NOT_FINAL_COMPARISON,True
scip,beeline-car-no-breaks-v1-declared-geography:exact-5,exact-5,PRIMARY,5.0,1,OPTIMAL,92813620b4ac1665ba4db57815c8d8721de8456255821c3c2761d158c3554d60,65c2548387a84e0cbd8a11c19238b1fce7775d216741fccd7ac722a0f7cd5711,ee570c715a0df06f400a3815f8b508637698ad2fa314679ce6539656d9a9cfcf,2026-09-17T10:47:03.500973+00:00,results/raw/baseline-scip-exact-5-5s-1-4ca7c144e56d6f54.json,100,0,5,0,100.0,2,116.674,108.58333333333333,561.4166666666666,310.0,0,0,,,,,,194.48609999926703,0.27430000045569614,,,,5,0,,,,,,,,10.0.2,1296616.0,0.0,STATIC_BASELINE_NOT_FINAL_COMPARISON,True
scip,beeline-car-no-breaks-v1-declared-geography:southcentral,southcentral,PRIMARY,1,1,FEASIBLE,81b7a0d931892e2dff3228e1c3d0fd7390b0c0385c81a2f7edb5b0cb9280d0e0,65c2548387a84e0cbd8a11c19238b1fce7775d216741fccd7ac722a0f7cd5711,ee570c715a0df06f400a3815f8b508637698ad2fa314679ce6539656d9a9cfcf,2026-09-17T10:33:58.476908+00:00,results/raw/baseline-scip-southcentral-1s-1-5cba53c364493561.json,100,0,0,56,0.0,0,0.0,0.0,0.0,0.0,0,0,,,,,,1637.9713000005722,0.1436000002286164,,,,56,0,,,,,,,,10.0.2,-1e+20,,STATIC_BASELINE_NOT_FINAL_COMPARISON,True
scip,beeline-car-no-breaks-v1-declared-geography:southcentral,southcentral,PRIMARY,5,1,FEASIBLE,81b7a0d931892e2dff3228e1c3d0fd7390b0c0385c81a2f7edb5b0cb9280d0e0,65c2548387a84e0cbd8a11c19238b1fce7775d216741fccd7ac722a0f7cd5711,ee570c715a0df06f400a3815f8b508637698ad2fa314679ce6539656d9a9cfcf,2026-09-17T10:34:00.320150+00:00,results/raw/baseline-scip-southcentral-5s-1-8dadc2b1465fad72.json,100,0,0,56,0.0,0,0.0,0.0,0.0,0.0,0,0,,,,,,5666.524499998559,0.1232999984495109,,,,56,0,,,,,,,,10.0.2,-1e+20,,STATIC_BASELINE_NOT_FINAL_COMPARISON,True
scip,beeline-car-no-breaks-v1-declared-geography:southeast,southeast,PRIMARY,1,1,FEASIBLE,81b7a0d931892e2dff3228e1c3d0fd7390b0c0385c81a2f7edb5b0cb9280d0e0,65c2548387a84e0cbd8a11c19238b1fce7775d216741fccd7ac722a0f7cd5711,ee570c715a0df06f400a3815f8b508637698ad2fa314679ce6539656d9a9cfcf,2026-09-17T10:33:48.311475+00:00,results/raw/baseline-scip-southeast-1s-1-31a531baa85c64dc.json,100,0,0,81,0.0,0,0.0,0.0,0.0,0.0,0,12,,,,,,3426.396900000327,0.1216000000567874,,,,81,12,,,,,,,,10.0.2,-1e+20,,STATIC_BASELINE_NOT_FINAL_COMPARISON,True
scip,beeline-car-no-breaks-v1-declared-geography:southeast,southeast,PRIMARY,5,1,FEASIBLE,81b7a0d931892e2dff3228e1c3d0fd7390b0c0385c81a2f7edb5b0cb9280d0e0,65c2548387a84e0cbd8a11c19238b1fce7775d216741fccd7ac722a0f7cd5711,ee570c715a0df06f400a3815f8b508637698ad2fa314679ce6539656d9a9cfcf,2026-09-17T10:33:52.133731+00:00,results/raw/baseline-scip-southeast-5s-1-ad0addd16850d4a3.json,100,0,0,81,0.0,0,0.0,0.0,0.0,0.0,0,12,,,,,,5866.015599998718,0.24879999909899198,,,,81,12,,,,,,,,10.0.2,-1e+20,,STATIC_BASELINE_NOT_FINAL_COMPARISON,True
timefold,beeline-car-no-breaks-v1-declared-geography:all,all,PRIMARY,1.0,1,FEASIBLE,af66b144d1901340f6d7ccc48ef77de4b7ed8f3ed0e22af33012ea23a4c01581,65c2548387a84e0cbd8a11c19238b1fce7775d216741fccd7ac722a0f7cd5711,ee570c715a0df06f400a3815f8b508637698ad2fa314679ce6539656d9a9cfcf,2026-09-17T13:02:57.976935+00:00,results/raw/baseline-timefold-all-1s-1-dcc72018a19bd89e.json,100,0,127,76,62.5615763546798,17,1164.569,1400.1666666666667,2636.4166666666665,6790.0,3,12,397.47222222222223,500.98333333333335,689.2833333333333,477.47222222222223,769.2833333333333,2811.061000000336,1.0217999988526572,3139.404600002308,180.703125,5843.75,203,15,,,,,,,,2.6.0,,,STATIC_PRIMARY_FRESH_PROCESS,True
timefold,beeline-car-no-breaks-v1-declared-geography:all,all,PRIMARY,1.0,2,FEASIBLE,af66b144d1901340f6d7ccc48ef77de4b7ed8f3ed0e22af33012ea23a4c01581,65c2548387a84e0cbd8a11c19238b1fce7775d216741fccd7ac722a0f7cd5711,ee570c715a0df06f400a3815f8b508637698ad2fa314679ce6539656d9a9cfcf,2026-09-17T13:12:55.799270+00:00,results/raw/baseline-timefold-all-1s-2-16a32a27d6b0c4a5.json,100,0,131,72,64.5320197044335,17,1185.802,1428.0833333333333,2522.5333333333333,6910.0,3,12,397.47222222222223,500.98333333333335,689.2833333333333,477.47222222222223,769.2833333333333,2357.5070000006235,0.9688999998616055,2652.3985999992874,204.49609375,5828.125,203,15,,,,,,,,2.6.0,,,STATIC_PRIMARY_FRESH_PROCESS,True
timefold,beeline-car-no-breaks-v1-declared-geography:all,all,PRIMARY,1.0,3,FEASIBLE,af66b144d1901340f6d7ccc48ef77de4b7ed8f3ed0e22af33012ea23a4c01581,65c2548387a84e0cbd8a11c19238b1fce7775d216741fccd7ac722a0f7cd5711,ee570c715a0df06f400a3815f8b508637698ad2fa314679ce6539656d9a9cfcf,2026-09-17T13:12:58.630014+00:00,results/raw/baseline-timefold-all-1s-3-2139e9b1a401b2eb.json,100,0,131,72,64.5320197044335,17,1185.802,1428.0833333333333,2522.5333333333333,6910.0,3,12,397.47222222222223,500.98333333333335,689.2833333333333,477.47222222222223,769.2833333333333,2465.11670000109,1.1851999988721218,2743.003800002043,205.4921875,6015.625,203,15,,,,,,,,2.6.0,,,STATIC_PRIMARY_FRESH_PROCESS,True
timefold,beeline-car-no-breaks-v1-declared-geography:all,all,PRIMARY,1.0,4,FEASIBLE,af66b144d1901340f6d7ccc48ef77de4b7ed8f3ed0e22af33012ea23a4c01581,65c2548387a84e0cbd8a11c19238b1fce7775d216741fccd7ac722a0f7cd5711,ee570c715a0df06f400a3815f8b508637698ad2fa314679ce6539656d9a9cfcf,2026-09-17T13:13:01.504572+00:00,results/raw/baseline-timefold-all-1s-4-040aa434903f7c88.json,100,0,129,74,63.54679802955665,17,1168.996,1406.4333333333334,2604.1833333333334,6850.0,3,12,397.47222222222223,500.98333333333335,689.2833333333333,477.47222222222223,769.2833333333333,2474.901100002171,0.7998000000952743,2784.9352000012004,203.5,6046.875,203,15,,,,,,,,2.6.0,,,STATIC_PRIMARY_FRESH_PROCESS,True
timefold,beeline-car-no-breaks-v1-declared-geography:all,all,PRIMARY,1.0,5,FEASIBLE,af66b144d1901340f6d7ccc48ef77de4b7ed8f3ed0e22af33012ea23a4c01581,65c2548387a84e0cbd8a11c19238b1fce7775d216741fccd7ac722a0f7cd5711,ee570c715a0df06f400a3815f8b508637698ad2fa314679ce6539656d9a9cfcf,2026-09-17T13:13:04.443095+00:00,results/raw/baseline-timefold-all-1s-5-5bea79cd0f5466c0.json,100,0,130,73,64.03940886699507,17,1181.56,1422.7666666666667,2557.85,6880.0,3,12,397.47222222222223,500.98333333333335,689.2833333333333,477.47222222222223,769.2833333333333,2378.369099998963,1.1942000019189436,2675.583899999765,186.10546875,5765.625,203,15,,,,,,,,2.6.0,,,STATIC_PRIMARY_FRESH_PROCESS,True
timefold,beeline-car-no-breaks-v1-declared-geography:all,all,PRIMARY,1.0,6,FEASIBLE,af66b144d1901340f6d7ccc48ef77de4b7ed8f3ed0e22af33012ea23a4c01581,65c2548387a84e0cbd8a11c19238b1fce7775d216741fccd7ac722a0f7cd5711,ee570c715a0df06f400a3815f8b508637698ad2fa314679ce6539656d9a9cfcf,2026-09-17T13:13:07.273084+00:00,results/raw/baseline-timefold-all-1s-6-83b255c56c2481a8.json,100,0,138,65,67.98029556650246,19,1645.476,1803.2666666666667,2456.0,7270.0,6,9,401.1166666666667,521.7333333333333,689.2833333333333,481.1166666666667,769.2833333333333,2354.1197999984433,0.9791000011318829,2627.179899998737,162.70703125,4937.5,203,15,,,,,,,,2.6.0,,,STATIC_PRIMARY_FRESH_PROCESS,True
timefold,beeline-car-no-breaks-v1-declared-geography:all,all,PRIMARY,1.0,7,FEASIBLE,af66b144d1901340f6d7ccc48ef77de4b7ed8f3ed0e22af33012ea23a4c01581,65c2548387a84e0cbd8a11c19238b1fce7775d216741fccd7ac722a0f7cd5711,ee570c715a0df06f400a3815f8b508637698ad2fa314679ce6539656d9a9cfcf,2026-09-17T13:13:10.035151+00:00,results/raw/baseline-timefold-all-1s-7-2c20c3ed606c4aaf.json,100,0,136,67,66.99507389162562,18,1323.289,1554.4833333333333,2654.116666666667,7110.0,4,11,444.8875,544.0583333333334,689.2833333333333,524.8875,769.2833333333333,2416.544100000465,0.7561999991594348,2651.822700001503,175.4296875,5390.625,203,15,,,,,,,,2.6.0,,,STATIC_PRIMARY_FRESH_PROCESS,True
timefold,beeline-car-no-breaks-v1-declared-geography:all,all,PRIMARY,1.0,8,FEASIBLE,af66b144d1901340f6d7ccc48ef77de4b7ed8f3ed0e22af33012ea23a4c01581,65c2548387a84e0cbd8a11c19238b1fce7775d216741fccd7ac722a0f7cd5711,ee570c715a0df06f400a3815f8b508637698ad2fa314679ce6539656d9a9cfcf,2026-09-17T13:13:12.863752+00:00,results/raw/baseline-timefold-all-1s-8-f42b1604397acc96.json,100,0,125,78,61.576354679802954,17,1144.527,1369.8333333333333,2726.75,6730.0,3,12,397.47222222222223,500.98333333333335,689.2833333333333,477.47222222222223,769.2833333333333,2417.1381999985897,0.8696999975654762,2675.3975999999966,193.13671875,6031.25,203,15,,,,,,,,2.6.0,,,STATIC_PRIMARY_FRESH_PROCESS,True
timefold,beeline-car-no-breaks-v1-declared-geography:all,all,PRIMARY,1.0,9,FEASIBLE,af66b144d1901340f6d7ccc48ef77de4b7ed8f3ed0e22af33012ea23a4c01581,65c2548387a84e0cbd8a11c19238b1fce7775d216741fccd7ac722a0f7cd5711,ee570c715a0df06f400a3815f8b508637698ad2fa314679ce6539656d9a9cfcf,2026-09-17T13:13:15.686585+00:00,results/raw/baseline-timefold-all-1s-9-3f9dbc475b48bfe7.json,100,0,134,69,66.00985221674877,18,1294.44,1517.35,2673.266666666667,7000.0,3,12,397.47222222222223,500.98333333333335,689.2833333333333,477.47222222222223,769.2833333333333,2326.6756999983045,0.8565999996790197,2587.8802000006544,187.09765625,5437.5,203,15,,,,,,,,2.6.0,,,STATIC_PRIMARY_FRESH_PROCESS,True
timefold,beeline-car-no-breaks-v1-declared-geography:all,all,PRIMARY,1.0,10,FEASIBLE,af66b144d1901340f6d7ccc48ef77de4b7ed8f3ed0e22af33012ea23a4c01581,65c2548387a84e0cbd8a11c19238b1fce7775d216741fccd7ac722a0f7cd5711,ee570c715a0df06f400a3815f8b508637698ad2fa314679ce6539656d9a9cfcf,2026-09-17T13:13:18.436928+00:00,results/raw/baseline-timefold-all-1s-10-239448b75046058c.json,100,0,132,71,65.02463054187191,17,1189.414,1432.8,2487.8166666666666,6940.0,3,12,397.47222222222223,500.98333333333335,689.2833333333333,477.47222222222223,769.2833333333333,2469.4363000016892,0.8637000028102193,2730.332399998588,186.640625,5843.75,203,15,,,,,,,,2.6.0,,,STATIC_PRIMARY_FRESH_PROCESS,True
timefold,beeline-car-no-breaks-v1-declared-geography:all,all,PRIMARY,5.0,1,FEASIBLE,af66b144d1901340f6d7ccc48ef77de4b7ed8f3ed0e22af33012ea23a4c01581,65c2548387a84e0cbd8a11c19238b1fce7775d216741fccd7ac722a0f7cd5711,ee570c715a0df06f400a3815f8b508637698ad2fa314679ce6539656d9a9cfcf,2026-09-17T13:03:01.190104+00:00,results/raw/baseline-timefold-all-5s-1-fa823ec87d457cf9.json,100,0,202,1,99.50738916256158,25,1945.056,2285.2166666666667,3475.5833333333335,10740.0,15,0,397.53444444444443,495.48333333333335,690.9666666666667,477.53444444444443,770.9666666666667,6501.7186000004585,1.5473999992536847,6820.075300001918,201.57421875,10781.25,203,15,,,,,,,,2.6.0,,,STATIC_PRIMARY_FRESH_PROCESS,True
timefold,beeline-car-no-breaks-v1-declared-geography:all,all,PRIMARY,5.0,2,FEASIBLE,af66b144d1901340f6d7ccc48ef77de4b7ed8f3ed0e22af33012ea23a4c01581,65c2548387a84e0cbd8a11c19238b1fce7775d216741fccd7ac722a0f7cd5711,ee570c715a0df06f400a3815f8b508637698ad2fa314679ce6539656d9a9cfcf,2026-09-17T13:17:19.338049+00:00,results/raw/baseline-timefold-all-5s-2-08690549d7d254f5.json,100,0,202,1,99.50738916256158,25,1940.966,2285.4333333333334,3420.0666666666666,10740.0,15,0,397.6355555555556,495.48333333333335,690.9666666666667,477.6355555555556,770.9666666666667,6337.216699997953,2.6913000001513865,6640.7601999999315,171.78515625,9765.625,203,15,,,,,,,,2.6.0,,,STATIC_PRIMARY_FRESH_PROCESS,True
timefold,beeline-car-no-breaks-v1-declared-geography:all,all,PRIMARY,5.0,3,FEASIBLE,af66b144d1901340f6d7ccc48ef77de4b7ed8f3ed0e22af33012ea23a4c01581,65c2548387a84e0cbd8a11c19238b1fce7775d216741fccd7ac722a0f7cd5711,ee570c715a0df06f400a3815f8b508637698ad2fa314679ce6539656d9a9cfcf,2026-09-17T13:17:26.177349+00:00,results/raw/baseline-timefold-all-5s-3-fa684022385293f1.json,100,0,202,1,99.50738916256158,25,1936.786,2295.7833333333333,3481.2166666666667,10740.0,15,0,404.7322222222222,495.48333333333335,693.5833333333334,484.7322222222222,773.5833333333334,6522.515799999383,1.5725000012025703,6875.986600000033,171.55078125,9953.125,203,15,,,,,,,,2.6.0,,,STATIC_PRIMARY_FRESH_PROCESS,True
timefold,beeline-car-no-breaks-v1-declared-geography:all,all,PRIMARY,5.0,4,FEASIBLE,af66b144d1901340f6d7ccc48ef77de4b7ed8f3ed0e22af33012ea23a4c01581,65c2548387a84e0cbd8a11c19238b1fce7775d216741fccd7ac722a0f7cd5711,ee570c715a0df06f400a3815f8b508637698ad2fa314679ce6539656d9a9cfcf,2026-09-17T13:17:33.162927+00:00,results/raw/baseline-timefold-all-5s-4-f6a56c016818fb23.json,100,0,202,1,99.50738916256158,25,1851.391,2233.383333333333,3440.9,10740.0,15,0,400.0622222222222,496.56666666666666,697.0833333333334,480.0622222222222,777.0833333333334,6397.498499998619,1.5521000022999942,6709.653999998409,167.94921875,10187.5,203,15,,,,,,,,2.6.0,,,STATIC_PRIMARY_FRESH_PROCESS,True
timefold,beeline-car-no-breaks-v1-declared-geography:all,all,PRIMARY,5.0,5,FEASIBLE,af66b144d1901340f6d7ccc48ef77de4b7ed8f3ed0e22af33012ea23a4c01581,65c2548387a84e0cbd8a11c19238b1fce7775d216741fccd7ac722a0f7cd5711,ee570c715a0df06f400a3815f8b508637698ad2fa314679ce6539656d9a9cfcf,2026-09-17T13:17:40.023089+00:00,results/raw/baseline-timefold-all-5s-5-4da0fbd73dbb058e.json,100,0,202,1,99.50738916256158,25,1941.978,2289.366666666667,3416.6,10740.0,15,0,397.6355555555556,495.48333333333335,690.9666666666667,477.6355555555556,770.9666666666667,6333.943599998747,2.414499998849351,6635.93530000071,173.1171875,9890.625,203,15,,,,,,,,2.6.0,,,STATIC_PRIMARY_FRESH_PROCESS,True
timefold,beeline-car-no-breaks-v1-declared-geography:all,all,PRIMARY,5.0,6,FEASIBLE,af66b144d1901340f6d7ccc48ef77de4b7ed8f3ed0e22af33012ea23a4c01581,65c2548387a84e0cbd8a11c19238b1fce7775d216741fccd7ac722a0f7cd5711,ee570c715a0df06f400a3815f8b508637698ad2fa314679ce6539656d9a9cfcf,2026-09-17T13:17:46.892711+00:00,results/raw/baseline-timefold-all-5s-6-80a066ffa3ad603e.json,100,0,202,1,99.50738916256158,25,1795.429,2197.3333333333335,3897.616666666667,10740.0,15,0,395.8788888888889,497.73333333333335,690.9666666666667,475.8788888888889,770.9666666666667,6763.78509999995,2.434399997582659,7137.829999999667,177.02734375,10875.0,203,15,,,,,,,,2.6.0,,,STATIC_PRIMARY_FRESH_PROCESS,True
timefold,beeline-car-no-breaks-v1-declared-geography:all,all,PRIMARY,5.0,7,FEASIBLE,af66b144d1901340f6d7ccc48ef77de4b7ed8f3ed0e22af33012ea23a4c01581,65c2548387a84e0cbd8a11c19238b1fce7775d216741fccd7ac722a0f7cd5711,ee570c715a0df06f400a3815f8b508637698ad2fa314679ce6539656d9a9cfcf,2026-09-17T13:17:54.133381+00:00,results/raw/baseline-timefold-all-5s-7-ed11b6a21c603d1e.json,100,0,202,1,99.50738916256158,25,1939.499,2299.0333333333333,3508.4666666666667,10740.0,15,0,397.6355555555556,495.48333333333335,690.9666666666667,477.6355555555556,770.9666666666667,6381.666299999779,2.5788999992073514,6697.562400000606,179.20703125,10015.625,203,15,,,,,,,,2.6.0,,,STATIC_PRIMARY_FRESH_PROCESS,True
timefold,beeline-car-no-breaks-v1-declared-geography:all,all,PRIMARY,5.0,8,FEASIBLE,af66b144d1901340f6d7ccc48ef77de4b7ed8f3ed0e22af33012ea23a4c01581,65c2548387a84e0cbd8a11c19238b1fce7775d216741fccd7ac722a0f7cd5711,ee570c715a0df06f400a3815f8b508637698ad2fa314679ce6539656d9a9cfcf,2026-09-17T13:18:01.116666+00:00,results/raw/baseline-timefold-all-5s-8-4b2bf3e0839b75a6.json,100,0,196,7,96.55172413793103,24,1944.123,2286.4,3113.2833333333333,10560.0,15,0,397.6355555555556,495.48333333333335,690.9666666666667,477.6355555555556,770.9666666666667,7620.760699999664,1.6198000012082048,8026.593399998092,163.72265625,10562.5,203,15,,,,,,,,2.6.0,,,STATIC_PRIMARY_FRESH_PROCESS,True
timefold,beeline-car-no-breaks-v1-declared-geography:all,all,PRIMARY,5.0,9,FEASIBLE,af66b144d1901340f6d7ccc48ef77de4b7ed8f3ed0e22af33012ea23a4c01581,65c2548387a84e0cbd8a11c19238b1fce7775d216741fccd7ac722a0f7cd5711,ee570c715a0df06f400a3815f8b508637698ad2fa314679ce6539656d9a9cfcf,2026-09-17T13:18:09.274292+00:00,results/raw/baseline-timefold-all-5s-9-f35ad5f73ce6bf98.json,100,0,202,1,99.50738916256158,25,1950.354,2304.1,3409.45,10740.0,15,0,397.6355555555556,495.48333333333335,690.9666666666667,477.6355555555556,770.9666666666667,6841.142900000705,1.9431999971857294,7153.2832000011695,183.2109375,10750.0,203,15,,,,,,,,2.6.0,,,STATIC_PRIMARY_FRESH_PROCESS,True
timefold,beeline-car-no-breaks-v1-declared-geography:all,all,PRIMARY,5.0,10,FEASIBLE,af66b144d1901340f6d7ccc48ef77de4b7ed8f3ed0e22af33012ea23a4c01581,65c2548387a84e0cbd8a11c19238b1fce7775d216741fccd7ac722a0f7cd5711,ee570c715a0df06f400a3815f8b508637698ad2fa314679ce6539656d9a9cfcf,2026-09-17T13:18:16.648198+00:00,results/raw/baseline-timefold-all-5s-10-cdcea18bb55fdf8d.json,100,0,202,1,99.50738916256158,25,1929.913,2284.5,3399.766666666667,10740.0,15,0,398.77777777777777,495.48333333333335,690.9666666666667,478.77777777777777,770.9666666666667,6938.917499999661,2.241199999843957,7332.836300000054,171.9296875,10875.0,203,15,,,,,,,,2.6.0,,,STATIC_PRIMARY_FRESH_PROCESS,True
timefold,beeline-car-no-breaks-v1-declared-geography:all,all,PRIMARY,15.0,1,FEASIBLE,af66b144d1901340f6d7ccc48ef77de4b7ed8f3ed0e22af33012ea23a4c01581,65c2548387a84e0cbd8a11c19238b1fce7775d216741fccd7ac722a0f7cd5711,ee570c715a0df06f400a3815f8b508637698ad2fa314679ce6539656d9a9cfcf,2026-09-17T13:08:16.106584+00:00,results/raw/baseline-timefold-all-15s-1-c32bd62c7ebaeaf2.json,100,0,202,1,99.50738916256158,25,1928.339,2283.7166666666667,3811.516666666667,10740.0,15,0,394.00666666666666,487.73333333333335,691.6166666666667,474.00666666666666,771.6166666666667,16767.986999999266,2.4057000009634066,17112.61949999971,184.390625,22078.125,203,15,,,,,,,,2.6.0,,,STATIC_PRIMARY_FRESH_PROCESS,True
timefold,beeline-car-no-breaks-v1-declared-geography:all,all,PRIMARY,60.0,1,FEASIBLE,0af1862a10bec66d3cf0fc94d3a66a3c74022c8b040347638c078e0acd6e4cfd,65c2548387a84e0cbd8a11c19238b1fce7775d216741fccd7ac722a0f7cd5711,ee570c715a0df06f400a3815f8b508637698ad2fa314679ce6539656d9a9cfcf,2026-09-17T13:25:52.976740+00:00,results/raw/baseline-timefold-all-60s-1-69064651091dffc2.json,100,0,203,0,100.0,26,1946.184,2385.5833333333335,4061.383333333333,10820.0,15,0,357.11333333333334,386.3333333333333,689.2833333333333,437.11333333333334,769.2833333333333,61473.625300001004,1.1952999993809499,61788.80460000073,272.0,65453.125,203,15,,,,,,,,2.6.0,,,STATIC_PRIMARY_FRESH_PROCESS,True
timefold,beeline-car-no-breaks-v1-declared-geography:east,east,PRIMARY,1.0,1,FEASIBLE,596648fc5665c62440d911a6e6d68564ddcb826156422061d0e6c89b4a5155e8,65c2548387a84e0cbd8a11c19238b1fce7775d216741fccd7ac722a0f7cd5711,ee570c715a0df06f400a3815f8b508637698ad2fa314679ce6539656d9a9cfcf,2026-09-17T12:53:09.228678+00:00,results/raw/baseline-timefold-east-1s-1-304d7389e7b79964.json,100,0,66,0,100.0,8,297.207,474.75,1591.5666666666666,3560.0,3,0,397.47222222222223,500.98333333333335,689.2833333333333,477.47222222222223,769.2833333333333,3020.4111999992165,1.1894000017491635,,,,66,3,,,,,,,,2.6.0,,,STATIC_BASELINE_NOT_FINAL_COMPARISON,True
timefold,beeline-car-no-breaks-v1-declared-geography:east,east,PRIMARY,5.0,1,FEASIBLE,596648fc5665c62440d911a6e6d68564ddcb826156422061d0e6c89b4a5155e8,65c2548387a84e0cbd8a11c19238b1fce7775d216741fccd7ac722a0f7cd5711,ee570c715a0df06f400a3815f8b508637698ad2fa314679ce6539656d9a9cfcf,2026-09-17T12:53:12.330739+00:00,results/raw/baseline-timefold-east-5s-1-5c22094589686014.json,100,0,66,0,100.0,8,284.267,461.0,1493.7666666666667,3560.0,3,0,331.6833333333333,375.46666666666664,617.4333333333333,411.6833333333333,697.4333333333333,6479.237999999896,1.4121999993221834,,,,66,3,,,,,,,,2.6.0,,,STATIC_BASELINE_NOT_FINAL_COMPARISON,True
timefold,beeline-car-no-breaks-v1-declared-geography:exact-10,exact-10,PRIMARY,5.0,1,FEASIBLE,af66b144d1901340f6d7ccc48ef77de4b7ed8f3ed0e22af33012ea23a4c01581,65c2548387a84e0cbd8a11c19238b1fce7775d216741fccd7ac722a0f7cd5711,ee570c715a0df06f400a3815f8b508637698ad2fa314679ce6539656d9a9cfcf,2026-09-17T13:03:38.678810+00:00,results/raw/baseline-timefold-exact-10-5s-1-2dd3af005c572e14.json,100,0,10,0,100.0,4,146.073,155.15,1704.85,490.0,0,0,,,,,,6562.497299997631,0.1999000014620833,6863.4861999998975,286.53515625,11062.5,10,0,,,,,,,,2.6.0,,,STATIC_PRIMARY_FRESH_PROCESS,True
timefold,beeline-car-no-breaks-v1-declared-geography:exact-15,exact-15,PRIMARY,5.0,1,FEASIBLE,af66b144d1901340f6d7ccc48ef77de4b7ed8f3ed0e22af33012ea23a4c01581,65c2548387a84e0cbd8a11c19238b1fce7775d216741fccd7ac722a0f7cd5711,ee570c715a0df06f400a3815f8b508637698ad2fa314679ce6539656d9a9cfcf,2026-09-17T13:03:59.669310+00:00,results/raw/baseline-timefold-exact-15-5s-1-7938a2c903ca5f58.json,100,0,15,0,100.0,4,211.651,223.0,1687.0,680.0,0,0,,,,,,6403.605799998331,0.2285999980813358,6700.6740999968315,286.27734375,10328.125,15,0,,,,,,,,2.6.0,,,STATIC_PRIMARY_FRESH_PROCESS,True
timefold,beeline-car-no-breaks-v1-declared-geography:exact-20,exact-20,PRIMARY,5.0,1,FEASIBLE,af66b144d1901340f6d7ccc48ef77de4b7ed8f3ed0e22af33012ea23a4c01581,65c2548387a84e0cbd8a11c19238b1fce7775d216741fccd7ac722a0f7cd5711,ee570c715a0df06f400a3815f8b508637698ad2fa314679ce6539656d9a9cfcf,2026-09-17T13:04:25.170163+00:00,results/raw/baseline-timefold-exact-20-5s-1-d9042185b940cee8.json,100,0,20,0,100.0,5,225.868,248.86666666666667,2071.133333333333,960.0,0,0,,,,,,8276.554000000033,1.4445999986492097,9112.452599998505,178.10546875,9000.0,20,0,,,,,,,,2.6.0,,,STATIC_PRIMARY_FRESH_PROCESS,True
timefold,beeline-car-no-breaks-v1-declared-geography:exact-5,exact-5,PRIMARY,5.0,1,FEASIBLE,af66b144d1901340f6d7ccc48ef77de4b7ed8f3ed0e22af33012ea23a4c01581,65c2548387a84e0cbd8a11c19238b1fce7775d216741fccd7ac722a0f7cd5711,ee570c715a0df06f400a3815f8b508637698ad2fa314679ce6539656d9a9cfcf,2026-09-17T13:03:16.715888+00:00,results/raw/baseline-timefold-exact-5-5s-1-177281add8c98dfa.json,100,0,5,0,100.0,2,116.674,108.58333333333333,441.4166666666667,310.0,0,0,,,,,,6619.254900000669,0.1444000008632429,6954.081600000791,289.38671875,10328.125,5,0,,,,,,,,2.6.0,,,STATIC_PRIMARY_FRESH_PROCESS,True
timefold,beeline-car-no-breaks-v1-declared-geography:southcentral,southcentral,PRIMARY,1.0,1,FEASIBLE,596648fc5665c62440d911a6e6d68564ddcb826156422061d0e6c89b4a5155e8,65c2548387a84e0cbd8a11c19238b1fce7775d216741fccd7ac722a0f7cd5711,ee570c715a0df06f400a3815f8b508637698ad2fa314679ce6539656d9a9cfcf,2026-09-17T12:53:28.096780+00:00,results/raw/baseline-timefold-southcentral-1s-1-bff84958c3a287e4.json,100,0,56,0,100.0,6,297.375,482.0,972.5,2830.0,0,0,,,,,,2700.2236000007542,0.7475999991584104,,,,56,0,,,,,,,,2.6.0,,,STATIC_BASELINE_NOT_FINAL_COMPARISON,True
timefold,beeline-car-no-breaks-v1-declared-geography:southcentral,southcentral,PRIMARY,5.0,1,FEASIBLE,596648fc5665c62440d911a6e6d68564ddcb826156422061d0e6c89b4a5155e8,65c2548387a84e0cbd8a11c19238b1fce7775d216741fccd7ac722a0f7cd5711,ee570c715a0df06f400a3815f8b508637698ad2fa314679ce6539656d9a9cfcf,2026-09-17T12:53:30.867904+00:00,results/raw/baseline-timefold-southcentral-5s-1-fccd76201ceb6c58.json,100,0,56,0,100.0,6,297.375,482.0,972.5,2830.0,0,0,,,,,,6514.279899998655,1.303699998970842,,,,56,0,,,,,,,,2.6.0,,,STATIC_BASELINE_NOT_FINAL_COMPARISON,True
timefold,beeline-car-no-breaks-v1-declared-geography:southeast,southeast,PRIMARY,1.0,1,FEASIBLE,596648fc5665c62440d911a6e6d68564ddcb826156422061d0e6c89b4a5155e8,65c2548387a84e0cbd8a11c19238b1fce7775d216741fccd7ac722a0f7cd5711,ee570c715a0df06f400a3815f8b508637698ad2fa314679ce6539656d9a9cfcf,2026-09-17T12:53:18.920818+00:00,results/raw/baseline-timefold-southeast-1s-1-8658b3d5dc2baa2c.json,100,0,81,0,100.0,11,1230.114,1251.8833333333334,905.8833333333333,4430.0,12,0,401.6694444444444,455.94166666666666,690.9666666666667,481.6694444444444,770.9666666666667,2595.8853000011004,1.155100002506515,,,,81,12,,,,,,,,2.6.0,,,STATIC_BASELINE_NOT_FINAL_COMPARISON,True
timefold,beeline-car-no-breaks-v1-declared-geography:southeast,southeast,PRIMARY,5.0,1,FEASIBLE,596648fc5665c62440d911a6e6d68564ddcb826156422061d0e6c89b4a5155e8,65c2548387a84e0cbd8a11c19238b1fce7775d216741fccd7ac722a0f7cd5711,ee570c715a0df06f400a3815f8b508637698ad2fa314679ce6539656d9a9cfcf,2026-09-17T12:53:21.589101+00:00,results/raw/baseline-timefold-southeast-5s-1-b3fdb0a76212d1e8.json,100,0,81,0,100.0,11,1103.281,1200.9666666666667,1005.3833333333333,4430.0,12,0,466.19722222222225,499.45833333333337,680.5666666666667,546.1972222222222,760.5666666666667,6387.463700000808,1.3743000017711893,,,,81,12,,,,,,,,2.6.0,,,STATIC_BASELINE_NOT_FINAL_COMPARISON,True
vroom,beeline-car-no-breaks-v1-declared-geography:all,all,PRIMARY,1.0,1,FEASIBLE,7efb0276744e0adb3cdd33a9837be2afa41163fbe82e12498e3d99fb5c495326,65c2548387a84e0cbd8a11c19238b1fce7775d216741fccd7ac722a0f7cd5711,ee570c715a0df06f400a3815f8b508637698ad2fa314679ce6539656d9a9cfcf,2026-09-17T12:58:56.753008+00:00,results/raw/baseline-vroom-all-1s-1-80bc3607a6043c4e.json,100,0,203,0,100.0,21,1067.963,1529.65,299.81666666666666,10820.0,15,0,392.75666666666666,463.0833333333333,697.2833333333333,472.75666666666666,777.2833333333333,1296.9341999996686,2.6053999972646125,3702.8674999965006,92.21875,3031.25,203,15,,,,,,,,pyvroom-1.15.2,,,STATIC_PRIMARY_FRESH_PROCESS,True
vroom,beeline-car-no-breaks-v1-declared-geography:all,all,PRIMARY,1.0,2,FEASIBLE,7efb0276744e0adb3cdd33a9837be2afa41163fbe82e12498e3d99fb5c495326,65c2548387a84e0cbd8a11c19238b1fce7775d216741fccd7ac722a0f7cd5711,ee570c715a0df06f400a3815f8b508637698ad2fa314679ce6539656d9a9cfcf,2026-09-17T13:10:20.618684+00:00,results/raw/baseline-vroom-all-1s-2-750917ffd451e535.json,100,0,203,0,100.0,21,954.195,1386.3333333333333,801.7166666666667,10820.0,15,0,399.0788888888889,463.0833333333333,689.7,479.0788888888889,769.7,1044.937899998331,1.0718000012275297,2236.5553000017826,92.765625,2078.125,203,15,,,,,,,,pyvroom-1.15.2,,,STATIC_PRIMARY_FRESH_PROCESS,True
vroom,beeline-car-no-breaks-v1-declared-geography:all,all,PRIMARY,1.0,3,FEASIBLE,7efb0276744e0adb3cdd33a9837be2afa41163fbe82e12498e3d99fb5c495326,65c2548387a84e0cbd8a11c19238b1fce7775d216741fccd7ac722a0f7cd5711,ee570c715a0df06f400a3815f8b508637698ad2fa314679ce6539656d9a9cfcf,2026-09-17T13:10:23.023153+00:00,results/raw/baseline-vroom-all-1s-3-f09bb86bbb4b0e65.json,100,0,203,0,100.0,21,958.637,1393.7666666666667,828.1833333333333,10820.0,15,0,399.0788888888889,463.0833333333333,689.7,479.0788888888889,769.7,1067.732799998339,1.733799999783514,2394.0686999994796,92.234375,2171.875,203,15,,,,,,,,pyvroom-1.15.2,,,STATIC_PRIMARY_FRESH_PROCESS,True
vroom,beeline-car-no-breaks-v1-declared-geography:all,all,PRIMARY,1.0,4,FEASIBLE,7efb0276744e0adb3cdd33a9837be2afa41163fbe82e12498e3d99fb5c495326,65c2548387a84e0cbd8a11c19238b1fce7775d216741fccd7ac722a0f7cd5711,ee570c715a0df06f400a3815f8b508637698ad2fa314679ce6539656d9a9cfcf,2026-09-17T13:10:25.554223+00:00,results/raw/baseline-vroom-all-1s-4-6f1038370364ee00.json,100,0,203,0,100.0,21,963.272,1398.25,794.9666666666667,10820.0,15,0,399.0788888888889,463.0833333333333,689.7,479.0788888888889,769.7,1055.7967999993707,1.1482999980216846,2246.8470000021625,92.46875,2062.5,203,15,,,,,,,,pyvroom-1.15.2,,,STATIC_PRIMARY_FRESH_PROCESS,True
vroom,beeline-car-no-breaks-v1-declared-geography:all,all,PRIMARY,1.0,5,FEASIBLE,7efb0276744e0adb3cdd33a9837be2afa41163fbe82e12498e3d99fb5c495326,65c2548387a84e0cbd8a11c19238b1fce7775d216741fccd7ac722a0f7cd5711,ee570c715a0df06f400a3815f8b508637698ad2fa314679ce6539656d9a9cfcf,2026-09-17T13:10:27.944821+00:00,results/raw/baseline-vroom-all-1s-5-68dc0cbbed6fe340.json,100,0,203,0,100.0,21,958.523,1400.1,892.0833333333334,10820.0,15,0,392.8466666666667,463.0833333333333,697.2833333333333,472.8466666666667,777.2833333333333,1077.111700000387,1.1231999997107778,2321.5801999976975,92.57421875,2140.625,203,15,,,,,,,,pyvroom-1.15.2,,,STATIC_PRIMARY_FRESH_PROCESS,True
vroom,beeline-car-no-breaks-v1-declared-geography:all,all,PRIMARY,1.0,6,FEASIBLE,7efb0276744e0adb3cdd33a9837be2afa41163fbe82e12498e3d99fb5c495326,65c2548387a84e0cbd8a11c19238b1fce7775d216741fccd7ac722a0f7cd5711,ee570c715a0df06f400a3815f8b508637698ad2fa314679ce6539656d9a9cfcf,2026-09-17T13:10:30.426987+00:00,results/raw/baseline-vroom-all-1s-6-1e0f18a743ad3f1b.json,100,0,203,0,100.0,21,954.444,1394.0666666666666,883.7833333333333,10820.0,15,0,392.8466666666667,463.0833333333333,697.2833333333333,472.8466666666667,777.2833333333333,1048.699499999202,0.98230000003241,2212.8894999987097,92.65625,2093.75,203,15,,,,,,,,pyvroom-1.15.2,,,STATIC_PRIMARY_FRESH_PROCESS,True
vroom,beeline-car-no-breaks-v1-declared-geography:all,all,PRIMARY,1.0,7,FEASIBLE,7efb0276744e0adb3cdd33a9837be2afa41163fbe82e12498e3d99fb5c495326,65c2548387a84e0cbd8a11c19238b1fce7775d216741fccd7ac722a0f7cd5711,ee570c715a0df06f400a3815f8b508637698ad2fa314679ce6539656d9a9cfcf,2026-09-17T13:10:32.760381+00:00,results/raw/baseline-vroom-all-1s-7-509ccf90cc7961a2.json,100,0,203,0,100.0,21,950.994,1382.5666666666666,772.8666666666667,10820.0,15,0,399.0788888888889,463.0833333333333,689.7,479.0788888888889,769.7,1071.6996999981347,1.107899999624351,2150.358700000652,92.79296875,1984.375,203,15,,,,,,,,pyvroom-1.15.2,,,STATIC_PRIMARY_FRESH_PROCESS,True
vroom,beeline-car-no-breaks-v1-declared-geography:all,all,PRIMARY,1.0,8,FEASIBLE,7efb0276744e0adb3cdd33a9837be2afa41163fbe82e12498e3d99fb5c495326,65c2548387a84e0cbd8a11c19238b1fce7775d216741fccd7ac722a0f7cd5711,ee570c715a0df06f400a3815f8b508637698ad2fa314679ce6539656d9a9cfcf,2026-09-17T13:10:35.064863+00:00,results/raw/baseline-vroom-all-1s-8-7a9e37ae8e2510ac.json,100,0,203,0,100.0,21,990.193,1433.0,644.05,10820.0,15,0,391.71222222222224,463.0833333333333,689.7,471.71222222222224,769.7,1075.8098999976937,1.4922999980626628,2180.6514999989304,92.66015625,2031.25,203,15,,,,,,,,pyvroom-1.15.2,,,STATIC_PRIMARY_FRESH_PROCESS,True
vroom,beeline-car-no-breaks-v1-declared-geography:all,all,PRIMARY,1.0,9,FEASIBLE,7efb0276744e0adb3cdd33a9837be2afa41163fbe82e12498e3d99fb5c495326,65c2548387a84e0cbd8a11c19238b1fce7775d216741fccd7ac722a0f7cd5711,ee570c715a0df06f400a3815f8b508637698ad2fa314679ce6539656d9a9cfcf,2026-09-17T13:10:37.412522+00:00,results/raw/baseline-vroom-all-1s-9-df3ad894542345a3.json,100,0,203,0,100.0,21,950.499,1387.8,883.7833333333333,10820.0,15,0,392.8466666666667,463.0833333333333,697.2833333333333,472.8466666666667,777.2833333333333,1072.8031999969971,0.9661000003688969,2211.44390000336,92.58984375,2015.625,203,15,,,,,,,,pyvroom-1.15.2,,,STATIC_PRIMARY_FRESH_PROCESS,True
vroom,beeline-car-no-breaks-v1-declared-geography:all,all,PRIMARY,1.0,10,FEASIBLE,7efb0276744e0adb3cdd33a9837be2afa41163fbe82e12498e3d99fb5c495326,65c2548387a84e0cbd8a11c19238b1fce7775d216741fccd7ac722a0f7cd5711,ee570c715a0df06f400a3815f8b508637698ad2fa314679ce6539656d9a9cfcf,2026-09-17T13:10:39.772366+00:00,results/raw/baseline-vroom-all-1s-10-d92e8e479c8399ad.json,100,0,203,0,100.0,21,963.272,1398.25,794.9666666666667,10820.0,15,0,399.0788888888889,463.0833333333333,689.7,479.0788888888889,769.7,1059.9082999979146,1.5146999976423103,2238.7984999986656,92.50390625,2109.375,203,15,,,,,,,,pyvroom-1.15.2,,,STATIC_PRIMARY_FRESH_PROCESS,True
vroom,beeline-car-no-breaks-v1-declared-geography:all,all,PRIMARY,5.0,1,FEASIBLE,7efb0276744e0adb3cdd33a9837be2afa41163fbe82e12498e3d99fb5c495326,65c2548387a84e0cbd8a11c19238b1fce7775d216741fccd7ac722a0f7cd5711,ee570c715a0df06f400a3815f8b508637698ad2fa314679ce6539656d9a9cfcf,2026-09-17T13:00:11.639849+00:00,results/raw/baseline-vroom-all-5s-1-64dccbed643ecf02.json,100,0,203,0,100.0,21,839.829,1238.7166666666667,925.45,10820.0,15,0,394.84,481.23333333333335,697.2833333333333,474.84000000000003,777.2833333333333,5170.1930000017455,1.0473000002093613,6370.145099997899,94.59375,6125.0,203,15,,,,,,,,pyvroom-1.15.2,,,STATIC_PRIMARY_FRESH_PROCESS,True
vroom,beeline-car-no-breaks-v1-declared-geography:all,all,PRIMARY,5.0,2,FEASIBLE,7efb0276744e0adb3cdd33a9837be2afa41163fbe82e12498e3d99fb5c495326,65c2548387a84e0cbd8a11c19238b1fce7775d216741fccd7ac722a0f7cd5711,ee570c715a0df06f400a3815f8b508637698ad2fa314679ce6539656d9a9cfcf,2026-09-17T13:13:21.320174+00:00,results/raw/baseline-vroom-all-5s-2-cd87d5a347bd17f7.json,100,0,203,0,100.0,21,826.665,1225.6333333333334,617.7666666666667,10820.0,15,0,386.2077777777778,429.1,671.7666666666667,466.2077777777778,751.7666666666667,5120.656999999483,1.358299999992596,6268.658599998162,94.08984375,6046.875,203,15,,,,,,,,pyvroom-1.15.2,,,STATIC_PRIMARY_FRESH_PROCESS,True
vroom,beeline-car-no-breaks-v1-declared-geography:all,all,PRIMARY,5.0,3,FEASIBLE,7efb0276744e0adb3cdd33a9837be2afa41163fbe82e12498e3d99fb5c495326,65c2548387a84e0cbd8a11c19238b1fce7775d216741fccd7ac722a0f7cd5711,ee570c715a0df06f400a3815f8b508637698ad2fa314679ce6539656d9a9cfcf,2026-09-17T13:13:27.722641+00:00,results/raw/baseline-vroom-all-5s-3-e7755cf1ad9a0021.json,100,0,203,0,100.0,21,839.829,1238.7166666666667,925.45,10820.0,15,0,394.84,481.23333333333335,697.2833333333333,474.84000000000003,777.2833333333333,5191.149999998743,1.652200000535231,6400.463999998465,94.28515625,6156.25,203,15,,,,,,,,pyvroom-1.15.2,,,STATIC_PRIMARY_FRESH_PROCESS,True
vroom,beeline-car-no-breaks-v1-declared-geography:all,all,PRIMARY,5.0,4,FEASIBLE,7efb0276744e0adb3cdd33a9837be2afa41163fbe82e12498e3d99fb5c495326,65c2548387a84e0cbd8a11c19238b1fce7775d216741fccd7ac722a0f7cd5711,ee570c715a0df06f400a3815f8b508637698ad2fa314679ce6539656d9a9cfcf,2026-09-17T13:13:34.329007+00:00,results/raw/baseline-vroom-all-5s-4-b9e40ac6593cde18.json,100,0,203,0,100.0,21,843.348,1245.7166666666667,864.6833333333333,10820.0,15,0,416.08222222222224,481.23333333333335,697.2833333333333,496.08222222222224,777.2833333333333,5153.332000001683,1.7573000004631467,6544.96950000248,94.5859375,6234.375,203,15,,,,,,,,pyvroom-1.15.2,,,STATIC_PRIMARY_FRESH_PROCESS,True
vroom,beeline-car-no-breaks-v1-declared-geography:all,all,PRIMARY,5.0,5,FEASIBLE,7efb0276744e0adb3cdd33a9837be2afa41163fbe82e12498e3d99fb5c495326,65c2548387a84e0cbd8a11c19238b1fce7775d216741fccd7ac722a0f7cd5711,ee570c715a0df06f400a3815f8b508637698ad2fa314679ce6539656d9a9cfcf,2026-09-17T13:13:40.996451+00:00,results/raw/baseline-vroom-all-5s-5-aa62e2bc3e69cb2a.json,100,0,203,0,100.0,21,839.829,1238.7166666666667,925.45,10820.0,15,0,394.84,481.23333333333335,697.2833333333333,474.84000000000003,777.2833333333333,5163.186900001165,1.865000001998851,6559.851699999854,94.67578125,6171.875,203,15,,,,,,,,pyvroom-1.15.2,,,STATIC_PRIMARY_FRESH_PROCESS,True
vroom,beeline-car-no-breaks-v1-declared-geography:all,all,PRIMARY,5.0,6,FEASIBLE,7efb0276744e0adb3cdd33a9837be2afa41163fbe82e12498e3d99fb5c495326,65c2548387a84e0cbd8a11c19238b1fce7775d216741fccd7ac722a0f7cd5711,ee570c715a0df06f400a3815f8b508637698ad2fa314679ce6539656d9a9cfcf,2026-09-17T13:13:47.700357+00:00,results/raw/baseline-vroom-all-5s-6-f4462890b9a6b6be.json,100,0,203,0,100.0,21,839.829,1238.7333333333333,925.45,10820.0,15,0,394.84,481.23333333333335,697.2833333333333,474.84000000000003,777.2833333333333,5115.276099997573,1.3354000002436806,6241.886299998441,93.87109375,6000.0,203,15,,,,,,,,pyvroom-1.15.2,,,STATIC_PRIMARY_FRESH_PROCESS,True
vroom,beeline-car-no-breaks-v1-declared-geography:all,all,PRIMARY,5.0,7,FEASIBLE,7efb0276744e0adb3cdd33a9837be2afa41163fbe82e12498e3d99fb5c495326,65c2548387a84e0cbd8a11c19238b1fce7775d216741fccd7ac722a0f7cd5711,ee570c715a0df06f400a3815f8b508637698ad2fa314679ce6539656d9a9cfcf,2026-09-17T13:13:54.072355+00:00,results/raw/baseline-vroom-all-5s-7-a06358c8c19ec4a8.json,100,0,203,0,100.0,21,822.561,1220.5333333333333,619.7,10820.0,15,0,386.2077777777778,429.1,671.7666666666667,466.2077777777778,751.7666666666667,5163.68539999894,2.019699997617863,6304.937900000368,94.41796875,5953.125,203,15,,,,,,,,pyvroom-1.15.2,,,STATIC_PRIMARY_FRESH_PROCESS,True
vroom,beeline-car-no-breaks-v1-declared-geography:all,all,PRIMARY,5.0,8,FEASIBLE,7efb0276744e0adb3cdd33a9837be2afa41163fbe82e12498e3d99fb5c495326,65c2548387a84e0cbd8a11c19238b1fce7775d216741fccd7ac722a0f7cd5711,ee570c715a0df06f400a3815f8b508637698ad2fa314679ce6539656d9a9cfcf,2026-09-17T13:14:00.526648+00:00,results/raw/baseline-vroom-all-5s-8-21ab66148385dffe.json,100,0,203,0,100.0,21,837.937,1245.9333333333334,609.9333333333333,10820.0,15,0,389.93111111111114,429.1,671.7666666666667,469.93111111111114,751.7666666666667,5134.62669999717,1.8431000025884714,6251.557200001116,94.65625,6078.125,203,15,,,,,,,,pyvroom-1.15.2,,,STATIC_PRIMARY_FRESH_PROCESS,True
vroom,beeline-car-no-breaks-v1-declared-geography:all,all,PRIMARY,5.0,9,FEASIBLE,7efb0276744e0adb3cdd33a9837be2afa41163fbe82e12498e3d99fb5c495326,65c2548387a84e0cbd8a11c19238b1fce7775d216741fccd7ac722a0f7cd5711,ee570c715a0df06f400a3815f8b508637698ad2fa314679ce6539656d9a9cfcf,2026-09-17T13:14:07.016682+00:00,results/raw/baseline-vroom-all-5s-9-bb0d3d3754ca8db3.json,100,0,203,0,100.0,21,839.829,1238.7166666666667,925.45,10820.0,15,0,394.84,481.23333333333335,697.2833333333333,474.84000000000003,777.2833333333333,5138.904600000387,1.4484999992419034,6668.736599996919,94.58984375,6312.5,203,15,,,,,,,,pyvroom-1.15.2,,,STATIC_PRIMARY_FRESH_PROCESS,True
vroom,beeline-car-no-breaks-v1-declared-geography:all,all,PRIMARY,5.0,10,FEASIBLE,7efb0276744e0adb3cdd33a9837be2afa41163fbe82e12498e3d99fb5c495326,65c2548387a84e0cbd8a11c19238b1fce7775d216741fccd7ac722a0f7cd5711,ee570c715a0df06f400a3815f8b508637698ad2fa314679ce6539656d9a9cfcf,2026-09-17T13:14:13.777965+00:00,results/raw/baseline-vroom-all-5s-10-381030e34aa92a24.json,100,0,203,0,100.0,21,843.348,1245.7166666666667,864.6833333333333,10820.0,15,0,416.08222222222224,481.23333333333335,697.2833333333333,496.08222222222224,777.2833333333333,5160.0983000025735,1.5545999995083548,6370.445700002165,93.80078125,6031.25,203,15,,,,,,,,pyvroom-1.15.2,,,STATIC_PRIMARY_FRESH_PROCESS,True
vroom,beeline-car-no-breaks-v1-declared-geography:all,all,PRIMARY,15.0,1,FEASIBLE,7efb0276744e0adb3cdd33a9837be2afa41163fbe82e12498e3d99fb5c495326,65c2548387a84e0cbd8a11c19238b1fce7775d216741fccd7ac722a0f7cd5711,ee570c715a0df06f400a3815f8b508637698ad2fa314679ce6539656d9a9cfcf,2026-09-17T13:07:30.539380+00:00,results/raw/baseline-vroom-all-15s-1-5db5dfa144189795.json,100,0,203,0,100.0,21,796.749,1192.9166666666667,960.4833333333333,10820.0,15,0,379.03333333333336,429.1,671.7666666666667,459.03333333333336,751.7666666666667,13654.85709999848,1.5662000005249865,15388.963699999294,94.8828125,14718.75,203,15,,,,,,,,pyvroom-1.15.2,,,STATIC_PRIMARY_FRESH_PROCESS,True
vroom,beeline-car-no-breaks-v1-declared-geography:all,all,PRIMARY,60.0,1,FEASIBLE,7efb0276744e0adb3cdd33a9837be2afa41163fbe82e12498e3d99fb5c495326,65c2548387a84e0cbd8a11c19238b1fce7775d216741fccd7ac722a0f7cd5711,ee570c715a0df06f400a3815f8b508637698ad2fa314679ce6539656d9a9cfcf,2026-09-17T13:24:25.466745+00:00,results/raw/baseline-vroom-all-60s-1-bb81f269c8594466.json,100,0,203,0,100.0,21,796.749,1192.9166666666667,960.4833333333333,10820.0,15,0,379.03333333333336,429.1,671.7666666666667,459.03333333333336,751.7666666666667,12155.668699997477,2.1282000016071834,13338.110799999413,95.078125,12968.75,203,15,,,,,,,,pyvroom-1.15.2,,,STATIC_PRIMARY_FRESH_PROCESS,True
vroom,beeline-car-no-breaks-v1-declared-geography:east,east,PRIMARY,1.0,1,FEASIBLE,7efb0276744e0adb3cdd33a9837be2afa41163fbe82e12498e3d99fb5c495326,65c2548387a84e0cbd8a11c19238b1fce7775d216741fccd7ac722a0f7cd5711,ee570c715a0df06f400a3815f8b508637698ad2fa314679ce6539656d9a9cfcf,2026-09-17T12:46:57.165510+00:00,results/raw/baseline-vroom-east-1s-1-b659a89d4f410b51.json,100,0,66,0,100.0,6,210.023,362.73333333333335,150.3,3560.0,3,0,420.25555555555553,534.8333333333334,689.2833333333333,500.2555555555556,769.2833333333333,896.5415999991819,0.3407000003790017,,,,66,3,,,,,,,,pyvroom-1.15.2,,,STATIC_BASELINE_NOT_FINAL_COMPARISON,True
vroom,beeline-car-no-breaks-v1-declared-geography:east,east,PRIMARY,5.0,1,FEASIBLE,7efb0276744e0adb3cdd33a9837be2afa41163fbe82e12498e3d99fb5c495326,65c2548387a84e0cbd8a11c19238b1fce7775d216741fccd7ac722a0f7cd5711,ee570c715a0df06f400a3815f8b508637698ad2fa314679ce6539656d9a9cfcf,2026-09-17T12:46:58.906174+00:00,results/raw/baseline-vroom-east-5s-1-54ac04fa44946f46.json,100,0,66,0,100.0,6,189.81,336.65,214.13333333333333,3560.0,3,0,202.18333333333334,23.2,566.2166666666667,282.18333333333334,646.2166666666667,2173.9989000016067,0.4842000016651582,,,,66,3,,,,,,,,pyvroom-1.15.2,,,STATIC_BASELINE_NOT_FINAL_COMPARISON,True
vroom,beeline-car-no-breaks-v1-declared-geography:exact-10,exact-10,PRIMARY,5.0,1,FEASIBLE,7efb0276744e0adb3cdd33a9837be2afa41163fbe82e12498e3d99fb5c495326,65c2548387a84e0cbd8a11c19238b1fce7775d216741fccd7ac722a0f7cd5711,ee570c715a0df06f400a3815f8b508637698ad2fa314679ce6539656d9a9cfcf,2026-09-17T13:03:30.142628+00:00,results/raw/baseline-vroom-exact-10-5s-1-8d098f6aded2366f.json,100,0,10,0,100.0,4,146.073,155.15,676.0333333333333,490.0,0,0,,,,,,34.38770000138902,0.11839999933727086,1478.97539999758,83.81640625,1187.5,10,0,,,,,,,,pyvroom-1.15.2,,,STATIC_PRIMARY_FRESH_PROCESS,True
vroom,beeline-car-no-breaks-v1-declared-geography:exact-15,exact-15,PRIMARY,5.0,1,FEASIBLE,7efb0276744e0adb3cdd33a9837be2afa41163fbe82e12498e3d99fb5c495326,65c2548387a84e0cbd8a11c19238b1fce7775d216741fccd7ac722a0f7cd5711,ee570c715a0df06f400a3815f8b508637698ad2fa314679ce6539656d9a9cfcf,2026-09-17T13:03:51.949893+00:00,results/raw/baseline-vroom-exact-15-5s-1-8bfb9491886543a8.json,100,0,15,0,100.0,4,211.651,223.0,653.1,680.0,0,0,,,,,,33.0653999990318,0.2310999989276752,1170.2770000010787,87.51953125,1015.625,15,0,,,,,,,,pyvroom-1.15.2,,,STATIC_PRIMARY_FRESH_PROCESS,True
vroom,beeline-car-no-breaks-v1-declared-geography:exact-20,exact-20,PRIMARY,5.0,1,FEASIBLE,7efb0276744e0adb3cdd33a9837be2afa41163fbe82e12498e3d99fb5c495326,65c2548387a84e0cbd8a11c19238b1fce7775d216741fccd7ac722a0f7cd5711,ee570c715a0df06f400a3815f8b508637698ad2fa314679ce6539656d9a9cfcf,2026-09-17T13:04:15.364018+00:00,results/raw/baseline-vroom-exact-20-5s-1-9a52d8598f276c81.json,100,0,20,0,100.0,5,225.868,248.86666666666667,779.0833333333334,960.0,0,0,,,,,,76.80649999747402,0.21779999951831996,3094.6965999974054,87.66015625,1687.5,20,0,,,,,,,,pyvroom-1.15.2,,,STATIC_PRIMARY_FRESH_PROCESS,True
vroom,beeline-car-no-breaks-v1-declared-geography:exact-5,exact-5,PRIMARY,5.0,1,FEASIBLE,7efb0276744e0adb3cdd33a9837be2afa41163fbe82e12498e3d99fb5c495326,65c2548387a84e0cbd8a11c19238b1fce7775d216741fccd7ac722a0f7cd5711,ee570c715a0df06f400a3815f8b508637698ad2fa314679ce6539656d9a9cfcf,2026-09-17T13:03:08.420006+00:00,results/raw/baseline-vroom-exact-5-5s-1-8ec89d63ea70d99b.json,100,0,5,0,100.0,2,116.674,108.58333333333333,163.08333333333334,310.0,0,0,,,,,,24.839999998221174,0.13209999815444462,1565.8815999995568,84.6796875,1203.125,5,0,,,,,,,,pyvroom-1.15.2,,,STATIC_PRIMARY_FRESH_PROCESS,True
vroom,beeline-car-no-breaks-v1-declared-geography:southcentral,southcentral,PRIMARY,1.0,1,FEASIBLE,7efb0276744e0adb3cdd33a9837be2afa41163fbe82e12498e3d99fb5c495326,65c2548387a84e0cbd8a11c19238b1fce7775d216741fccd7ac722a0f7cd5711,ee570c715a0df06f400a3815f8b508637698ad2fa314679ce6539656d9a9cfcf,2026-09-17T12:47:05.658985+00:00,results/raw/baseline-vroom-southcentral-1s-1-5a6fb5805d0387b1.json,100,0,56,0,100.0,5,175.019,316.9,206.01666666666668,2830.0,0,0,,,,,,845.769300001848,0.5437999971036334,,,,56,0,,,,,,,,pyvroom-1.15.2,,,STATIC_BASELINE_NOT_FINAL_COMPARISON,True
vroom,beeline-car-no-breaks-v1-declared-geography:southcentral,southcentral,PRIMARY,5.0,1,FEASIBLE,7efb0276744e0adb3cdd33a9837be2afa41163fbe82e12498e3d99fb5c495326,65c2548387a84e0cbd8a11c19238b1fce7775d216741fccd7ac722a0f7cd5711,ee570c715a0df06f400a3815f8b508637698ad2fa314679ce6539656d9a9cfcf,2026-09-17T12:47:06.571383+00:00,results/raw/baseline-vroom-southcentral-5s-1-3f3b2340eebd01bc.json,100,0,56,0,100.0,5,173.961,312.46666666666664,230.43333333333334,2830.0,0,0,,,,,,1819.0266999990854,0.4576999999699183,,,,56,0,,,,,,,,pyvroom-1.15.2,,,STATIC_BASELINE_NOT_FINAL_COMPARISON,True
vroom,beeline-car-no-breaks-v1-declared-geography:southeast,southeast,PRIMARY,1.0,1,FEASIBLE,7efb0276744e0adb3cdd33a9837be2afa41163fbe82e12498e3d99fb5c495326,65c2548387a84e0cbd8a11c19238b1fce7775d216741fccd7ac722a0f7cd5711,ee570c715a0df06f400a3815f8b508637698ad2fa314679ce6539656d9a9cfcf,2026-09-17T12:47:01.178610+00:00,results/raw/baseline-vroom-southeast-1s-1-0ae942a4c9d6666a.json,100,0,81,0,100.0,9,636.526,723.9833333333333,326.31666666666666,4430.0,12,0,478.64722222222224,536.925,697.2833333333333,558.6472222222222,777.2833333333333,798.0806999985361,0.9059000003617257,,,,81,12,,,,,,,,pyvroom-1.15.2,,,STATIC_BASELINE_NOT_FINAL_COMPARISON,True
vroom,beeline-car-no-breaks-v1-declared-geography:southeast,southeast,PRIMARY,5.0,1,FEASIBLE,7efb0276744e0adb3cdd33a9837be2afa41163fbe82e12498e3d99fb5c495326,65c2548387a84e0cbd8a11c19238b1fce7775d216741fccd7ac722a0f7cd5711,ee570c715a0df06f400a3815f8b508637698ad2fa314679ce6539656d9a9cfcf,2026-09-17T12:47:02.047858+00:00,results/raw/baseline-vroom-southeast-5s-1-70c99ca165b5eb31.json,100,0,81,0,100.0,9,573.342,678.1833333333333,520.6166666666667,4430.0,12,0,494.4222222222222,505.51666666666665,697.2833333333333,574.4222222222222,777.2833333333333,3487.0790999993915,0.7484000016120262,,,,81,12,,,,,,,,pyvroom-1.15.2,,,STATIC_BASELINE_NOT_FINAL_COMPARISON,True
