experiment,solver,dataset,scope,policy,timeLimitSec,seed,status,adapterVersion,datasetVersion,matrixVersion,timestamp,rawFile,validPlanReturnedPercent,fullCoverageReturnedPercent,hardViolations,served,unassigned,servedPercent,workersUsed,distanceKm,travelMinutes,waitingMinutes,serviceMinutes,emergencyServed,emergencyUnassigned,meanResponseDelay,medianResponseDelay,maxResponseDelay,meanCompletionDelay,maxCompletionDelay,solverWallTimeMs,validationTimeMs,processWallTimeMs,peakMemoryMb,cpuTimeSampledMs,jobsTotal,emergencyTotal,reassignments,workerChanges,orderChanges,scheduleChanges,removedAssignments,newWorkersActivated,maxScheduleShiftMinutes,solverVersion,bestBound,optimalityGap,commitSha,adapterLOC,workaroundCount,unsupportedFeatureCount,experimentStage,eligibleForComparison,committedJobs,wholeDayServed,injectedEmergencyResponseMinutes,responseDelaySumSeconds,sampleCount,samplingIntervalMs,memoryGuardMiB,terminationReason,errorType,errorMessage
static,alns,beeline-car-no-breaks-v2-strict-hd:all,all,PRIMARY,1.0,1,FEASIBLE,4f21d11498707bfda3aff3bccca6551135050a7866c243e1fd8326d83480665f,f6159e9e18b37f8c5797043ba58d636bc5f35a73eb7d274531466b83c3734f23,ee570c715a0df06f400a3815f8b508637698ad2fa314679ce6539656d9a9cfcf,2026-09-18T05:40:42.945606+00:00,results/raw/baseline-alns-all-1s-1-b8e277adf52a3dda.json,100,100,0,203,0,100.0,26,1518.887,1890.9333333333334,4105.266666666666,10820.0,15,0,341.8488888888889,409.43333333333334,659.9,421.8488888888889,739.9,1006.4239999999245,1.577500000053078,2226.201500000002,106.96484375,2015.625,203,15,,,,,,,,7.0.0,,,,543,3,0,STATIC_PRIMARY_FRESH_PROCESS,True,,,,,,,,,,
static,alns,beeline-car-no-breaks-v2-strict-hd:all,all,PRIMARY,1.0,2,FEASIBLE,4f21d11498707bfda3aff3bccca6551135050a7866c243e1fd8326d83480665f,f6159e9e18b37f8c5797043ba58d636bc5f35a73eb7d274531466b83c3734f23,ee570c715a0df06f400a3815f8b508637698ad2fa314679ce6539656d9a9cfcf,2026-09-18T09:20:00.715705+00:00,results/raw/baseline-alns-all-1s-2-71fd022117077715.json,100,100,0,203,0,100.0,26,1450.536,1855.9,4093.05,10820.0,15,0,345.0777777777778,389.43333333333334,646.6,425.0777777777778,726.6,1012.9684999992605,1.6492000004291185,2361.5798999999242,106.79296875,2156.25,203,15,,,,,,,,7.0.0,,,,543,3,0,STATIC_PRIMARY_FRESH_PROCESS,True,,,,,,,,,,
static,alns,beeline-car-no-breaks-v2-strict-hd:all,all,PRIMARY,1.0,3,FEASIBLE,4f21d11498707bfda3aff3bccca6551135050a7866c243e1fd8326d83480665f,f6159e9e18b37f8c5797043ba58d636bc5f35a73eb7d274531466b83c3734f23,ee570c715a0df06f400a3815f8b508637698ad2fa314679ce6539656d9a9cfcf,2026-09-18T09:20:27.586944+00:00,results/raw/baseline-alns-all-1s-3-cd9500d49fad9835.json,100,100,0,203,0,100.0,26,1556.332,1950.7,3772.3166666666666,10820.0,15,0,338.03222222222223,386.85,629.1833333333333,418.03222222222223,709.1833333333333,1007.3529000001145,1.7335000002276502,2392.0521999998527,103.45703125,2250.0,203,15,,,,,,,,7.0.0,,,,543,3,0,STATIC_PRIMARY_FRESH_PROCESS,True,,,,,,,,,,
static,alns,beeline-car-no-breaks-v2-strict-hd:all,all,PRIMARY,1.0,4,FEASIBLE,4f21d11498707bfda3aff3bccca6551135050a7866c243e1fd8326d83480665f,f6159e9e18b37f8c5797043ba58d636bc5f35a73eb7d274531466b83c3734f23,ee570c715a0df06f400a3815f8b508637698ad2fa314679ce6539656d9a9cfcf,2026-09-18T09:20:59.510572+00:00,results/raw/baseline-alns-all-1s-4-a5b1ff1d8c6f8524.json,100,100,0,203,0,100.0,26,1192.241,1654.9833333333333,4091.9,10820.0,15,0,374.21000000000004,441.28333333333336,683.7333333333333,454.21,763.7333333333333,1007.3043000002144,1.5798000003997004,2449.2756999998164,106.6953125,2359.375,203,15,,,,,,,,7.0.0,,,,543,3,0,STATIC_PRIMARY_FRESH_PROCESS,True,,,,,,,,,,
static,alns,beeline-car-no-breaks-v2-strict-hd:all,all,PRIMARY,1.0,5,FEASIBLE,4f21d11498707bfda3aff3bccca6551135050a7866c243e1fd8326d83480665f,f6159e9e18b37f8c5797043ba58d636bc5f35a73eb7d274531466b83c3734f23,ee570c715a0df06f400a3815f8b508637698ad2fa314679ce6539656d9a9cfcf,2026-09-18T09:21:23.881206+00:00,results/raw/baseline-alns-all-1s-5-b9bdba3bcff19896.json,100,100,0,203,0,100.0,28,1296.008,1687.7333333333333,5300.466666666666,10820.0,15,0,362.5866666666667,391.56666666666666,646.7333333333333,442.58666666666664,726.7333333333333,1007.2595999999976,1.7711000000417698,2359.461800000645,103.4453125,2125.0,203,15,,,,,,,,7.0.0,,,,543,3,0,STATIC_PRIMARY_FRESH_PROCESS,True,,,,,,,,,,
static,alns,beeline-car-no-breaks-v2-strict-hd:all,all,PRIMARY,1.0,6,FEASIBLE,4f21d11498707bfda3aff3bccca6551135050a7866c243e1fd8326d83480665f,f6159e9e18b37f8c5797043ba58d636bc5f35a73eb7d274531466b83c3734f23,ee570c715a0df06f400a3815f8b508637698ad2fa314679ce6539656d9a9cfcf,2026-09-18T09:21:49.262183+00:00,results/raw/baseline-alns-all-1s-6-5c892b6b1966a786.json,100,100,0,203,0,100.0,28,1131.508,1566.45,5380.0,10820.0,15,0,336.06333333333333,387.51666666666665,630.7,416.06333333333333,710.7,1006.7905000005339,1.3866999997844687,2297.821799999838,107.73046875,2171.875,203,15,,,,,,,,7.0.0,,,,543,3,0,STATIC_PRIMARY_FRESH_PROCESS,True,,,,,,,,,,
static,alns,beeline-car-no-breaks-v2-strict-hd:all,all,PRIMARY,1.0,7,FEASIBLE,4f21d11498707bfda3aff3bccca6551135050a7866c243e1fd8326d83480665f,f6159e9e18b37f8c5797043ba58d636bc5f35a73eb7d274531466b83c3734f23,ee570c715a0df06f400a3815f8b508637698ad2fa314679ce6539656d9a9cfcf,2026-09-18T09:22:10.072198+00:00,results/raw/baseline-alns-all-1s-7-7d7346d08598f1dd.json,100,100,0,203,0,100.0,26,1886.626,2171.116666666667,4018.866666666667,10820.0,15,0,375.0544444444444,395.56666666666666,699.9833333333333,455.0544444444444,779.9833333333333,1007.9858999997668,1.411000000189233,2217.167800000425,105.78125,2015.625,203,15,,,,,,,,7.0.0,,,,543,3,0,STATIC_PRIMARY_FRESH_PROCESS,True,,,,,,,,,,
static,alns,beeline-car-no-breaks-v2-strict-hd:all,all,PRIMARY,1.0,8,FEASIBLE,4f21d11498707bfda3aff3bccca6551135050a7866c243e1fd8326d83480665f,f6159e9e18b37f8c5797043ba58d636bc5f35a73eb7d274531466b83c3734f23,ee570c715a0df06f400a3815f8b508637698ad2fa314679ce6539656d9a9cfcf,2026-09-18T09:22:25.007458+00:00,results/raw/baseline-alns-all-1s-8-a866733ddc2d28ef.json,100,100,0,203,0,100.0,27,1246.222,1683.0333333333333,4523.366666666667,10820.0,15,0,374.4166666666667,453.01666666666665,648.6333333333333,454.4166666666667,728.6333333333333,1006.381500000316,1.3016000002608052,2270.8551000005173,107.88671875,2156.25,203,15,,,,,,,,7.0.0,,,,543,3,0,STATIC_PRIMARY_FRESH_PROCESS,True,,,,,,,,,,
static,alns,beeline-car-no-breaks-v2-strict-hd:all,all,PRIMARY,1.0,9,FEASIBLE,4f21d11498707bfda3aff3bccca6551135050a7866c243e1fd8326d83480665f,f6159e9e18b37f8c5797043ba58d636bc5f35a73eb7d274531466b83c3734f23,ee570c715a0df06f400a3815f8b508637698ad2fa314679ce6539656d9a9cfcf,2026-09-18T09:22:48.296941+00:00,results/raw/baseline-alns-all-1s-9-64b08a2abd083ee0.json,100,100,0,203,0,100.0,27,1891.844,2156.233333333333,4557.366666666667,10820.0,15,0,366.4911111111111,395.56666666666666,699.7333333333333,446.4911111111111,779.7333333333333,1007.0751999992353,1.3418999997156789,2218.2704000006197,106.26953125,2000.0,203,15,,,,,,,,7.0.0,,,,543,3,0,STATIC_PRIMARY_FRESH_PROCESS,True,,,,,,,,,,
static,alns,beeline-car-no-breaks-v2-strict-hd:all,all,PRIMARY,1.0,10,FEASIBLE,4f21d11498707bfda3aff3bccca6551135050a7866c243e1fd8326d83480665f,f6159e9e18b37f8c5797043ba58d636bc5f35a73eb7d274531466b83c3734f23,ee570c715a0df06f400a3815f8b508637698ad2fa314679ce6539656d9a9cfcf,2026-09-18T09:23:03.125389+00:00,results/raw/baseline-alns-all-1s-10-88b119324ae98179.json,100,100,0,203,0,100.0,26,1245.414,1693.85,4124.533333333334,10820.0,15,0,323.56444444444446,391.56666666666666,601.2666666666667,403.56444444444446,681.2666666666667,1007.8048000004856,1.6354999997929554,2242.5169999996797,105.3984375,2171.875,203,15,,,,,,,,7.0.0,,,,543,3,0,STATIC_PRIMARY_FRESH_PROCESS,True,,,,,,,,,,
static,alns,beeline-car-no-breaks-v2-strict-hd:all,all,PRIMARY,5.0,1,FEASIBLE,4f21d11498707bfda3aff3bccca6551135050a7866c243e1fd8326d83480665f,f6159e9e18b37f8c5797043ba58d636bc5f35a73eb7d274531466b83c3734f23,ee570c715a0df06f400a3815f8b508637698ad2fa314679ce6539656d9a9cfcf,2026-09-18T05:41:49.176788+00:00,results/raw/baseline-alns-all-5s-1-be5b97234234288e.json,100,100,0,203,0,100.0,25,1107.887,1546.2666666666667,3929.5,10820.0,15,0,358.26444444444445,386.05,649.3666666666667,438.26444444444445,729.3666666666667,5017.661900000007,1.32619999999406,6530.841000000009,127.08984375,6265.625,203,15,,,,,,,,7.0.0,,,,543,3,0,STATIC_PRIMARY_FRESH_PROCESS,True,,,,,,,,,,
static,alns,beeline-car-no-breaks-v2-strict-hd:all,all,PRIMARY,5.0,2,FEASIBLE,4f21d11498707bfda3aff3bccca6551135050a7866c243e1fd8326d83480665f,f6159e9e18b37f8c5797043ba58d636bc5f35a73eb7d274531466b83c3734f23,ee570c715a0df06f400a3815f8b508637698ad2fa314679ce6539656d9a9cfcf,2026-09-18T09:23:48.041969+00:00,results/raw/baseline-alns-all-5s-2-637a8c269ac9dac7.json,100,100,0,203,0,100.0,25,1226.538,1640.5833333333333,3655.2833333333333,10820.0,15,0,376.19555555555553,437.93333333333334,680.3833333333333,456.19555555555553,760.3833333333333,5025.726800000484,2.7138999994349433,6530.034700000215,128.68359375,6296.875,203,15,,,,,,,,7.0.0,,,,543,3,0,STATIC_PRIMARY_FRESH_PROCESS,True,,,,,,,,,,
static,alns,beeline-car-no-breaks-v2-strict-hd:all,all,PRIMARY,5.0,3,FEASIBLE,4f21d11498707bfda3aff3bccca6551135050a7866c243e1fd8326d83480665f,f6159e9e18b37f8c5797043ba58d636bc5f35a73eb7d274531466b83c3734f23,ee570c715a0df06f400a3815f8b508637698ad2fa314679ce6539656d9a9cfcf,2026-09-18T09:24:20.370255+00:00,results/raw/baseline-alns-all-5s-3-872fe5a7f457887c.json,100,100,0,203,0,100.0,25,1123.979,1574.2666666666667,3691.0333333333333,10820.0,15,0,367.31111111111113,392.1666666666667,656.3,447.31111111111113,736.3,5006.791199999498,2.824900000632624,6480.667499999981,127.65625,6203.125,203,15,,,,,,,,7.0.0,,,,543,3,0,STATIC_PRIMARY_FRESH_PROCESS,True,,,,,,,,,,
static,alns,beeline-car-no-breaks-v2-strict-hd:all,all,PRIMARY,5.0,4,FEASIBLE,4f21d11498707bfda3aff3bccca6551135050a7866c243e1fd8326d83480665f,f6159e9e18b37f8c5797043ba58d636bc5f35a73eb7d274531466b83c3734f23,ee570c715a0df06f400a3815f8b508637698ad2fa314679ce6539656d9a9cfcf,2026-09-18T09:25:17.589924+00:00,results/raw/baseline-alns-all-5s-4-51fa2b922bb9e0e2.json,100,100,0,203,0,100.0,26,1079.325,1511.2166666666667,4310.183333333333,10820.0,15,0,349.1411111111111,409.43333333333334,669.4,429.1411111111111,749.4,5010.105199999998,2.044900000328198,6373.296099999607,127.578125,6031.25,203,15,,,,,,,,7.0.0,,,,543,3,0,STATIC_PRIMARY_FRESH_PROCESS,True,,,,,,,,,,
static,alns,beeline-car-no-breaks-v2-strict-hd:all,all,PRIMARY,5.0,5,FEASIBLE,4f21d11498707bfda3aff3bccca6551135050a7866c243e1fd8326d83480665f,f6159e9e18b37f8c5797043ba58d636bc5f35a73eb7d274531466b83c3734f23,ee570c715a0df06f400a3815f8b508637698ad2fa314679ce6539656d9a9cfcf,2026-09-18T09:25:55.865148+00:00,results/raw/baseline-alns-all-5s-5-726d4d45a5bac43e.json,100,100,0,203,0,100.0,25,1203.005,1634.5333333333333,3664.5333333333333,10820.0,15,0,355.03444444444443,391.56666666666666,681.4666666666667,435.03444444444443,761.4666666666667,5050.617400000192,2.1917999993092963,6478.369399999792,129.4140625,6312.5,203,15,,,,,,,,7.0.0,,,,543,3,0,STATIC_PRIMARY_FRESH_PROCESS,True,,,,,,,,,,
static,alns,beeline-car-no-breaks-v2-strict-hd:all,all,PRIMARY,5.0,6,FEASIBLE,4f21d11498707bfda3aff3bccca6551135050a7866c243e1fd8326d83480665f,f6159e9e18b37f8c5797043ba58d636bc5f35a73eb7d274531466b83c3734f23,ee570c715a0df06f400a3815f8b508637698ad2fa314679ce6539656d9a9cfcf,2026-09-18T09:26:52.317233+00:00,results/raw/baseline-alns-all-5s-6-019b7c09d0e360c4.json,100,100,0,203,0,100.0,27,1063.242,1491.1833333333334,5124.65,10820.0,15,0,348.17555555555555,355.81666666666666,679.2666666666667,428.17555555555555,759.2666666666667,5064.247399999658,2.4831999999150867,6606.765200000154,128.3984375,6281.25,203,15,,,,,,,,7.0.0,,,,543,3,0,STATIC_PRIMARY_FRESH_PROCESS,True,,,,,,,,,,
static,alns,beeline-car-no-breaks-v2-strict-hd:all,all,PRIMARY,5.0,7,FEASIBLE,4f21d11498707bfda3aff3bccca6551135050a7866c243e1fd8326d83480665f,f6159e9e18b37f8c5797043ba58d636bc5f35a73eb7d274531466b83c3734f23,ee570c715a0df06f400a3815f8b508637698ad2fa314679ce6539656d9a9cfcf,2026-09-18T09:27:39.884629+00:00,results/raw/baseline-alns-all-5s-7-7b6dfef9a709d100.json,100,100,0,203,0,100.0,26,1628.91,1976.4,4119.15,10820.0,15,0,389.09777777777776,403.9,668.15,469.09777777777776,748.15,5015.06849999987,1.9829000002573594,6382.305699999961,127.9453125,6250.0,203,15,,,,,,,,7.0.0,,,,543,3,0,STATIC_PRIMARY_FRESH_PROCESS,True,,,,,,,,,,
static,alns,beeline-car-no-breaks-v2-strict-hd:all,all,PRIMARY,5.0,8,FEASIBLE,4f21d11498707bfda3aff3bccca6551135050a7866c243e1fd8326d83480665f,f6159e9e18b37f8c5797043ba58d636bc5f35a73eb7d274531466b83c3734f23,ee570c715a0df06f400a3815f8b508637698ad2fa314679ce6539656d9a9cfcf,2026-09-18T09:27:46.487985+00:00,results/raw/baseline-alns-all-5s-8-5be7dc7c9e6cc4ab.json,100,100,0,203,0,100.0,25,1068.954,1491.1833333333334,3767.85,10820.0,15,0,332.29777777777775,376.18333333333334,618.6333333333333,412.29777777777775,698.6333333333333,5019.143200000144,1.7151000001831562,6625.692800000252,128.7734375,6421.875,203,15,,,,,,,,7.0.0,,,,543,3,0,STATIC_PRIMARY_FRESH_PROCESS,True,,,,,,,,,,
static,alns,beeline-car-no-breaks-v2-strict-hd:all,all,PRIMARY,5.0,9,FEASIBLE,4f21d11498707bfda3aff3bccca6551135050a7866c243e1fd8326d83480665f,f6159e9e18b37f8c5797043ba58d636bc5f35a73eb7d274531466b83c3734f23,ee570c715a0df06f400a3815f8b508637698ad2fa314679ce6539656d9a9cfcf,2026-09-18T09:29:09.217558+00:00,results/raw/baseline-alns-all-5s-9-2b22eecc599948b8.json,100,100,0,203,0,100.0,25,1110.681,1549.15,3862.133333333333,10820.0,15,0,391.43,435.8,678.1333333333333,471.43,758.1333333333333,5007.178400000157,2.034299999650102,6338.94810000038,128.6875,6078.125,203,15,,,,,,,,7.0.0,,,,543,3,0,STATIC_PRIMARY_FRESH_PROCESS,True,,,,,,,,,,
static,alns,beeline-car-no-breaks-v2-strict-hd:all,all,PRIMARY,5.0,10,FEASIBLE,4f21d11498707bfda3aff3bccca6551135050a7866c243e1fd8326d83480665f,f6159e9e18b37f8c5797043ba58d636bc5f35a73eb7d274531466b83c3734f23,ee570c715a0df06f400a3815f8b508637698ad2fa314679ce6539656d9a9cfcf,2026-09-18T09:29:15.716756+00:00,results/raw/baseline-alns-all-5s-10-178df7662b5cacfe.json,100,100,0,203,0,100.0,26,1110.874,1547.9833333333333,3997.7,10820.0,15,0,316.36555555555555,358.81666666666666,601.2666666666667,396.36555555555555,681.2666666666667,5015.903600000456,1.8858999992517056,6317.093699999532,127.94921875,6140.625,203,15,,,,,,,,7.0.0,,,,543,3,0,STATIC_PRIMARY_FRESH_PROCESS,True,,,,,,,,,,
static,alns,beeline-car-no-breaks-v2-strict-hd:all,all,PRIMARY,15.0,1,FEASIBLE,4f21d11498707bfda3aff3bccca6551135050a7866c243e1fd8326d83480665f,f6159e9e18b37f8c5797043ba58d636bc5f35a73eb7d274531466b83c3734f23,ee570c715a0df06f400a3815f8b508637698ad2fa314679ce6539656d9a9cfcf,2026-09-18T06:00:46.363534+00:00,results/raw/baseline-alns-all-15s-1-b241d7d7ff0774e6.json,100,100,0,203,0,100.0,25,1092.739,1531.1166666666666,3911.0666666666666,10820.0,15,0,372.02,384.8,649.1833333333333,452.02,729.1833333333333,15007.918000000018,4.674200000181372,17086.148000000096,127.44921875,15781.25,203,15,,,,,,,,7.0.0,,,,543,3,0,STATIC_PRIMARY_FRESH_PROCESS,True,,,,,,,,,,
static,alns,beeline-car-no-breaks-v2-strict-hd:all,all,PRIMARY,15.0,2,FEASIBLE,4f21d11498707bfda3aff3bccca6551135050a7866c243e1fd8326d83480665f,f6159e9e18b37f8c5797043ba58d636bc5f35a73eb7d274531466b83c3734f23,ee570c715a0df06f400a3815f8b508637698ad2fa314679ce6539656d9a9cfcf,2026-09-18T09:30:07.520789+00:00,results/raw/baseline-alns-all-15s-2-a0d5315fa4b2b89e.json,100,100,0,203,0,100.0,25,1084.051,1515.4333333333334,3739.366666666667,10820.0,15,0,343.24,403.06666666666666,623.0166666666667,423.24,703.0166666666667,15082.829899999524,2.857399999811605,16485.391199999867,131.3359375,16281.25,203,15,,,,,,,,7.0.0,,,,543,3,0,STATIC_PRIMARY_FRESH_PROCESS,True,,,,,,,,,,
static,alns,beeline-car-no-breaks-v2-strict-hd:all,all,PRIMARY,15.0,3,FEASIBLE,4f21d11498707bfda3aff3bccca6551135050a7866c243e1fd8326d83480665f,f6159e9e18b37f8c5797043ba58d636bc5f35a73eb7d274531466b83c3734f23,ee570c715a0df06f400a3815f8b508637698ad2fa314679ce6539656d9a9cfcf,2026-09-18T09:31:37.554675+00:00,results/raw/baseline-alns-all-15s-3-8fc5d09337f76cb1.json,100,100,0,203,0,100.0,25,1091.692,1530.2333333333333,3821.9666666666667,10820.0,15,0,370.7577777777778,464.1,648.0666666666667,450.7577777777778,728.0666666666667,15008.504899999934,1.9418000001678593,16621.87679999988,139.83203125,16250.0,203,15,,,,,,,,7.0.0,,,,543,3,0,STATIC_PRIMARY_FRESH_PROCESS,True,,,,,,,,,,
static,alns,beeline-car-no-breaks-v2-strict-hd:all,all,PRIMARY,15.0,4,FEASIBLE,4f21d11498707bfda3aff3bccca6551135050a7866c243e1fd8326d83480665f,f6159e9e18b37f8c5797043ba58d636bc5f35a73eb7d274531466b83c3734f23,ee570c715a0df06f400a3815f8b508637698ad2fa314679ce6539656d9a9cfcf,2026-09-18T09:33:38.418884+00:00,results/raw/baseline-alns-all-15s-4-181137f09428b9a9.json,100,100,0,203,0,100.0,25,1063.095,1491.5333333333333,3609.6666666666665,10820.0,15,0,343.06333333333333,409.3,618.7666666666667,423.06333333333333,698.7666666666667,15008.74660000045,1.695099999778904,16395.839599999817,129.16796875,16000.0,203,15,,,,,,,,7.0.0,,,,543,3,0,STATIC_PRIMARY_FRESH_PROCESS,True,,,,,,,,,,
static,alns,beeline-car-no-breaks-v2-strict-hd:all,all,PRIMARY,15.0,5,FEASIBLE,4f21d11498707bfda3aff3bccca6551135050a7866c243e1fd8326d83480665f,f6159e9e18b37f8c5797043ba58d636bc5f35a73eb7d274531466b83c3734f23,ee570c715a0df06f400a3815f8b508637698ad2fa314679ce6539656d9a9cfcf,2026-09-18T09:35:09.369797+00:00,results/raw/baseline-alns-all-15s-5-54134aa6a18a6895.json,100,100,0,203,0,100.0,25,1152.237,1561.8666666666666,3494.633333333333,10820.0,15,0,350.04,370.71666666666664,683.7333333333333,430.04,763.7333333333333,15008.85709999966,2.0344999993540114,16409.529099999418,130.91015625,15984.375,203,15,,,,,,,,7.0.0,,,,543,3,0,STATIC_PRIMARY_FRESH_PROCESS,True,,,,,,,,,,
static,alns,beeline-car-no-breaks-v2-strict-hd:all,all,PRIMARY,15.0,6,FEASIBLE,4f21d11498707bfda3aff3bccca6551135050a7866c243e1fd8326d83480665f,f6159e9e18b37f8c5797043ba58d636bc5f35a73eb7d274531466b83c3734f23,ee570c715a0df06f400a3815f8b508637698ad2fa314679ce6539656d9a9cfcf,2026-09-18T09:37:42.622485+00:00,results/raw/baseline-alns-all-15s-6-e3fa60b3b9ac5403.json,100,100,0,203,0,100.0,25,1062.226,1486.8666666666666,3917.9166666666665,10820.0,15,0,356.18666666666667,359.9,678.85,436.18666666666667,758.85,15030.486999999994,2.7031000008719275,16373.167300000205,129.2421875,16031.25,203,15,,,,,,,,7.0.0,,,,543,3,0,STATIC_PRIMARY_FRESH_PROCESS,True,,,,,,,,,,
static,alns,beeline-car-no-breaks-v2-strict-hd:all,all,PRIMARY,15.0,7,FEASIBLE,4f21d11498707bfda3aff3bccca6551135050a7866c243e1fd8326d83480665f,f6159e9e18b37f8c5797043ba58d636bc5f35a73eb7d274531466b83c3734f23,ee570c715a0df06f400a3815f8b508637698ad2fa314679ce6539656d9a9cfcf,2026-09-18T09:39:26.095830+00:00,results/raw/baseline-alns-all-15s-7-4c750137d9e8b33b.json,100,100,0,203,0,100.0,26,1136.613,1539.8333333333333,4402.983333333334,10820.0,15,0,353.0155555555556,379.5,692.6666666666666,433.0155555555556,772.6666666666666,15008.434100000159,50.68260000007285,16475.969799999802,130.08203125,16218.75,203,15,,,,,,,,7.0.0,,,,543,3,0,STATIC_PRIMARY_FRESH_PROCESS,True,,,,,,,,,,
static,alns,beeline-car-no-breaks-v2-strict-hd:all,all,PRIMARY,15.0,8,FEASIBLE,4f21d11498707bfda3aff3bccca6551135050a7866c243e1fd8326d83480665f,f6159e9e18b37f8c5797043ba58d636bc5f35a73eb7d274531466b83c3734f23,ee570c715a0df06f400a3815f8b508637698ad2fa314679ce6539656d9a9cfcf,2026-09-18T09:40:53.848186+00:00,results/raw/baseline-alns-all-15s-8-c76fa63113bd8bd7.json,100,100,0,203,0,100.0,25,1043.643,1460.35,3622.45,10820.0,15,0,342.54555555555555,409.43333333333334,663.3833333333333,422.54555555555555,743.3833333333333,15007.47980000051,1.7270999996981118,16520.898700000544,131.15234375,16093.75,203,15,,,,,,,,7.0.0,,,,543,3,0,STATIC_PRIMARY_FRESH_PROCESS,True,,,,,,,,,,
static,alns,beeline-car-no-breaks-v2-strict-hd:all,all,PRIMARY,15.0,9,FEASIBLE,4f21d11498707bfda3aff3bccca6551135050a7866c243e1fd8326d83480665f,f6159e9e18b37f8c5797043ba58d636bc5f35a73eb7d274531466b83c3734f23,ee570c715a0df06f400a3815f8b508637698ad2fa314679ce6539656d9a9cfcf,2026-09-18T09:41:17.768150+00:00,results/raw/baseline-alns-all-15s-9-e36a1c747cc483fc.json,100,100,0,203,0,100.0,24,1101.024,1539.3333333333333,3272.7166666666667,10820.0,15,0,398.69666666666666,453.78333333333336,678.3833333333333,478.69666666666666,758.3833333333333,15097.760700000435,2.2625999990850687,16539.830100000472,132.26953125,16265.625,203,15,,,,,,,,7.0.0,,,,543,3,0,STATIC_PRIMARY_FRESH_PROCESS,True,,,,,,,,,,
static,alns,beeline-car-no-breaks-v2-strict-hd:all,all,PRIMARY,15.0,10,FEASIBLE,4f21d11498707bfda3aff3bccca6551135050a7866c243e1fd8326d83480665f,f6159e9e18b37f8c5797043ba58d636bc5f35a73eb7d274531466b83c3734f23,ee570c715a0df06f400a3815f8b508637698ad2fa314679ce6539656d9a9cfcf,2026-09-18T09:43:16.231588+00:00,results/raw/baseline-alns-all-15s-10-eaa82308f5579745.json,100,100,0,203,0,100.0,24,1018.497,1473.1166666666666,3543.0833333333335,10820.0,15,0,398.90444444444444,462.95,689.3666666666667,478.90444444444444,769.3666666666667,15008.797800001048,1.9289000010758173,16543.411200000264,139.3203125,16234.375,203,15,,,,,,,,7.0.0,,,,543,3,0,STATIC_PRIMARY_FRESH_PROCESS,True,,,,,,,,,,
static,alns,beeline-car-no-breaks-v2-strict-hd:all,all,PRIMARY,60.0,1,FEASIBLE,4f21d11498707bfda3aff3bccca6551135050a7866c243e1fd8326d83480665f,f6159e9e18b37f8c5797043ba58d636bc5f35a73eb7d274531466b83c3734f23,ee570c715a0df06f400a3815f8b508637698ad2fa314679ce6539656d9a9cfcf,2026-09-18T06:08:07.549118+00:00,results/raw/baseline-alns-all-60s-1-714faf78cfd28bc5.json,100,100,0,203,0,100.0,24,1050.564,1475.3,3509.35,10820.0,15,0,392.86,448.45,609.0666666666667,472.86,689.0666666666667,60009.06189999978,87.12800000012066,61762.20899999999,129.82421875,59953.125,203,15,,,,,,,,7.0.0,,,,543,3,0,STATIC_PRIMARY_FRESH_PROCESS,True,,,,,,,,,,
static,alns,beeline-car-no-breaks-v2-strict-hd:all,all,PRIMARY,60.0,2,FEASIBLE,4f21d11498707bfda3aff3bccca6551135050a7866c243e1fd8326d83480665f,f6159e9e18b37f8c5797043ba58d636bc5f35a73eb7d274531466b83c3734f23,ee570c715a0df06f400a3815f8b508637698ad2fa314679ce6539656d9a9cfcf,2026-09-18T09:47:45.850383+00:00,results/raw/baseline-alns-all-60s-2-975ac28ed1ad60d5.json,100,100,0,203,0,100.0,25,1044.93,1464.8666666666666,3604.25,10820.0,15,0,327.7966666666667,403.06666666666666,618.6333333333333,407.7966666666667,698.6333333333333,60008.90289999916,2.3671999988437165,61717.471099998875,132.77734375,61140.625,203,15,,,,,,,,7.0.0,,,,543,3,0,STATIC_PRIMARY_FRESH_PROCESS,True,,,,,,,,,,
static,alns,beeline-car-no-breaks-v2-strict-hd:all,all,PRIMARY,60.0,3,FEASIBLE,4f21d11498707bfda3aff3bccca6551135050a7866c243e1fd8326d83480665f,f6159e9e18b37f8c5797043ba58d636bc5f35a73eb7d274531466b83c3734f23,ee570c715a0df06f400a3815f8b508637698ad2fa314679ce6539656d9a9cfcf,2026-09-18T09:54:08.363868+00:00,results/raw/baseline-alns-all-60s-3-905c8af2038249e0.json,100,100,0,203,0,100.0,24,1037.718,1484.6833333333334,3612.383333333333,10820.0,15,0,390.55888888888893,432.3,691.45,470.5588888888889,771.45,60009.88060000054,2.427499999612337,61998.823599999014,131.94140625,57875.0,203,15,,,,,,,,7.0.0,,,,543,3,0,STATIC_PRIMARY_FRESH_PROCESS,True,,,,,,,,,,
static,alns,beeline-car-no-breaks-v2-strict-hd:all,all,PRIMARY,60.0,4,FEASIBLE,4f21d11498707bfda3aff3bccca6551135050a7866c243e1fd8326d83480665f,f6159e9e18b37f8c5797043ba58d636bc5f35a73eb7d274531466b83c3734f23,ee570c715a0df06f400a3815f8b508637698ad2fa314679ce6539656d9a9cfcf,2026-09-18T09:55:10.571761+00:00,results/raw/baseline-alns-all-60s-4-ab09fda1e7dda953.json,100,100,0,203,0,100.0,24,1067.271,1506.6,3324.3333333333335,10820.0,15,0,368.9488888888889,420.6,663.5166666666667,448.9488888888889,743.5166666666667,60017.558100000315,2.6811000007000985,61890.57779999894,131.59765625,60812.5,203,15,,,,,,,,7.0.0,,,,543,3,0,STATIC_PRIMARY_FRESH_PROCESS,True,,,,,,,,,,
static,alns,beeline-car-no-breaks-v2-strict-hd:all,all,PRIMARY,60.0,5,FEASIBLE,4f21d11498707bfda3aff3bccca6551135050a7866c243e1fd8326d83480665f,f6159e9e18b37f8c5797043ba58d636bc5f35a73eb7d274531466b83c3734f23,ee570c715a0df06f400a3815f8b508637698ad2fa314679ce6539656d9a9cfcf,2026-09-18T10:03:51.343800+00:00,results/raw/baseline-alns-all-60s-5-33542699df6ddbd1.json,100,100,0,203,0,100.0,25,1148.694,1555.15,3501.5833333333335,10820.0,15,0,350.01222222222225,370.71666666666664,683.15,430.01222222222225,763.15,60008.870300000126,1.7912999992404366,61737.88769999919,132.0859375,59703.125,203,15,,,,,,,,7.0.0,,,,543,3,0,STATIC_PRIMARY_FRESH_PROCESS,True,,,,,,,,,,
static,alns,beeline-car-no-breaks-v2-strict-hd:all,all,PRIMARY,60.0,6,FEASIBLE,4f21d11498707bfda3aff3bccca6551135050a7866c243e1fd8326d83480665f,f6159e9e18b37f8c5797043ba58d636bc5f35a73eb7d274531466b83c3734f23,ee570c715a0df06f400a3815f8b508637698ad2fa314679ce6539656d9a9cfcf,2026-09-18T10:05:54.959871+00:00,results/raw/baseline-alns-all-60s-6-929707dcfb62980a.json,100,100,0,203,0,100.0,25,1057.446,1477.65,3927.7833333333333,10820.0,15,0,364.4266666666667,359.9,680.1333333333333,444.4266666666667,760.1333333333333,60181.75239999982,2.071500000965898,61746.522400000686,130.83203125,60500.0,203,15,,,,,,,,7.0.0,,,,543,3,0,STATIC_PRIMARY_FRESH_PROCESS,True,,,,,,,,,,
static,alns,beeline-car-no-breaks-v2-strict-hd:all,all,PRIMARY,60.0,7,FEASIBLE,4f21d11498707bfda3aff3bccca6551135050a7866c243e1fd8326d83480665f,f6159e9e18b37f8c5797043ba58d636bc5f35a73eb7d274531466b83c3734f23,ee570c715a0df06f400a3815f8b508637698ad2fa314679ce6539656d9a9cfcf,2026-09-18T10:13:26.853071+00:00,results/raw/baseline-alns-all-60s-7-bf62ceb9f633dc66.json,100,100,0,203,0,100.0,26,1121.018,1517.7666666666667,4424.65,10820.0,15,0,353.13,379.5,692.6666666666666,433.13,772.6666666666666,60007.53260000056,135.2095999991434,61558.89399999978,132.3984375,60687.5,203,15,,,,,,,,7.0.0,,,,543,3,0,STATIC_PRIMARY_FRESH_PROCESS,True,,,,,,,,,,
static,alns,beeline-car-no-breaks-v2-strict-hd:all,all,PRIMARY,300.0,1,FEASIBLE,4f21d11498707bfda3aff3bccca6551135050a7866c243e1fd8326d83480665f,f6159e9e18b37f8c5797043ba58d636bc5f35a73eb7d274531466b83c3734f23,ee570c715a0df06f400a3815f8b508637698ad2fa314679ce6539656d9a9cfcf,2026-09-18T06:41:54.936066+00:00,results/raw/baseline-alns-all-300s-1-ce1bdf020b512700.json,100,100,0,203,0,100.0,24,971.705,1407.75,3553.0666666666666,10820.0,15,0,374.04555555555555,427.35,690.3333333333334,454.04555555555555,770.3333333333334,300025.5313999996,3.8949999998294516,301831.2976999996,142.125,296031.25,203,15,,,,,,,,7.0.0,,,,543,3,0,STATIC_PRIMARY_FRESH_PROCESS,True,,,,,,,,,,
static,alns,beeline-car-no-breaks-v2-strict-hd:east,east,PRIMARY,1.0,1,FEASIBLE,4f21d11498707bfda3aff3bccca6551135050a7866c243e1fd8326d83480665f,f6159e9e18b37f8c5797043ba58d636bc5f35a73eb7d274531466b83c3734f23,ee570c715a0df06f400a3815f8b508637698ad2fa314679ce6539656d9a9cfcf,2026-09-18T05:42:30.695288+00:00,results/raw/baseline-alns-east-1s-1-4640207961e974a3.json,100,100,0,66,0,100.0,9,235.014,397.8333333333333,1983.9833333333333,3560.0,3,0,197.6277777777778,89.75,500.98333333333335,277.6277777777778,580.9833333333333,1006.6477000000305,0.604599999974198,2435.404700000049,100.23046875,2218.75,66,3,,,,,,,,7.0.0,,,,543,3,0,STATIC_PRIMARY_FRESH_PROCESS,True,,,,,,,,,,
static,alns,beeline-car-no-breaks-v2-strict-hd:east,east,PRIMARY,5.0,1,FEASIBLE,4f21d11498707bfda3aff3bccca6551135050a7866c243e1fd8326d83480665f,f6159e9e18b37f8c5797043ba58d636bc5f35a73eb7d274531466b83c3734f23,ee570c715a0df06f400a3815f8b508637698ad2fa314679ce6539656d9a9cfcf,2026-09-18T05:43:18.378805+00:00,results/raw/baseline-alns-east-5s-1-dc4fabbff0013e68.json,100,100,0,66,0,100.0,8,230.683,391.0833333333333,1401.0333333333333,3560.0,3,0,197.6277777777778,89.75,500.98333333333335,277.6277777777778,580.9833333333333,5007.786099999976,0.5562999999710883,6538.972899999976,127.72265625,6437.5,66,3,,,,,,,,7.0.0,,,,543,3,0,STATIC_PRIMARY_FRESH_PROCESS,True,,,,,,,,,,
static,alns,beeline-car-no-breaks-v2-strict-hd:exact-10,exact-10,PRIMARY,15.0,1,FEASIBLE,4f21d11498707bfda3aff3bccca6551135050a7866c243e1fd8326d83480665f,f6159e9e18b37f8c5797043ba58d636bc5f35a73eb7d274531466b83c3734f23,ee570c715a0df06f400a3815f8b508637698ad2fa314679ce6539656d9a9cfcf,2026-09-18T08:48:12.795269+00:00,results/raw/baseline-alns-exact-10-15s-1-be46edeed1c90802.json,100,100,0,10,0,100.0,4,190.527,187.51666666666668,1672.4833333333333,490.0,0,0,,,,,,15020.418300000529,0.2979000000777887,17222.679599999537,82.25390625,15796.875,10,0,,,,,,,,7.0.0,,,,543,3,0,STATIC_PRIMARY_FRESH_PROCESS,True,,,,,,,,,,
static,alns,beeline-car-no-breaks-v2-strict-hd:exact-15,exact-15,PRIMARY,15.0,1,FEASIBLE,4f21d11498707bfda3aff3bccca6551135050a7866c243e1fd8326d83480665f,f6159e9e18b37f8c5797043ba58d636bc5f35a73eb7d274531466b83c3734f23,ee570c715a0df06f400a3815f8b508637698ad2fa314679ce6539656d9a9cfcf,2026-09-18T08:50:09.833200+00:00,results/raw/baseline-alns-exact-15-15s-1-9058076cf443da97.json,100,100,0,15,0,100.0,5,260.101,260.5833333333333,2099.4166666666665,680.0,0,0,,,,,,15012.55029999993,0.4062000007252209,17102.12010000032,81.16796875,13734.375,15,0,,,,,,,,7.0.0,,,,543,3,0,STATIC_PRIMARY_FRESH_PROCESS,True,,,,,,,,,,
static,alns,beeline-car-no-breaks-v2-strict-hd:exact-20,exact-20,PRIMARY,15.0,1,FEASIBLE,4f21d11498707bfda3aff3bccca6551135050a7866c243e1fd8326d83480665f,f6159e9e18b37f8c5797043ba58d636bc5f35a73eb7d274531466b83c3734f23,ee570c715a0df06f400a3815f8b508637698ad2fa314679ce6539656d9a9cfcf,2026-09-18T08:53:27.438126+00:00,results/raw/baseline-alns-exact-20-15s-1-4d92a8456eb3f5a9.json,100,100,0,20,0,100.0,6,279.202,298.3333333333333,2512.5666666666666,960.0,0,0,,,,,,15016.914100000577,0.46209999982238514,17120.09070000022,81.84765625,15843.75,20,0,,,,,,,,7.0.0,,,,543,3,0,STATIC_PRIMARY_FRESH_PROCESS,True,,,,,,,,,,
static,alns,beeline-car-no-breaks-v2-strict-hd:exact-5,exact-5,PRIMARY,15.0,1,FEASIBLE,4f21d11498707bfda3aff3bccca6551135050a7866c243e1fd8326d83480665f,f6159e9e18b37f8c5797043ba58d636bc5f35a73eb7d274531466b83c3734f23,ee570c715a0df06f400a3815f8b508637698ad2fa314679ce6539656d9a9cfcf,2026-09-18T08:45:51.668418+00:00,results/raw/baseline-alns-exact-5-15s-1-936d4925b7eaa6da.json,100,100,0,5,0,100.0,2,116.674,108.58333333333333,441.4166666666667,310.0,0,0,,,,,,15014.695999999276,0.22870000066177454,18713.0087000005,81.3125,14812.5,5,0,,,,,,,,7.0.0,,,,543,3,0,STATIC_PRIMARY_FRESH_PROCESS,True,,,,,,,,,,
static,alns,beeline-car-no-breaks-v2-strict-hd:southcentral,southcentral,PRIMARY,1.0,1,FEASIBLE,4f21d11498707bfda3aff3bccca6551135050a7866c243e1fd8326d83480665f,f6159e9e18b37f8c5797043ba58d636bc5f35a73eb7d274531466b83c3734f23,ee570c715a0df06f400a3815f8b508637698ad2fa314679ce6539656d9a9cfcf,2026-09-18T05:45:32.235695+00:00,results/raw/baseline-alns-southcentral-1s-1-bf072f8e4f54e0a6.json,100,100,0,56,0,100.0,6,219.723,372.78333333333336,1253.7666666666667,2830.0,0,0,,,,,,1006.6243999999642,0.4040000000031796,2494.248099999936,104.78515625,2281.25,56,0,,,,,,,,7.0.0,,,,543,3,0,STATIC_PRIMARY_FRESH_PROCESS,True,,,,,,,,,,
static,alns,beeline-car-no-breaks-v2-strict-hd:southcentral,southcentral,PRIMARY,5.0,1,FEASIBLE,4f21d11498707bfda3aff3bccca6551135050a7866c243e1fd8326d83480665f,f6159e9e18b37f8c5797043ba58d636bc5f35a73eb7d274531466b83c3734f23,ee570c715a0df06f400a3815f8b508637698ad2fa314679ce6539656d9a9cfcf,2026-09-18T05:46:18.969770+00:00,results/raw/baseline-alns-southcentral-5s-1-2919d7001ca829b2.json,100,100,0,56,0,100.0,6,219.723,372.78333333333336,1253.7666666666667,2830.0,0,0,,,,,,5005.867399999943,0.5014000000755914,6514.1265999999405,120.95703125,6281.25,56,0,,,,,,,,7.0.0,,,,543,3,0,STATIC_PRIMARY_FRESH_PROCESS,True,,,,,,,,,,
static,alns,beeline-car-no-breaks-v2-strict-hd:southeast,southeast,PRIMARY,1.0,1,FEASIBLE,4f21d11498707bfda3aff3bccca6551135050a7866c243e1fd8326d83480665f,f6159e9e18b37f8c5797043ba58d636bc5f35a73eb7d274531466b83c3734f23,ee570c715a0df06f400a3815f8b508637698ad2fa314679ce6539656d9a9cfcf,2026-09-18T05:43:57.249866+00:00,results/raw/baseline-alns-southeast-1s-1-b2c5139b625c6593.json,100,100,0,81,0,100.0,10,624.554,742.45,868.1166666666667,4430.0,12,0,410.1430555555556,467.0,629.3833333333333,490.1430555555556,709.3833333333333,1007.0715999999038,0.6660999999894557,2478.4664999999677,105.578125,2250.0,81,12,,,,,,,,7.0.0,,,,543,3,0,STATIC_PRIMARY_FRESH_PROCESS,True,,,,,,,,,,
static,alns,beeline-car-no-breaks-v2-strict-hd:southeast,southeast,PRIMARY,5.0,1,FEASIBLE,4f21d11498707bfda3aff3bccca6551135050a7866c243e1fd8326d83480665f,f6159e9e18b37f8c5797043ba58d636bc5f35a73eb7d274531466b83c3734f23,ee570c715a0df06f400a3815f8b508637698ad2fa314679ce6539656d9a9cfcf,2026-09-18T05:44:53.394853+00:00,results/raw/baseline-alns-southeast-5s-1-5c6d72b81492d944.json,100,100,0,81,0,100.0,10,606.171,719.75,933.9166666666666,4430.0,12,0,444.2625,482.2833333333333,685.1666666666666,524.2625,765.1666666666666,5013.598499999944,1.0432999999920867,6980.604399999947,125.05078125,6453.125,81,12,,,,,,,,7.0.0,,,,543,3,0,STATIC_PRIMARY_FRESH_PROCESS,True,,,,,,,,,,
static,cbc,beeline-car-no-breaks-v2-strict-hd:all,all,PRIMARY,1.0,1,FEASIBLE,da6140179905633e0a9882f3ff9083d006f46d469e8c8d18165151938996205b,f6159e9e18b37f8c5797043ba58d636bc5f35a73eb7d274531466b83c3734f23,ee570c715a0df06f400a3815f8b508637698ad2fa314679ce6539656d9a9cfcf,2026-09-18T05:40:47.825272+00:00,results/raw/baseline-cbc-all-1s-1-8a5972c7ca80521a.json,100,0,0,0,203,0.0,0,0.0,0.0,0.0,0.0,0,15,,,,,,5317.2830999999405,0.7605000000694417,6535.0385000000415,282.0703125,5968.75,203,15,,,,,,,,2.10.13,,,,239,5,0,STATIC_PRIMARY_FRESH_PROCESS,True,,,,,,,,,,
static,cbc,beeline-car-no-breaks-v2-strict-hd:all,all,PRIMARY,5.0,1,FEASIBLE,da6140179905633e0a9882f3ff9083d006f46d469e8c8d18165151938996205b,f6159e9e18b37f8c5797043ba58d636bc5f35a73eb7d274531466b83c3734f23,ee570c715a0df06f400a3815f8b508637698ad2fa314679ce6539656d9a9cfcf,2026-09-18T05:42:02.805884+00:00,results/raw/baseline-cbc-all-5s-1-112cad154d78a5d3.json,100,0,0,0,203,0.0,0,0.0,0.0,0.0,0.0,0,15,,,,,,10416.297999999984,0.16649999997753184,11185.256399999958,289.07421875,10390.625,203,15,,,,,,,,2.10.13,,,,239,5,0,STATIC_PRIMARY_FRESH_PROCESS,True,,,,,,,,,,
static,cbc,beeline-car-no-breaks-v2-strict-hd:all,all,PRIMARY,15.0,1,FEASIBLE,480ca8e6dea8a06bedc97f0e9c653e32fe9392fa6d0726b82f639f29a9381c6d,f6159e9e18b37f8c5797043ba58d636bc5f35a73eb7d274531466b83c3734f23,ee570c715a0df06f400a3815f8b508637698ad2fa314679ce6539656d9a9cfcf,2026-09-18T06:01:21.507395+00:00,results/raw/baseline-cbc-all-15s-1-64702e98d1451a78.json,100,0,0,11,192,5.41871921182266,3,51.72,81.86666666666666,1106.2833333333333,300.0,0,15,,,,,,19448.477900000173,0.2712000000428816,20308.417099999817,307.30078125,19609.375,203,15,,,,,,,,2.10.13,96496656,0.9994174087421647,,239,5,0,STATIC_PRIMARY_FRESH_PROCESS,True,,,,,,,,,,
static,cbc,beeline-car-no-breaks-v2-strict-hd:all,all,PRIMARY,60.0,1,FEASIBLE,480ca8e6dea8a06bedc97f0e9c653e32fe9392fa6d0726b82f639f29a9381c6d,f6159e9e18b37f8c5797043ba58d636bc5f35a73eb7d274531466b83c3734f23,ee570c715a0df06f400a3815f8b508637698ad2fa314679ce6539656d9a9cfcf,2026-09-18T06:10:11.157347+00:00,results/raw/baseline-cbc-all-60s-1-2c90545b36656361.json,100,0,0,11,192,5.41871921182266,3,51.72,81.86666666666666,1106.2833333333333,300.0,0,15,,,,,,71136.7381,0.29899999981353176,71951.69290000013,423.21484375,69656.25,203,15,,,,,,,,2.10.13,126694860,0.9992350893708827,,239,5,0,STATIC_PRIMARY_FRESH_PROCESS,True,,,,,,,,,,
static,cbc,beeline-car-no-breaks-v2-strict-hd:all,all,PRIMARY,300.0,1,FEASIBLE,480ca8e6dea8a06bedc97f0e9c653e32fe9392fa6d0726b82f639f29a9381c6d,f6159e9e18b37f8c5797043ba58d636bc5f35a73eb7d274531466b83c3734f23,ee570c715a0df06f400a3815f8b508637698ad2fa314679ce6539656d9a9cfcf,2026-09-18T06:51:59.153256+00:00,results/raw/baseline-cbc-all-300s-1-ae8cecc939e9537a.json,100,0,0,11,192,5.41871921182266,3,51.72,81.86666666666666,1106.2833333333333,300.0,0,15,,,,,,304407.51379999984,0.35059999936493114,305400.62429999944,592.73828125,269703.125,203,15,,,,,,,,2.10.13,175308396,0.9989415888263036,,239,5,0,STATIC_PRIMARY_FRESH_PROCESS,True,,,,,,,,,,
static,cbc,beeline-car-no-breaks-v2-strict-hd:east,east,PRIMARY,1.0,1,FEASIBLE,da6140179905633e0a9882f3ff9083d006f46d469e8c8d18165151938996205b,f6159e9e18b37f8c5797043ba58d636bc5f35a73eb7d274531466b83c3734f23,ee570c715a0df06f400a3815f8b508637698ad2fa314679ce6539656d9a9cfcf,2026-09-18T05:42:34.413909+00:00,results/raw/baseline-cbc-east-1s-1-b8786ad3a782d097.json,100,0,0,0,66,0.0,0,0.0,0.0,0.0,0.0,0,3,,,,,,1991.979800000081,0.06629999995766411,2452.4172000000135,131.62890625,2218.75,66,3,,,,,,,,2.10.13,,,,239,5,0,STATIC_PRIMARY_FRESH_PROCESS,True,,,,,,,,,,
static,cbc,beeline-car-no-breaks-v2-strict-hd:east,east,PRIMARY,5.0,1,FEASIBLE,da6140179905633e0a9882f3ff9083d006f46d469e8c8d18165151938996205b,f6159e9e18b37f8c5797043ba58d636bc5f35a73eb7d274531466b83c3734f23,ee570c715a0df06f400a3815f8b508637698ad2fa314679ce6539656d9a9cfcf,2026-09-18T05:43:30.480389+00:00,results/raw/baseline-cbc-east-5s-1-614521903ae74a96.json,100,0,0,5,61,7.575757575757576,1,23.129,35.766666666666666,432.3833333333333,130.0,0,3,,,,,,6419.053899999994,0.16830000004119938,6906.693099999984,166.125,6718.75,66,3,,,,,,,,2.10.13,,,,239,5,0,STATIC_PRIMARY_FRESH_PROCESS,True,,,,,,,,,,
static,cbc,beeline-car-no-breaks-v2-strict-hd:exact-10,exact-10,PRIMARY,15.0,1,OPTIMAL,480ca8e6dea8a06bedc97f0e9c653e32fe9392fa6d0726b82f639f29a9381c6d,f6159e9e18b37f8c5797043ba58d636bc5f35a73eb7d274531466b83c3734f23,ee570c715a0df06f400a3815f8b508637698ad2fa314679ce6539656d9a9cfcf,2026-09-18T08:49:23.129607+00:00,results/raw/baseline-cbc-exact-10-15s-1-590475b7cc79a944.json,100,100,0,10,0,100.0,4,190.527,187.51666666666668,1792.4833333333333,490.0,0,0,,,,,,556.5993000000162,0.5063999997219071,1173.8986999998815,67.25390625,890.625,10,0,,,,,,,,2.10.13,4910291.0,0.0,,239,5,0,STATIC_PRIMARY_FRESH_PROCESS,True,,,,,,,,,,
static,cbc,beeline-car-no-breaks-v2-strict-hd:exact-15,exact-15,PRIMARY,15.0,1,OPTIMAL,480ca8e6dea8a06bedc97f0e9c653e32fe9392fa6d0726b82f639f29a9381c6d,f6159e9e18b37f8c5797043ba58d636bc5f35a73eb7d274531466b83c3734f23,ee570c715a0df06f400a3815f8b508637698ad2fa314679ce6539656d9a9cfcf,2026-09-18T08:50:08.376187+00:00,results/raw/baseline-cbc-exact-15-15s-1-038040518229a662.json,100,100,0,15,0,100.0,5,260.101,260.5833333333333,2219.4166666666665,680.0,0,0,,,,,,614.0687999995862,0.4710000002887682,1289.7853999993458,67.62109375,984.375,15,0,,,,,,,,2.10.13,9109656.0,0.0,,239,5,0,STATIC_PRIMARY_FRESH_PROCESS,True,,,,,,,,,,
static,cbc,beeline-car-no-breaks-v2-strict-hd:exact-20,exact-20,PRIMARY,15.0,1,OPTIMAL,480ca8e6dea8a06bedc97f0e9c653e32fe9392fa6d0726b82f639f29a9381c6d,f6159e9e18b37f8c5797043ba58d636bc5f35a73eb7d274531466b83c3734f23,ee570c715a0df06f400a3815f8b508637698ad2fa314679ce6539656d9a9cfcf,2026-09-18T08:53:05.973406+00:00,results/raw/baseline-cbc-exact-20-15s-1-e210bc66dbbc766c.json,100,100,0,20,0,100.0,6,279.202,298.3333333333333,2512.5666666666666,960.0,0,0,,,,,,815.3142999999545,0.24279999979626155,1483.38750000039,76.94921875,1062.5,20,0,,,,,,,,2.10.13,14438488.0,0.0,,239,5,0,STATIC_PRIMARY_FRESH_PROCESS,True,,,,,,,,,,
static,cbc,beeline-car-no-breaks-v2-strict-hd:exact-20,exact-20,PRIMARY,60.0,1,OPTIMAL,480ca8e6dea8a06bedc97f0e9c653e32fe9392fa6d0726b82f639f29a9381c6d,f6159e9e18b37f8c5797043ba58d636bc5f35a73eb7d274531466b83c3734f23,ee570c715a0df06f400a3815f8b508637698ad2fa314679ce6539656d9a9cfcf,2026-09-18T08:55:52.373193+00:00,results/raw/baseline-cbc-exact-20-60s-1-05434cddd9e4c3e3.json,100,100,0,20,0,100.0,6,279.202,298.3333333333333,2512.5666666666666,960.0,0,0,,,,,,562.9270999997971,0.37630000042554457,1101.8536999999924,77.6953125,750.0,20,0,,,,,,,,2.10.13,14438488.0,0.0,,239,5,0,STATIC_PRIMARY_FRESH_PROCESS,True,,,,,,,,,,
static,cbc,beeline-car-no-breaks-v2-strict-hd:exact-5,exact-5,PRIMARY,15.0,1,OPTIMAL,480ca8e6dea8a06bedc97f0e9c653e32fe9392fa6d0726b82f639f29a9381c6d,f6159e9e18b37f8c5797043ba58d636bc5f35a73eb7d274531466b83c3734f23,ee570c715a0df06f400a3815f8b508637698ad2fa314679ce6539656d9a9cfcf,2026-09-18T08:46:47.138168+00:00,results/raw/baseline-cbc-exact-5-15s-1-8a1eba753b848106.json,100,100,0,5,0,100.0,2,116.674,108.58333333333333,561.4166666666666,310.0,0,0,,,,,,605.4474000002301,0.11139999969600467,1316.2591000000248,70.32421875,968.75,5,0,,,,,,,,2.10.13,1296616.0,0.0,,239,5,0,STATIC_PRIMARY_FRESH_PROCESS,True,,,,,,,,,,
static,cbc,beeline-car-no-breaks-v2-strict-hd:southcentral,southcentral,PRIMARY,1.0,1,FEASIBLE,da6140179905633e0a9882f3ff9083d006f46d469e8c8d18165151938996205b,f6159e9e18b37f8c5797043ba58d636bc5f35a73eb7d274531466b83c3734f23,ee570c715a0df06f400a3815f8b508637698ad2fa314679ce6539656d9a9cfcf,2026-09-18T05:45:36.460497+00:00,results/raw/baseline-cbc-southcentral-1s-1-329d417eb600629d.json,100,0,0,5,51,8.928571428571429,1,23.331,36.733333333333334,503.26666666666665,140.0,0,0,,,,,,1966.39069999992,0.13330000001587905,2408.9414000000033,122.55859375,2234.375,56,0,,,,,,,,2.10.13,,,,239,5,0,STATIC_PRIMARY_FRESH_PROCESS,True,,,,,,,,,,
static,cbc,beeline-car-no-breaks-v2-strict-hd:southcentral,southcentral,PRIMARY,5.0,1,FEASIBLE,da6140179905633e0a9882f3ff9083d006f46d469e8c8d18165151938996205b,f6159e9e18b37f8c5797043ba58d636bc5f35a73eb7d274531466b83c3734f23,ee570c715a0df06f400a3815f8b508637698ad2fa314679ce6539656d9a9cfcf,2026-09-18T05:46:31.531055+00:00,results/raw/baseline-cbc-southcentral-5s-1-4ecfeec3567d149b.json,100,0,0,5,51,8.928571428571429,1,23.331,36.733333333333334,503.26666666666665,140.0,0,0,,,,,,6020.648400000027,0.1449999999749707,6520.888199999945,170.91015625,6031.25,56,0,,,,,,,,2.10.13,,,,239,5,0,STATIC_PRIMARY_FRESH_PROCESS,True,,,,,,,,,,
static,cbc,beeline-car-no-breaks-v2-strict-hd:southeast,southeast,PRIMARY,1.0,1,FEASIBLE,da6140179905633e0a9882f3ff9083d006f46d469e8c8d18165151938996205b,f6159e9e18b37f8c5797043ba58d636bc5f35a73eb7d274531466b83c3734f23,ee570c715a0df06f400a3815f8b508637698ad2fa314679ce6539656d9a9cfcf,2026-09-18T05:44:01.777035+00:00,results/raw/baseline-cbc-southeast-1s-1-96604d37515d8e1b.json,100,0,0,0,81,0.0,0,0.0,0.0,0.0,0.0,0,12,,,,,,5449.051599999962,0.09140000008756033,6068.69800000004,190.7578125,5625.0,81,12,,,,,,,,2.10.13,,,,239,5,0,STATIC_PRIMARY_FRESH_PROCESS,True,,,,,,,,,,
static,cbc,beeline-car-no-breaks-v2-strict-hd:southeast,southeast,PRIMARY,5.0,1,FEASIBLE,da6140179905633e0a9882f3ff9083d006f46d469e8c8d18165151938996205b,f6159e9e18b37f8c5797043ba58d636bc5f35a73eb7d274531466b83c3734f23,ee570c715a0df06f400a3815f8b508637698ad2fa314679ce6539656d9a9cfcf,2026-09-18T05:45:06.664021+00:00,results/raw/baseline-cbc-southeast-5s-1-badcc6b7baf30534.json,100,0,0,1,80,1.2345679012345678,1,5.26,9.366666666666667,170.63333333333333,30.0,0,12,,,,,,7749.090599999931,0.1535000000103537,8354.434699999956,206.98828125,7765.625,81,12,,,,,,,,2.10.13,,,,239,5,0,STATIC_PRIMARY_FRESH_PROCESS,True,,,,,,,,,,
static,choco,beeline-car-no-breaks-v2-strict-hd:all,all,PRIMARY,1.0,1,NO_SOLUTION_FOUND,2528b8ff370cda70eb9a5b24cece6aa37fbc9ff45556ab9ba7499e260a1d0d5e,f6159e9e18b37f8c5797043ba58d636bc5f35a73eb7d274531466b83c3734f23,ee570c715a0df06f400a3815f8b508637698ad2fa314679ce6539656d9a9cfcf,2026-09-18T05:40:39.917687+00:00,results/raw/baseline-choco-all-1s-1-58c043478a2af075.json,0,0,,,,,,,,,,,,,,,,,2543.3548000000314,,2843.189099999961,311.79296875,7281.25,203,,,,,,,,,6.0.1,,,,214,3,0,STATIC_PRIMARY_FRESH_PROCESS,False,,,,,,,,,,
static,choco,beeline-car-no-breaks-v2-strict-hd:all,all,PRIMARY,5.0,1,NO_SOLUTION_FOUND,2528b8ff370cda70eb9a5b24cece6aa37fbc9ff45556ab9ba7499e260a1d0d5e,f6159e9e18b37f8c5797043ba58d636bc5f35a73eb7d274531466b83c3734f23,ee570c715a0df06f400a3815f8b508637698ad2fa314679ce6539656d9a9cfcf,2026-09-18T05:41:42.115166+00:00,results/raw/baseline-choco-all-5s-1-5212ce0ffa763fd5.json,0,0,,,,,,,,,,,,,,,,,6667.269499999975,,6954.2371,316.83203125,12203.125,203,,,,,,,,,6.0.1,,,,214,3,0,STATIC_PRIMARY_FRESH_PROCESS,False,,,,,,,,,,
static,choco,beeline-car-no-breaks-v2-strict-hd:all,all,PRIMARY,15.0,1,NO_SOLUTION_FOUND,2528b8ff370cda70eb9a5b24cece6aa37fbc9ff45556ab9ba7499e260a1d0d5e,f6159e9e18b37f8c5797043ba58d636bc5f35a73eb7d274531466b83c3734f23,ee570c715a0df06f400a3815f8b508637698ad2fa314679ce6539656d9a9cfcf,2026-09-18T06:00:28.859852+00:00,results/raw/baseline-choco-all-15s-1-92c415e4c9a18490.json,0,0,,,,,,,,,,,,,,,,,16965.52560000009,,17312.78980000002,314.50390625,22015.625,203,,,,,,,,,6.0.1,,,,214,3,0,STATIC_PRIMARY_FRESH_PROCESS,False,,,,,,,,,,
static,choco,beeline-car-no-breaks-v2-strict-hd:all,all,PRIMARY,60.0,1,NO_SOLUTION_FOUND,2528b8ff370cda70eb9a5b24cece6aa37fbc9ff45556ab9ba7499e260a1d0d5e,f6159e9e18b37f8c5797043ba58d636bc5f35a73eb7d274531466b83c3734f23,ee570c715a0df06f400a3815f8b508637698ad2fa314679ce6539656d9a9cfcf,2026-09-18T06:07:05.476038+00:00,results/raw/baseline-choco-all-60s-1-52b9fbe2dd209aac.json,0,0,,,,,,,,,,,,,,,,,61561.47259999989,,61899.03670000013,367.46875,66234.375,203,,,,,,,,,6.0.1,,,,214,3,0,STATIC_PRIMARY_FRESH_PROCESS,False,,,,,,,,,,
static,choco,beeline-car-no-breaks-v2-strict-hd:all,all,PRIMARY,300.0,1,NO_SOLUTION_FOUND,2528b8ff370cda70eb9a5b24cece6aa37fbc9ff45556ab9ba7499e260a1d0d5e,f6159e9e18b37f8c5797043ba58d636bc5f35a73eb7d274531466b83c3734f23,ee570c715a0df06f400a3815f8b508637698ad2fa314679ce6539656d9a9cfcf,2026-09-18T06:36:52.804018+00:00,results/raw/baseline-choco-all-300s-1-3e0a41d47ca3c46a.json,0,0,,,,,,,,,,,,,,,,,301648.6817,,301961.9431999995,527.78515625,303546.875,203,,,,,,,,,6.0.1,,,,214,3,0,STATIC_PRIMARY_FRESH_PROCESS,False,,,,,,,,,,
static,choco,beeline-car-no-breaks-v2-strict-hd:east,east,PRIMARY,1.0,1,NO_SOLUTION_FOUND,2528b8ff370cda70eb9a5b24cece6aa37fbc9ff45556ab9ba7499e260a1d0d5e,f6159e9e18b37f8c5797043ba58d636bc5f35a73eb7d274531466b83c3734f23,ee570c715a0df06f400a3815f8b508637698ad2fa314679ce6539656d9a9cfcf,2026-09-18T05:42:27.717506+00:00,results/raw/baseline-choco-east-1s-1-a4e71a3d62a1e1ad.json,0,0,,,,,,,,,,,,,,,,,2431.5027999999757,,2701.549600000021,220.53515625,6937.5,66,,,,,,,,,6.0.1,,,,214,3,0,STATIC_PRIMARY_FRESH_PROCESS,False,,,,,,,,,,
static,choco,beeline-car-no-breaks-v2-strict-hd:east,east,PRIMARY,5.0,1,NO_SOLUTION_FOUND,2528b8ff370cda70eb9a5b24cece6aa37fbc9ff45556ab9ba7499e260a1d0d5e,f6159e9e18b37f8c5797043ba58d636bc5f35a73eb7d274531466b83c3734f23,ee570c715a0df06f400a3815f8b508637698ad2fa314679ce6539656d9a9cfcf,2026-09-18T05:43:11.292886+00:00,results/raw/baseline-choco-east-5s-1-f8dbc787b7760d95.json,0,0,,,,,,,,,,,,,,,,,6692.1839999999975,,7044.779700000049,251.71484375,12921.875,66,,,,,,,,,6.0.1,,,,214,3,0,STATIC_PRIMARY_FRESH_PROCESS,False,,,,,,,,,,
static,choco,beeline-car-no-breaks-v2-strict-hd:exact-10,exact-10,PRIMARY,15.0,1,FEASIBLE,2528b8ff370cda70eb9a5b24cece6aa37fbc9ff45556ab9ba7499e260a1d0d5e,f6159e9e18b37f8c5797043ba58d636bc5f35a73eb7d274531466b83c3734f23,ee570c715a0df06f400a3815f8b508637698ad2fa314679ce6539656d9a9cfcf,2026-09-18T08:48:49.721739+00:00,results/raw/baseline-choco-exact-10-15s-1-bdb641dee4d1418f.json,100,100,0,10,0,100.0,7,386.3,337.6,1906.6,490.0,0,0,,,,,,16552.71510000057,0.3057000003536814,17075.629400000253,256.11328125,21171.875,10,0,,,,,,,,6.0.1,,,,214,3,0,STATIC_PRIMARY_FRESH_PROCESS,True,,,,,,,,,,
static,choco,beeline-car-no-breaks-v2-strict-hd:exact-15,exact-15,PRIMARY,15.0,1,NO_SOLUTION_FOUND,2528b8ff370cda70eb9a5b24cece6aa37fbc9ff45556ab9ba7499e260a1d0d5e,f6159e9e18b37f8c5797043ba58d636bc5f35a73eb7d274531466b83c3734f23,ee570c715a0df06f400a3815f8b508637698ad2fa314679ce6539656d9a9cfcf,2026-09-18T08:49:51.043608+00:00,results/raw/baseline-choco-exact-15-15s-1-7b0e62983c183dbb.json,0,0,,,,,,,,,,,,,,,,,16613.8478999992,,17585.979499999667,261.8125,21578.125,15,,,,,,,,,6.0.1,,,,214,3,0,STATIC_PRIMARY_FRESH_PROCESS,False,,,,,,,,,,
static,choco,beeline-car-no-breaks-v2-strict-hd:exact-20,exact-20,PRIMARY,15.0,1,NO_SOLUTION_FOUND,2528b8ff370cda70eb9a5b24cece6aa37fbc9ff45556ab9ba7499e260a1d0d5e,f6159e9e18b37f8c5797043ba58d636bc5f35a73eb7d274531466b83c3734f23,ee570c715a0df06f400a3815f8b508637698ad2fa314679ce6539656d9a9cfcf,2026-09-18T08:52:30.580373+00:00,results/raw/baseline-choco-exact-20-15s-1-0574b3627a67969a.json,0,0,,,,,,,,,,,,,,,,,17412.558800000625,,18174.25170000024,210.8984375,21921.875,20,,,,,,,,,6.0.1,,,,214,3,0,STATIC_PRIMARY_FRESH_PROCESS,False,,,,,,,,,,
static,choco,beeline-car-no-breaks-v2-strict-hd:exact-20,exact-20,PRIMARY,60.0,1,NO_SOLUTION_FOUND,2528b8ff370cda70eb9a5b24cece6aa37fbc9ff45556ab9ba7499e260a1d0d5e,f6159e9e18b37f8c5797043ba58d636bc5f35a73eb7d274531466b83c3734f23,ee570c715a0df06f400a3815f8b508637698ad2fa314679ce6539656d9a9cfcf,2026-09-18T08:53:47.826741+00:00,results/raw/baseline-choco-exact-20-60s-1-0b6e8dafed2ecf6d.json,0,0,,,,,,,,,,,,,,,,,61504.81089999994,,61925.42390000017,256.53515625,63609.375,20,,,,,,,,,6.0.1,,,,214,3,0,STATIC_PRIMARY_FRESH_PROCESS,False,,,,,,,,,,
static,choco,beeline-car-no-breaks-v2-strict-hd:exact-5,exact-5,PRIMARY,15.0,1,FEASIBLE,2528b8ff370cda70eb9a5b24cece6aa37fbc9ff45556ab9ba7499e260a1d0d5e,f6159e9e18b37f8c5797043ba58d636bc5f35a73eb7d274531466b83c3734f23,ee570c715a0df06f400a3815f8b508637698ad2fa314679ce6539656d9a9cfcf,2026-09-18T08:46:12.723398+00:00,results/raw/baseline-choco-exact-5-15s-1-03b4a47217942c0e.json,100,100,0,5,0,100.0,2,119.184,111.75,438.25,310.0,0,0,,,,,,16549.875800000336,0.2153999994334299,16987.271599999985,259.484375,20656.25,5,0,,,,,,,,6.0.1,,,,214,3,0,STATIC_PRIMARY_FRESH_PROCESS,True,,,,,,,,,,
static,choco,beeline-car-no-breaks-v2-strict-hd:southcentral,southcentral,PRIMARY,1.0,1,NO_SOLUTION_FOUND,2528b8ff370cda70eb9a5b24cece6aa37fbc9ff45556ab9ba7499e260a1d0d5e,f6159e9e18b37f8c5797043ba58d636bc5f35a73eb7d274531466b83c3734f23,ee570c715a0df06f400a3815f8b508637698ad2fa314679ce6539656d9a9cfcf,2026-09-18T05:45:29.484341+00:00,results/raw/baseline-choco-southcentral-1s-1-63c35830f2dd0dc4.json,0,0,,,,,,,,,,,,,,,,,2370.3576999999996,,2630.2029999999377,200.921875,7250.0,56,,,,,,,,,6.0.1,,,,214,3,0,STATIC_PRIMARY_FRESH_PROCESS,False,,,,,,,,,,
static,choco,beeline-car-no-breaks-v2-strict-hd:southcentral,southcentral,PRIMARY,5.0,1,NO_SOLUTION_FOUND,2528b8ff370cda70eb9a5b24cece6aa37fbc9ff45556ab9ba7499e260a1d0d5e,f6159e9e18b37f8c5797043ba58d636bc5f35a73eb7d274531466b83c3734f23,ee570c715a0df06f400a3815f8b508637698ad2fa314679ce6539656d9a9cfcf,2026-09-18T05:46:12.289641+00:00,results/raw/baseline-choco-southcentral-5s-1-09a6517e9db1193f.json,0,0,,,,,,,,,,,,,,,,,6342.905700000074,,6601.381199999992,205.3359375,11656.25,56,,,,,,,,,6.0.1,,,,214,3,0,STATIC_PRIMARY_FRESH_PROCESS,False,,,,,,,,,,
static,choco,beeline-car-no-breaks-v2-strict-hd:southeast,southeast,PRIMARY,1.0,1,NO_SOLUTION_FOUND,2528b8ff370cda70eb9a5b24cece6aa37fbc9ff45556ab9ba7499e260a1d0d5e,f6159e9e18b37f8c5797043ba58d636bc5f35a73eb7d274531466b83c3734f23,ee570c715a0df06f400a3815f8b508637698ad2fa314679ce6539656d9a9cfcf,2026-09-18T05:43:54.218804+00:00,results/raw/baseline-choco-southeast-1s-1-14653164d6c8b093.json,0,0,,,,,,,,,,,,,,,,,2605.070699999942,,2902.3101000000224,234.19921875,8187.5,81,,,,,,,,,6.0.1,,,,214,3,0,STATIC_PRIMARY_FRESH_PROCESS,False,,,,,,,,,,
static,choco,beeline-car-no-breaks-v2-strict-hd:southeast,southeast,PRIMARY,5.0,1,NO_SOLUTION_FOUND,2528b8ff370cda70eb9a5b24cece6aa37fbc9ff45556ab9ba7499e260a1d0d5e,f6159e9e18b37f8c5797043ba58d636bc5f35a73eb7d274531466b83c3734f23,ee570c715a0df06f400a3815f8b508637698ad2fa314679ce6539656d9a9cfcf,2026-09-18T05:44:46.029754+00:00,results/raw/baseline-choco-southeast-5s-1-4d9e2db37a121a12.json,0,0,,,,,,,,,,,,,,,,,6821.030299999961,,7234.147500000063,217.63671875,11703.125,81,,,,,,,,,6.0.1,,,,214,3,0,STATIC_PRIMARY_FRESH_PROCESS,False,,,,,,,,,,
static,cpsat,beeline-car-no-breaks-v2-strict-hd:all,all,PRIMARY,1.0,1,NO_SOLUTION_FOUND,4d161a14342fd76b275b2a2b86831818acd4dec3d7cbfb1242c2524d32a0150d,f6159e9e18b37f8c5797043ba58d636bc5f35a73eb7d274531466b83c3734f23,ee570c715a0df06f400a3815f8b508637698ad2fa314679ce6539656d9a9cfcf,2026-09-18T05:40:35.712693+00:00,results/raw/baseline-cpsat-all-1s-1-3efc3472416e69b4.json,0,0,,,,,,,,,,,,,,,,,3453.1776000000036,,4045.273000000009,189.82421875,3687.5,203,,,,,,,,,9.15.6755,0.0,,,239,3,0,STATIC_PRIMARY_FRESH_PROCESS,False,,,,,,,,,,
static,cpsat,beeline-car-no-breaks-v2-strict-hd:all,all,PRIMARY,5.0,1,NO_SOLUTION_FOUND,4d161a14342fd76b275b2a2b86831818acd4dec3d7cbfb1242c2524d32a0150d,f6159e9e18b37f8c5797043ba58d636bc5f35a73eb7d274531466b83c3734f23,ee570c715a0df06f400a3815f8b508637698ad2fa314679ce6539656d9a9cfcf,2026-09-18T05:41:35.015491+00:00,results/raw/baseline-cpsat-all-5s-1-62eab45898f4017a.json,0,0,,,,,,,,,,,,,,,,,6418.938199999957,,6977.194999999938,191.32421875,6437.5,203,,,,,,,,,9.15.6755,0.0,,,239,3,0,STATIC_PRIMARY_FRESH_PROCESS,False,,,,,,,,,,
static,cpsat,beeline-car-no-breaks-v2-strict-hd:all,all,PRIMARY,15.0,1,NO_SOLUTION_FOUND,4d161a14342fd76b275b2a2b86831818acd4dec3d7cbfb1242c2524d32a0150d,f6159e9e18b37f8c5797043ba58d636bc5f35a73eb7d274531466b83c3734f23,ee570c715a0df06f400a3815f8b508637698ad2fa314679ce6539656d9a9cfcf,2026-09-18T06:00:12.844241+00:00,results/raw/baseline-cpsat-all-15s-1-16f6881cec817ab0.json,0,0,,,,,,,,,,,,,,,,,15169.113800000105,,15862.08140000008,197.3203125,14843.75,203,,,,,,,,,9.15.6755,0.0,,,239,3,0,STATIC_PRIMARY_FRESH_PROCESS,False,,,,,,,,,,
static,cpsat,beeline-car-no-breaks-v2-strict-hd:all,all,PRIMARY,60.0,1,FEASIBLE,338af6f0b9d19bee2a7cd30bf3c8528418799d67d0c9f4d8fc16d88fcef1c95d,f6159e9e18b37f8c5797043ba58d636bc5f35a73eb7d274531466b83c3734f23,ee570c715a0df06f400a3815f8b508637698ad2fa314679ce6539656d9a9cfcf,2026-09-18T06:06:01.923358+00:00,results/raw/baseline-cpsat-all-60s-1-fd8d71fd4627f612.json,100,0,0,3,200,1.477832512315271,3,25.798,36.03333333333333,743.9666666666667,170.0,0,15,,,,,,62578.95369999983,0.2832000000125845,63372.32930000005,339.55859375,61500.0,203,15,,,,,,,,9.15.6755,-33389631383.0,1.1935272675624768,,239,3,0,STATIC_PRIMARY_FRESH_PROCESS,True,,,,,,,,,,
static,cpsat,beeline-car-no-breaks-v2-strict-hd:all,all,PRIMARY,300.0,1,FEASIBLE,338af6f0b9d19bee2a7cd30bf3c8528418799d67d0c9f4d8fc16d88fcef1c95d,f6159e9e18b37f8c5797043ba58d636bc5f35a73eb7d274531466b83c3734f23,ee570c715a0df06f400a3815f8b508637698ad2fa314679ce6539656d9a9cfcf,2026-09-18T06:31:49.291836+00:00,results/raw/baseline-cpsat-all-300s-1-71b99095cb25428c.json,100,0,0,15,188,7.389162561576355,10,319.772,313.6,2080.0666666666666,860.0,1,14,11.616666666666667,11.616666666666667,11.616666666666667,91.61666666666666,91.61666666666666,302603.2259000003,0.4233999998177751,303335.9038000003,340.29296875,296843.75,203,15,,,,,,,,9.15.6755,-33389631194.0,1.205661605664675,,239,3,0,STATIC_PRIMARY_FRESH_PROCESS,True,,,,,,,,,,
static,cpsat,beeline-car-no-breaks-v2-strict-hd:east,east,PRIMARY,1.0,1,NO_SOLUTION_FOUND,4d161a14342fd76b275b2a2b86831818acd4dec3d7cbfb1242c2524d32a0150d,f6159e9e18b37f8c5797043ba58d636bc5f35a73eb7d274531466b83c3734f23,ee570c715a0df06f400a3815f8b508637698ad2fa314679ce6539656d9a9cfcf,2026-09-18T05:42:24.766184+00:00,results/raw/baseline-cpsat-east-1s-1-8e7827a99d7d4eaa.json,0,0,,,,,,,,,,,,,,,,,2312.7388000000337,,2892.5561999999445,119.4453125,2671.875,66,,,,,,,,,9.15.6755,0.0,,,239,3,0,STATIC_PRIMARY_FRESH_PROCESS,False,,,,,,,,,,
static,cpsat,beeline-car-no-breaks-v2-strict-hd:east,east,PRIMARY,5.0,1,NO_SOLUTION_FOUND,4d161a14342fd76b275b2a2b86831818acd4dec3d7cbfb1242c2524d32a0150d,f6159e9e18b37f8c5797043ba58d636bc5f35a73eb7d274531466b83c3734f23,ee570c715a0df06f400a3815f8b508637698ad2fa314679ce6539656d9a9cfcf,2026-09-18T05:43:04.107918+00:00,results/raw/baseline-cpsat-east-5s-1-7c475bd34835447b.json,0,0,,,,,,,,,,,,,,,,,6399.440899999945,,7048.299500000098,121.30859375,6609.375,66,,,,,,,,,9.15.6755,0.0,,,239,3,0,STATIC_PRIMARY_FRESH_PROCESS,False,,,,,,,,,,
static,cpsat,beeline-car-no-breaks-v2-strict-hd:exact-10,exact-10,PRIMARY,15.0,1,OPTIMAL,338af6f0b9d19bee2a7cd30bf3c8528418799d67d0c9f4d8fc16d88fcef1c95d,f6159e9e18b37f8c5797043ba58d636bc5f35a73eb7d274531466b83c3734f23,ee570c715a0df06f400a3815f8b508637698ad2fa314679ce6539656d9a9cfcf,2026-09-18T08:49:27.963371+00:00,results/raw/baseline-cpsat-exact-10-15s-1-45a4aa45a25b3f04.json,100,100,0,10,0,100.0,4,190.527,187.51666666666668,1772.4833333333333,490.0,0,0,,,,,,2493.4665999999197,0.24080000002868474,3799.344999999448,99.53515625,2828.125,10,0,,,,,,,,9.15.6755,4910291.0,0.0,,239,3,0,STATIC_PRIMARY_FRESH_PROCESS,True,,,,,,,,,,
static,cpsat,beeline-car-no-breaks-v2-strict-hd:exact-15,exact-15,PRIMARY,15.0,1,FEASIBLE,338af6f0b9d19bee2a7cd30bf3c8528418799d67d0c9f4d8fc16d88fcef1c95d,f6159e9e18b37f8c5797043ba58d636bc5f35a73eb7d274531466b83c3734f23,ee570c715a0df06f400a3815f8b508637698ad2fa314679ce6539656d9a9cfcf,2026-09-18T08:50:27.102791+00:00,results/raw/baseline-cpsat-exact-15-15s-1-8bf05f9b9ff68d6d.json,100,100,0,15,0,100.0,5,260.101,260.5833333333333,2289.4166666666665,680.0,0,0,,,,,,16106.558899999982,0.3022999999302556,16903.573599999618,106.31640625,15015.625,15,0,,,,,,,,9.15.6755,-689501842.0,76.6891195452386,,239,3,0,STATIC_PRIMARY_FRESH_PROCESS,True,,,,,,,,,,
static,cpsat,beeline-car-no-breaks-v2-strict-hd:exact-20,exact-20,PRIMARY,15.0,1,FEASIBLE,338af6f0b9d19bee2a7cd30bf3c8528418799d67d0c9f4d8fc16d88fcef1c95d,f6159e9e18b37f8c5797043ba58d636bc5f35a73eb7d274531466b83c3734f23,ee570c715a0df06f400a3815f8b508637698ad2fa314679ce6539656d9a9cfcf,2026-09-18T08:52:48.642147+00:00,results/raw/baseline-cpsat-exact-20-15s-1-d2d1cd021c78bbb8.json,100,100,0,20,0,100.0,7,210.865,241.76666666666668,3119.133333333333,960.0,0,0,,,,,,16344.851500000004,0.2677000002222485,17114.770099999987,104.76171875,15875.0,20,0,,,,,,,,9.15.6755,-1414924958.0,85.57395407253256,,239,3,0,STATIC_PRIMARY_FRESH_PROCESS,True,,,,,,,,,,
static,cpsat,beeline-car-no-breaks-v2-strict-hd:exact-20,exact-20,PRIMARY,60.0,1,FEASIBLE,338af6f0b9d19bee2a7cd30bf3c8528418799d67d0c9f4d8fc16d88fcef1c95d,f6159e9e18b37f8c5797043ba58d636bc5f35a73eb7d274531466b83c3734f23,ee570c715a0df06f400a3815f8b508637698ad2fa314679ce6539656d9a9cfcf,2026-09-18T08:54:49.956188+00:00,results/raw/baseline-cpsat-exact-20-60s-1-2f0b17f34cd330f5.json,100,100,0,20,0,100.0,6,279.202,298.3333333333333,2612.5666666666666,960.0,0,0,,,,,,61600.91620000003,0.3562000001693377,62358.32029999983,106.22265625,59796.875,20,0,,,,,,,,9.15.6755,-1412432285.0,98.82411323124693,,239,3,0,STATIC_PRIMARY_FRESH_PROCESS,True,,,,,,,,,,
static,cpsat,beeline-car-no-breaks-v2-strict-hd:exact-5,exact-5,PRIMARY,15.0,1,OPTIMAL,338af6f0b9d19bee2a7cd30bf3c8528418799d67d0c9f4d8fc16d88fcef1c95d,f6159e9e18b37f8c5797043ba58d636bc5f35a73eb7d274531466b83c3734f23,ee570c715a0df06f400a3815f8b508637698ad2fa314679ce6539656d9a9cfcf,2026-09-18T08:46:10.496568+00:00,results/raw/baseline-cpsat-exact-5-15s-1-ef69ccb28ebb5c99.json,100,100,0,5,0,100.0,2,116.674,108.58333333333333,561.4166666666666,310.0,0,0,,,,,,1291.9984000000113,0.1142999999501626,2132.4915000004694,97.32421875,1562.5,5,0,,,,,,,,9.15.6755,1296616.0,0.0,,239,3,0,STATIC_PRIMARY_FRESH_PROCESS,True,,,,,,,,,,
static,cpsat,beeline-car-no-breaks-v2-strict-hd:southcentral,southcentral,PRIMARY,1.0,1,NO_SOLUTION_FOUND,4d161a14342fd76b275b2a2b86831818acd4dec3d7cbfb1242c2524d32a0150d,f6159e9e18b37f8c5797043ba58d636bc5f35a73eb7d274531466b83c3734f23,ee570c715a0df06f400a3815f8b508637698ad2fa314679ce6539656d9a9cfcf,2026-09-18T05:45:26.604081+00:00,results/raw/baseline-cpsat-southcentral-1s-1-e4f554a62556621c.json,0,0,,,,,,,,,,,,,,,,,2244.40560000005,,2825.05070000002,114.10546875,2515.625,56,,,,,,,,,9.15.6755,0.0,,,239,3,0,STATIC_PRIMARY_FRESH_PROCESS,False,,,,,,,,,,
static,cpsat,beeline-car-no-breaks-v2-strict-hd:southcentral,southcentral,PRIMARY,5.0,1,FEASIBLE,4d161a14342fd76b275b2a2b86831818acd4dec3d7cbfb1242c2524d32a0150d,f6159e9e18b37f8c5797043ba58d636bc5f35a73eb7d274531466b83c3734f23,ee570c715a0df06f400a3815f8b508637698ad2fa314679ce6539656d9a9cfcf,2026-09-18T05:46:05.588852+00:00,results/raw/baseline-cpsat-southcentral-5s-1-9efe78a29ad6ba8e.json,100,0,0,0,56,0.0,0,0.0,0.0,0.0,0.0,0,0,,,,,,6038.45780000006,0.1020999999354899,6561.928500000022,116.56640625,6296.875,56,0,,,,,,,,9.15.6755,-1096753753.0,1.2469970915902033,,239,3,0,STATIC_PRIMARY_FRESH_PROCESS,True,,,,,,,,,,
static,cpsat,beeline-car-no-breaks-v2-strict-hd:southeast,southeast,PRIMARY,1.0,1,NO_SOLUTION_FOUND,4d161a14342fd76b275b2a2b86831818acd4dec3d7cbfb1242c2524d32a0150d,f6159e9e18b37f8c5797043ba58d636bc5f35a73eb7d274531466b83c3734f23,ee570c715a0df06f400a3815f8b508637698ad2fa314679ce6539656d9a9cfcf,2026-09-18T05:43:50.769836+00:00,results/raw/baseline-cpsat-southeast-1s-1-9431bc14ffca4eca.json,0,0,,,,,,,,,,,,,,,,,2815.382399999976,,3337.594099999933,145.86328125,3171.875,81,,,,,,,,,9.15.6755,0.0,,,239,3,0,STATIC_PRIMARY_FRESH_PROCESS,False,,,,,,,,,,
static,cpsat,beeline-car-no-breaks-v2-strict-hd:southeast,southeast,PRIMARY,5.0,1,NO_SOLUTION_FOUND,4d161a14342fd76b275b2a2b86831818acd4dec3d7cbfb1242c2524d32a0150d,f6159e9e18b37f8c5797043ba58d636bc5f35a73eb7d274531466b83c3734f23,ee570c715a0df06f400a3815f8b508637698ad2fa314679ce6539656d9a9cfcf,2026-09-18T05:44:38.125803+00:00,results/raw/baseline-cpsat-southeast-5s-1-f5f9f719216f09d8.json,0,0,,,,,,,,,,,,,,,,,6968.891499999927,,7676.713599999971,147.12109375,7109.375,81,,,,,,,,,9.15.6755,0.0,,,239,3,0,STATIC_PRIMARY_FRESH_PROCESS,False,,,,,,,,,,
static,jsprit,beeline-car-no-breaks-v2-strict-hd:all,all,PRIMARY,1.0,1,FEASIBLE,9f2010bdea168a6f471c5756258d704a5ff5d61443fff284e5c53fccdd2bb5ae,f6159e9e18b37f8c5797043ba58d636bc5f35a73eb7d274531466b83c3734f23,ee570c715a0df06f400a3815f8b508637698ad2fa314679ce6539656d9a9cfcf,2026-09-18T05:40:19.810499+00:00,results/raw/baseline-jsprit-all-1s-1-06c69fda02c24d13.json,100,100,0,203,0,100.0,28,1469.243,1863.0333333333333,5142.083333333333,10820.0,15,0,410.42555555555555,457.8333333333333,680.9,490.42555555555555,760.9,10447.576700000012,2.765300000021398,10745.12969999995,296.9453125,16218.75,203,15,,,,,,,,2.0.0,,,,205,4,0,STATIC_PRIMARY_FRESH_PROCESS,True,,,,,,,,,,
static,jsprit,beeline-car-no-breaks-v2-strict-hd:all,all,PRIMARY,1.0,2,FEASIBLE,9f2010bdea168a6f471c5756258d704a5ff5d61443fff284e5c53fccdd2bb5ae,f6159e9e18b37f8c5797043ba58d636bc5f35a73eb7d274531466b83c3734f23,ee570c715a0df06f400a3815f8b508637698ad2fa314679ce6539656d9a9cfcf,2026-09-18T09:20:08.181525+00:00,results/raw/baseline-jsprit-all-1s-2-5149ae02b8998a80.json,100,0,0,202,1,99.50738916256158,26,1473.127,1954.8,3347.9333333333334,10790.0,15,0,333.81666666666666,391.56666666666666,686.7166666666667,413.81666666666666,766.7166666666667,9882.55240000035,2.7202999999644817,10227.831400000468,294.24609375,15703.125,203,15,,,,,,,,2.0.0,,,,205,4,0,STATIC_PRIMARY_FRESH_PROCESS,True,,,,,,,,,,
static,jsprit,beeline-car-no-breaks-v2-strict-hd:all,all,PRIMARY,1.0,3,FEASIBLE,9f2010bdea168a6f471c5756258d704a5ff5d61443fff284e5c53fccdd2bb5ae,f6159e9e18b37f8c5797043ba58d636bc5f35a73eb7d274531466b83c3734f23,ee570c715a0df06f400a3815f8b508637698ad2fa314679ce6539656d9a9cfcf,2026-09-18T09:20:30.168040+00:00,results/raw/baseline-jsprit-all-1s-3-2c30cf052556969a.json,100,100,0,203,0,100.0,26,1378.874,1843.55,4534.283333333334,10820.0,15,0,435.0522222222222,476.6666666666667,696.6333333333333,515.0522222222222,776.6333333333333,9721.24200000053,2.607700000226032,10077.65819999986,298.1875,15437.5,203,15,,,,,,,,2.0.0,,,,205,4,0,STATIC_PRIMARY_FRESH_PROCESS,True,,,,,,,,,,
static,jsprit,beeline-car-no-breaks-v2-strict-hd:all,all,PRIMARY,1.0,4,FEASIBLE,9f2010bdea168a6f471c5756258d704a5ff5d61443fff284e5c53fccdd2bb5ae,f6159e9e18b37f8c5797043ba58d636bc5f35a73eb7d274531466b83c3734f23,ee570c715a0df06f400a3815f8b508637698ad2fa314679ce6539656d9a9cfcf,2026-09-18T09:20:47.840639+00:00,results/raw/baseline-jsprit-all-1s-4-4e01c2781e8403d9.json,100,100,0,203,0,100.0,26,1394.03,1883.5666666666666,3103.6833333333334,10820.0,15,0,386.9688888888889,429.3666666666667,692.1833333333333,466.9688888888889,772.1833333333333,11131.208899999365,2.220600000327977,11525.945899999897,296.33984375,17703.125,203,15,,,,,,,,2.0.0,,,,205,4,0,STATIC_PRIMARY_FRESH_PROCESS,True,,,,,,,,,,
static,jsprit,beeline-car-no-breaks-v2-strict-hd:all,all,PRIMARY,1.0,5,FEASIBLE,9f2010bdea168a6f471c5756258d704a5ff5d61443fff284e5c53fccdd2bb5ae,f6159e9e18b37f8c5797043ba58d636bc5f35a73eb7d274531466b83c3734f23,ee570c715a0df06f400a3815f8b508637698ad2fa314679ce6539656d9a9cfcf,2026-09-18T09:21:05.211002+00:00,results/raw/baseline-jsprit-all-1s-5-68e132e38351fdfd.json,100,0,0,202,1,99.50738916256158,28,1620.274,2005.4333333333334,4854.516666666666,10790.0,15,0,401.3777777777778,501.73333333333335,684.4166666666666,481.3777777777778,764.4166666666666,9875.054800000726,2.0187000000078115,10240.438099999665,299.46875,15968.75,203,15,,,,,,,,2.0.0,,,,205,4,0,STATIC_PRIMARY_FRESH_PROCESS,True,,,,,,,,,,
static,jsprit,beeline-car-no-breaks-v2-strict-hd:all,all,PRIMARY,1.0,6,FEASIBLE,9f2010bdea168a6f471c5756258d704a5ff5d61443fff284e5c53fccdd2bb5ae,f6159e9e18b37f8c5797043ba58d636bc5f35a73eb7d274531466b83c3734f23,ee570c715a0df06f400a3815f8b508637698ad2fa314679ce6539656d9a9cfcf,2026-09-18T09:21:35.079136+00:00,results/raw/baseline-jsprit-all-1s-6-7558fc752c4c8b1f.json,100,100,0,203,0,100.0,26,1924.258,2310.6833333333334,3173.6666666666665,10820.0,15,0,423.8233333333333,497.85,692.1,503.8233333333333,772.1,10720.825200000036,2.9809999996359693,11042.597399999977,296.69921875,16906.25,203,15,,,,,,,,2.0.0,,,,205,4,0,STATIC_PRIMARY_FRESH_PROCESS,True,,,,,,,,,,
static,jsprit,beeline-car-no-breaks-v2-strict-hd:all,all,PRIMARY,1.0,7,FEASIBLE,9f2010bdea168a6f471c5756258d704a5ff5d61443fff284e5c53fccdd2bb5ae,f6159e9e18b37f8c5797043ba58d636bc5f35a73eb7d274531466b83c3734f23,ee570c715a0df06f400a3815f8b508637698ad2fa314679ce6539656d9a9cfcf,2026-09-18T09:22:00.936968+00:00,results/raw/baseline-jsprit-all-1s-7-bbbc633608c4c5be.json,100,100,0,203,0,100.0,26,1325.735,1790.7833333333333,4531.783333333334,10820.0,15,0,385.54333333333335,431.31666666666666,679.4,465.54333333333335,759.4,8678.802999999789,2.7208000001337496,8990.693900000224,298.53515625,14281.25,203,15,,,,,,,,2.0.0,,,,205,4,0,STATIC_PRIMARY_FRESH_PROCESS,True,,,,,,,,,,
static,jsprit,beeline-car-no-breaks-v2-strict-hd:all,all,PRIMARY,1.0,8,FEASIBLE,9f2010bdea168a6f471c5756258d704a5ff5d61443fff284e5c53fccdd2bb5ae,f6159e9e18b37f8c5797043ba58d636bc5f35a73eb7d274531466b83c3734f23,ee570c715a0df06f400a3815f8b508637698ad2fa314679ce6539656d9a9cfcf,2026-09-18T09:22:14.689057+00:00,results/raw/baseline-jsprit-all-1s-8-6468373240cbe617.json,100,100,0,203,0,100.0,26,1596.629,2050.8,3730.85,10820.0,15,0,413.41,486.2,693.1166666666667,493.41,773.1166666666667,9886.271299999862,2.842400000190537,10199.84199999999,301.4765625,15671.875,203,15,,,,,,,,2.0.0,,,,205,4,0,STATIC_PRIMARY_FRESH_PROCESS,True,,,,,,,,,,
static,jsprit,beeline-car-no-breaks-v2-strict-hd:all,all,PRIMARY,1.0,9,FEASIBLE,9f2010bdea168a6f471c5756258d704a5ff5d61443fff284e5c53fccdd2bb5ae,f6159e9e18b37f8c5797043ba58d636bc5f35a73eb7d274531466b83c3734f23,ee570c715a0df06f400a3815f8b508637698ad2fa314679ce6539656d9a9cfcf,2026-09-18T09:22:34.573850+00:00,results/raw/baseline-jsprit-all-1s-9-16d11f468406cdda.json,100,100,0,203,0,100.0,26,1691.431,2089.883333333333,3928.016666666667,10820.0,15,0,364.68555555555554,409.3,697.5666666666667,444.6855555555556,777.5666666666667,9582.0920999995,3.3457999998063315,9962.770200000705,297.4375,16562.5,203,15,,,,,,,,2.0.0,,,,205,4,0,STATIC_PRIMARY_FRESH_PROCESS,True,,,,,,,,,,
static,jsprit,beeline-car-no-breaks-v2-strict-hd:all,all,PRIMARY,1.0,10,FEASIBLE,9f2010bdea168a6f471c5756258d704a5ff5d61443fff284e5c53fccdd2bb5ae,f6159e9e18b37f8c5797043ba58d636bc5f35a73eb7d274531466b83c3734f23,ee570c715a0df06f400a3815f8b508637698ad2fa314679ce6539656d9a9cfcf,2026-09-18T09:23:07.756321+00:00,results/raw/baseline-jsprit-all-1s-10-aa180f8157074b27.json,100,100,0,203,0,100.0,26,1319.394,1829.1833333333334,3838.266666666667,10820.0,15,0,369.8211111111111,424.21666666666664,670.5666666666667,449.8211111111111,750.5666666666667,8972.436999999445,2.1517000004678266,9304.322299999512,301.07421875,14593.75,203,15,,,,,,,,2.0.0,,,,205,4,0,STATIC_PRIMARY_FRESH_PROCESS,True,,,,,,,,,,
static,jsprit,beeline-car-no-breaks-v2-strict-hd:all,all,PRIMARY,5.0,1,FEASIBLE,9f2010bdea168a6f471c5756258d704a5ff5d61443fff284e5c53fccdd2bb5ae,f6159e9e18b37f8c5797043ba58d636bc5f35a73eb7d274531466b83c3734f23,ee570c715a0df06f400a3815f8b508637698ad2fa314679ce6539656d9a9cfcf,2026-09-18T05:41:07.399064+00:00,results/raw/baseline-jsprit-all-5s-1-43e3113cadf58764.json,100,100,0,203,0,100.0,27,1362.028,1775.8166666666666,4785.75,10820.0,15,0,401.9244444444445,428.03333333333336,660.15,481.9244444444445,740.15,14291.189799999984,1.6868000000158645,14629.169899999964,296.41015625,20781.25,203,15,,,,,,,,2.0.0,,,,205,4,0,STATIC_PRIMARY_FRESH_PROCESS,True,,,,,,,,,,
static,jsprit,beeline-car-no-breaks-v2-strict-hd:all,all,PRIMARY,5.0,2,FEASIBLE,9f2010bdea168a6f471c5756258d704a5ff5d61443fff284e5c53fccdd2bb5ae,f6159e9e18b37f8c5797043ba58d636bc5f35a73eb7d274531466b83c3734f23,ee570c715a0df06f400a3815f8b508637698ad2fa314679ce6539656d9a9cfcf,2026-09-18T09:23:17.226794+00:00,results/raw/baseline-jsprit-all-5s-2-31a59f05293747ca.json,100,100,0,203,0,100.0,26,1380.53,1817.7333333333333,4123.1,10820.0,15,0,328.77222222222224,392.23333333333335,697.3,408.77222222222224,777.3,12727.237699999932,2.9086000004099333,13012.763799999448,294.39453125,18078.125,203,15,,,,,,,,2.0.0,,,,205,4,0,STATIC_PRIMARY_FRESH_PROCESS,True,,,,,,,,,,
static,jsprit,beeline-car-no-breaks-v2-strict-hd:all,all,PRIMARY,5.0,3,FEASIBLE,9f2010bdea168a6f471c5756258d704a5ff5d61443fff284e5c53fccdd2bb5ae,f6159e9e18b37f8c5797043ba58d636bc5f35a73eb7d274531466b83c3734f23,ee570c715a0df06f400a3815f8b508637698ad2fa314679ce6539656d9a9cfcf,2026-09-18T09:24:07.384775+00:00,results/raw/baseline-jsprit-all-5s-3-bee5953f4496f058.json,100,100,0,203,0,100.0,26,1296.011,1757.2166666666667,4011.9166666666665,10820.0,15,0,325.28444444444443,367.2,638.7,405.28444444444443,718.7,12519.504400000187,2.5892999992720434,12815.697099999852,298.45703125,18718.75,203,15,,,,,,,,2.0.0,,,,205,4,0,STATIC_PRIMARY_FRESH_PROCESS,True,,,,,,,,,,
static,jsprit,beeline-car-no-breaks-v2-strict-hd:all,all,PRIMARY,5.0,4,FEASIBLE,9f2010bdea168a6f471c5756258d704a5ff5d61443fff284e5c53fccdd2bb5ae,f6159e9e18b37f8c5797043ba58d636bc5f35a73eb7d274531466b83c3734f23,ee570c715a0df06f400a3815f8b508637698ad2fa314679ce6539656d9a9cfcf,2026-09-18T09:24:58.212131+00:00,results/raw/baseline-jsprit-all-5s-4-4888d5365ab5791e.json,100,100,0,203,0,100.0,25,1302.622,1769.1,3876.2,10820.0,15,0,433.8522222222222,504.55,693.9333333333333,513.8522222222223,773.9333333333333,12610.363800000414,2.6786999997057137,12927.893400000357,295.34765625,18218.75,203,15,,,,,,,,2.0.0,,,,205,4,0,STATIC_PRIMARY_FRESH_PROCESS,True,,,,,,,,,,
static,jsprit,beeline-car-no-breaks-v2-strict-hd:all,all,PRIMARY,5.0,5,FEASIBLE,9f2010bdea168a6f471c5756258d704a5ff5d61443fff284e5c53fccdd2bb5ae,f6159e9e18b37f8c5797043ba58d636bc5f35a73eb7d274531466b83c3734f23,ee570c715a0df06f400a3815f8b508637698ad2fa314679ce6539656d9a9cfcf,2026-09-18T09:25:42.777252+00:00,results/raw/baseline-jsprit-all-5s-5-fb7120c278a7c6aa.json,100,100,0,203,0,100.0,25,1310.345,1767.0166666666667,3868.016666666667,10820.0,15,0,423.1533333333333,501.73333333333335,668.1666666666666,503.1533333333333,748.1666666666666,12562.066100000266,3.147700000226905,12899.40099999967,296.78125,18281.25,203,15,,,,,,,,2.0.0,,,,205,4,0,STATIC_PRIMARY_FRESH_PROCESS,True,,,,,,,,,,
static,jsprit,beeline-car-no-breaks-v2-strict-hd:all,all,PRIMARY,5.0,6,FEASIBLE,9f2010bdea168a6f471c5756258d704a5ff5d61443fff284e5c53fccdd2bb5ae,f6159e9e18b37f8c5797043ba58d636bc5f35a73eb7d274531466b83c3734f23,ee570c715a0df06f400a3815f8b508637698ad2fa314679ce6539656d9a9cfcf,2026-09-18T09:26:39.130884+00:00,results/raw/baseline-jsprit-all-5s-6-d86518310749928b.json,100,100,0,203,0,100.0,26,1344.021,1784.4666666666667,4335.016666666666,10820.0,15,0,369.4888888888889,464.55,648.6833333333333,449.4888888888889,728.6833333333333,12716.396899999381,2.580600000328559,13013.12659999985,296.8046875,18593.75,203,15,,,,,,,,2.0.0,,,,205,4,0,STATIC_PRIMARY_FRESH_PROCESS,True,,,,,,,,,,
static,jsprit,beeline-car-no-breaks-v2-strict-hd:all,all,PRIMARY,5.0,7,FEASIBLE,9f2010bdea168a6f471c5756258d704a5ff5d61443fff284e5c53fccdd2bb5ae,f6159e9e18b37f8c5797043ba58d636bc5f35a73eb7d274531466b83c3734f23,ee570c715a0df06f400a3815f8b508637698ad2fa314679ce6539656d9a9cfcf,2026-09-18T09:27:18.701375+00:00,results/raw/baseline-jsprit-all-5s-7-14e4c0d9089a9b46.json,100,100,0,203,0,100.0,26,1242.579,1677.7833333333333,4132.1,10820.0,15,0,377.93777777777774,446.06666666666666,683.8833333333333,457.9377777777778,763.8833333333333,14793.304900000294,2.604799999971874,15140.696299999945,298.2421875,21281.25,203,15,,,,,,,,2.0.0,,,,205,4,0,STATIC_PRIMARY_FRESH_PROCESS,True,,,,,,,,,,
static,jsprit,beeline-car-no-breaks-v2-strict-hd:all,all,PRIMARY,5.0,8,FEASIBLE,9f2010bdea168a6f471c5756258d704a5ff5d61443fff284e5c53fccdd2bb5ae,f6159e9e18b37f8c5797043ba58d636bc5f35a73eb7d274531466b83c3734f23,ee570c715a0df06f400a3815f8b508637698ad2fa314679ce6539656d9a9cfcf,2026-09-18T09:27:53.233066+00:00,results/raw/baseline-jsprit-all-5s-8-6d1f370e40656fdd.json,100,100,0,203,0,100.0,25,1375.081,1844.3833333333334,3601.0,10820.0,15,0,396.8566666666667,467.8,676.4333333333333,476.8566666666667,756.4333333333333,13526.38769999976,2.5493000002825283,13846.160800000689,293.07421875,18703.125,203,15,,,,,,,,2.0.0,,,,205,4,0,STATIC_PRIMARY_FRESH_PROCESS,True,,,,,,,,,,
static,jsprit,beeline-car-no-breaks-v2-strict-hd:all,all,PRIMARY,5.0,9,FEASIBLE,9f2010bdea168a6f471c5756258d704a5ff5d61443fff284e5c53fccdd2bb5ae,f6159e9e18b37f8c5797043ba58d636bc5f35a73eb7d274531466b83c3734f23,ee570c715a0df06f400a3815f8b508637698ad2fa314679ce6539656d9a9cfcf,2026-09-18T09:28:31.776218+00:00,results/raw/baseline-jsprit-all-5s-9-ba277ea51b784937.json,100,100,0,203,0,100.0,25,1603.834,1987.4166666666667,3561.1833333333334,10820.0,15,0,403.87666666666667,433.1666666666667,682.2166666666667,483.87666666666667,762.2166666666667,12315.362499999537,2.4578000002293265,12615.869199999906,292.6171875,18578.125,203,15,,,,,,,,2.0.0,,,,205,4,0,STATIC_PRIMARY_FRESH_PROCESS,True,,,,,,,,,,
static,jsprit,beeline-car-no-breaks-v2-strict-hd:all,all,PRIMARY,5.0,10,FEASIBLE,9f2010bdea168a6f471c5756258d704a5ff5d61443fff284e5c53fccdd2bb5ae,f6159e9e18b37f8c5797043ba58d636bc5f35a73eb7d274531466b83c3734f23,ee570c715a0df06f400a3815f8b508637698ad2fa314679ce6539656d9a9cfcf,2026-09-18T09:29:35.103640+00:00,results/raw/baseline-jsprit-all-5s-10-51c365d945438ff4.json,100,100,0,203,0,100.0,26,1265.584,1764.1833333333334,3732.4,10820.0,15,0,358.95,418.51666666666665,670.5666666666667,438.95,750.5666666666667,13207.58829999977,2.9508999996323837,13511.828700000478,295.92578125,19046.875,203,15,,,,,,,,2.0.0,,,,205,4,0,STATIC_PRIMARY_FRESH_PROCESS,True,,,,,,,,,,
static,jsprit,beeline-car-no-breaks-v2-strict-hd:all,all,PRIMARY,15.0,1,FEASIBLE,9f2010bdea168a6f471c5756258d704a5ff5d61443fff284e5c53fccdd2bb5ae,f6159e9e18b37f8c5797043ba58d636bc5f35a73eb7d274531466b83c3734f23,ee570c715a0df06f400a3815f8b508637698ad2fa314679ce6539656d9a9cfcf,2026-09-18T05:59:13.211455+00:00,results/raw/baseline-jsprit-all-15s-1-dac58da6a12955af.json,100,100,0,203,0,100.0,27,1355.41,1763.25,4813.55,10820.0,15,0,412.02222222222224,481.98333333333335,660.15,492.02222222222224,740.15,25200.99170000003,4.809700000123485,25584.984800000027,293.9453125,30703.125,203,15,,,,,,,,2.0.0,,,,205,4,0,STATIC_PRIMARY_FRESH_PROCESS,True,,,,,,,,,,
static,jsprit,beeline-car-no-breaks-v2-strict-hd:all,all,PRIMARY,15.0,2,FEASIBLE,9f2010bdea168a6f471c5756258d704a5ff5d61443fff284e5c53fccdd2bb5ae,f6159e9e18b37f8c5797043ba58d636bc5f35a73eb7d274531466b83c3734f23,ee570c715a0df06f400a3815f8b508637698ad2fa314679ce6539656d9a9cfcf,2026-09-18T09:31:12.615920+00:00,results/raw/baseline-jsprit-all-15s-2-b1174741f55245b4.json,100,100,0,203,0,100.0,26,1352.899,1788.55,4109.15,10820.0,15,0,364.88444444444445,409.3,677.7333333333333,444.88444444444445,757.7333333333333,24478.277199999866,1.9361000004209927,24798.749800000223,304.17578125,31406.25,203,15,,,,,,,,2.0.0,,,,205,4,0,STATIC_PRIMARY_FRESH_PROCESS,True,,,,,,,,,,
static,jsprit,beeline-car-no-breaks-v2-strict-hd:all,all,PRIMARY,15.0,3,FEASIBLE,9f2010bdea168a6f471c5756258d704a5ff5d61443fff284e5c53fccdd2bb5ae,f6159e9e18b37f8c5797043ba58d636bc5f35a73eb7d274531466b83c3734f23,ee570c715a0df06f400a3815f8b508637698ad2fa314679ce6539656d9a9cfcf,2026-09-18T09:32:35.296798+00:00,results/raw/baseline-jsprit-all-15s-3-a6eeffc554ca6dcd.json,100,100,0,203,0,100.0,25,1190.058,1650.7166666666667,3586.5333333333333,10820.0,15,0,343.5288888888889,391.56666666666666,618.95,423.5288888888889,698.95,23641.73370000026,2.4401999999099644,23951.75190000009,303.8359375,30515.625,203,15,,,,,,,,2.0.0,,,,205,4,0,STATIC_PRIMARY_FRESH_PROCESS,True,,,,,,,,,,
static,jsprit,beeline-car-no-breaks-v2-strict-hd:all,all,PRIMARY,15.0,4,FEASIBLE,9f2010bdea168a6f471c5756258d704a5ff5d61443fff284e5c53fccdd2bb5ae,f6159e9e18b37f8c5797043ba58d636bc5f35a73eb7d274531466b83c3734f23,ee570c715a0df06f400a3815f8b508637698ad2fa314679ce6539656d9a9cfcf,2026-09-18T09:33:15.340621+00:00,results/raw/baseline-jsprit-all-15s-4-570c2a7ad5714d4a.json,100,100,0,203,0,100.0,25,1280.133,1748.3166666666666,3892.3166666666666,10820.0,15,0,440.99111111111114,531.6166666666667,693.9333333333333,520.9911111111111,773.9333333333333,22555.95599999924,1.982599998882506,22980.59259999991,301.34375,29062.5,203,15,,,,,,,,2.0.0,,,,205,4,0,STATIC_PRIMARY_FRESH_PROCESS,True,,,,,,,,,,
static,jsprit,beeline-car-no-breaks-v2-strict-hd:all,all,PRIMARY,15.0,5,FEASIBLE,9f2010bdea168a6f471c5756258d704a5ff5d61443fff284e5c53fccdd2bb5ae,f6159e9e18b37f8c5797043ba58d636bc5f35a73eb7d274531466b83c3734f23,ee570c715a0df06f400a3815f8b508637698ad2fa314679ce6539656d9a9cfcf,2026-09-18T09:35:42.064333+00:00,results/raw/baseline-jsprit-all-15s-5-23e20a9a618a1752.json,100,100,0,203,0,100.0,25,1227.566,1670.75,4051.0833333333335,10820.0,15,0,413.02222222222224,474.23333333333335,699.5666666666667,493.02222222222224,779.5666666666667,23861.844300001394,2.515599999242113,24235.84579999988,299.90234375,31218.75,203,15,,,,,,,,2.0.0,,,,205,4,0,STATIC_PRIMARY_FRESH_PROCESS,True,,,,,,,,,,
static,jsprit,beeline-car-no-breaks-v2-strict-hd:all,all,PRIMARY,15.0,6,FEASIBLE,9f2010bdea168a6f471c5756258d704a5ff5d61443fff284e5c53fccdd2bb5ae,f6159e9e18b37f8c5797043ba58d636bc5f35a73eb7d274531466b83c3734f23,ee570c715a0df06f400a3815f8b508637698ad2fa314679ce6539656d9a9cfcf,2026-09-18T09:36:31.411131+00:00,results/raw/baseline-jsprit-all-15s-6-e286f499fb9187e8.json,100,100,0,203,0,100.0,26,1194.712,1671.1333333333334,4226.483333333334,10820.0,15,0,357.3288888888889,387.3666666666667,642.4833333333333,437.3288888888889,722.4833333333333,22382.4012999994,2.8502999994088896,22736.295099999552,299.640625,29265.625,203,15,,,,,,,,2.0.0,,,,205,4,0,STATIC_PRIMARY_FRESH_PROCESS,True,,,,,,,,,,
static,jsprit,beeline-car-no-breaks-v2-strict-hd:all,all,PRIMARY,15.0,7,FEASIBLE,9f2010bdea168a6f471c5756258d704a5ff5d61443fff284e5c53fccdd2bb5ae,f6159e9e18b37f8c5797043ba58d636bc5f35a73eb7d274531466b83c3734f23,ee570c715a0df06f400a3815f8b508637698ad2fa314679ce6539656d9a9cfcf,2026-09-18T09:39:01.935138+00:00,results/raw/baseline-jsprit-all-15s-7-f109d1f42597621a.json,100,100,0,203,0,100.0,26,1170.591,1622.2666666666667,4515.866666666667,10820.0,15,0,346.2,358.3333333333333,672.8,426.2,752.8,23728.536099999474,2.699399999983143,24005.827000000863,299.78125,30546.875,203,15,,,,,,,,2.0.0,,,,205,4,0,STATIC_PRIMARY_FRESH_PROCESS,True,,,,,,,,,,
static,jsprit,beeline-car-no-breaks-v2-strict-hd:all,all,PRIMARY,15.0,8,FEASIBLE,9f2010bdea168a6f471c5756258d704a5ff5d61443fff284e5c53fccdd2bb5ae,f6159e9e18b37f8c5797043ba58d636bc5f35a73eb7d274531466b83c3734f23,ee570c715a0df06f400a3815f8b508637698ad2fa314679ce6539656d9a9cfcf,2026-09-18T09:40:30.954258+00:00,results/raw/baseline-jsprit-all-15s-8-c2f9d1794172c52d.json,100,100,0,203,0,100.0,24,1400.134,1825.4,3368.5,10820.0,15,0,412.23555555555555,472.0,637.2166666666667,492.23555555555555,717.2166666666667,22441.556399999172,3.5219000001234235,22741.703499999858,300.2109375,28546.875,203,15,,,,,,,,2.0.0,,,,205,4,0,STATIC_PRIMARY_FRESH_PROCESS,True,,,,,,,,,,
static,jsprit,beeline-car-no-breaks-v2-strict-hd:all,all,PRIMARY,15.0,9,FEASIBLE,9f2010bdea168a6f471c5756258d704a5ff5d61443fff284e5c53fccdd2bb5ae,f6159e9e18b37f8c5797043ba58d636bc5f35a73eb7d274531466b83c3734f23,ee570c715a0df06f400a3815f8b508637698ad2fa314679ce6539656d9a9cfcf,2026-09-18T09:42:30.567938+00:00,results/raw/baseline-jsprit-all-15s-9-58f3806e5dfc32cd.json,100,100,0,203,0,100.0,25,1410.515,1842.7166666666667,3435.866666666667,10820.0,15,0,345.51,327.73333333333335,656.6333333333333,425.51,736.6333333333333,22315.063899999586,2.5347000009787735,22614.288700000543,295.26953125,28234.375,203,15,,,,,,,,2.0.0,,,,205,4,0,STATIC_PRIMARY_FRESH_PROCESS,True,,,,,,,,,,
static,jsprit,beeline-car-no-breaks-v2-strict-hd:all,all,PRIMARY,15.0,10,FEASIBLE,9f2010bdea168a6f471c5756258d704a5ff5d61443fff284e5c53fccdd2bb5ae,f6159e9e18b37f8c5797043ba58d636bc5f35a73eb7d274531466b83c3734f23,ee570c715a0df06f400a3815f8b508637698ad2fa314679ce6539656d9a9cfcf,2026-09-18T09:42:53.337461+00:00,results/raw/baseline-jsprit-all-15s-10-5be7d3b1a727f7d4.json,100,100,0,203,0,100.0,26,1162.601,1617.4166666666667,4221.966666666666,10820.0,15,0,380.05555555555554,438.8,682.3666666666667,460.05555555555554,762.3666666666667,22439.6428,2.3856999996496597,22736.14499999894,298.0703125,28656.25,203,15,,,,,,,,2.0.0,,,,205,4,0,STATIC_PRIMARY_FRESH_PROCESS,True,,,,,,,,,,
static,jsprit,beeline-car-no-breaks-v2-strict-hd:all,all,PRIMARY,60.0,1,FEASIBLE,9f2010bdea168a6f471c5756258d704a5ff5d61443fff284e5c53fccdd2bb5ae,f6159e9e18b37f8c5797043ba58d636bc5f35a73eb7d274531466b83c3734f23,ee570c715a0df06f400a3815f8b508637698ad2fa314679ce6539656d9a9cfcf,2026-09-18T06:02:50.967518+00:00,results/raw/baseline-jsprit-all-60s-1-203b3628e48a81f5.json,100,100,0,203,0,100.0,27,1138.277,1582.6333333333334,4981.083333333333,10820.0,15,0,388.9411111111111,413.85,699.8333333333334,468.9411111111111,779.8333333333334,67219.07750000014,3.646600000138278,67592.14100000009,295.19140625,72984.375,203,15,,,,,,,,2.0.0,,,,205,4,0,STATIC_PRIMARY_FRESH_PROCESS,True,,,,,,,,,,
static,jsprit,beeline-car-no-breaks-v2-strict-hd:all,all,PRIMARY,60.0,2,FEASIBLE,9f2010bdea168a6f471c5756258d704a5ff5d61443fff284e5c53fccdd2bb5ae,f6159e9e18b37f8c5797043ba58d636bc5f35a73eb7d274531466b83c3734f23,ee570c715a0df06f400a3815f8b508637698ad2fa314679ce6539656d9a9cfcf,2026-09-18T09:46:38.177904+00:00,results/raw/baseline-jsprit-all-60s-2-6537ee8e7a5ba73d.json,100,100,0,203,0,100.0,26,1352.899,1788.55,4109.15,10820.0,15,0,364.88444444444445,409.3,677.7333333333333,444.88444444444445,757.7333333333333,67242.58999999984,3.9871000008133706,67521.88539999952,296.984375,73796.875,203,15,,,,,,,,2.0.0,,,,205,4,0,STATIC_PRIMARY_FRESH_PROCESS,True,,,,,,,,,,
static,jsprit,beeline-car-no-breaks-v2-strict-hd:all,all,PRIMARY,60.0,3,FEASIBLE,9f2010bdea168a6f471c5756258d704a5ff5d61443fff284e5c53fccdd2bb5ae,f6159e9e18b37f8c5797043ba58d636bc5f35a73eb7d274531466b83c3734f23,ee570c715a0df06f400a3815f8b508637698ad2fa314679ce6539656d9a9cfcf,2026-09-18T09:49:56.225944+00:00,results/raw/baseline-jsprit-all-60s-3-68392569fb2452a8.json,100,100,0,203,0,100.0,25,1185.53,1637.1833333333334,3592.3333333333335,10820.0,15,0,340.93333333333334,391.56666666666666,660.8,420.93333333333334,740.8,67609.79970000153,2.5882000009005424,67925.86119999942,295.57421875,74781.25,203,15,,,,,,,,2.0.0,,,,205,4,0,STATIC_PRIMARY_FRESH_PROCESS,True,,,,,,,,,,
static,jsprit,beeline-car-no-breaks-v2-strict-hd:all,all,PRIMARY,60.0,4,FEASIBLE,9f2010bdea168a6f471c5756258d704a5ff5d61443fff284e5c53fccdd2bb5ae,f6159e9e18b37f8c5797043ba58d636bc5f35a73eb7d274531466b83c3734f23,ee570c715a0df06f400a3815f8b508637698ad2fa314679ce6539656d9a9cfcf,2026-09-18T09:58:15.788147+00:00,results/raw/baseline-jsprit-all-60s-4-5d2f2d9cc1d996ef.json,100,100,0,203,0,100.0,24,1323.037,1747.0333333333333,3748.4333333333334,10820.0,15,0,504.90222222222224,518.9666666666667,681.8666666666667,584.9022222222222,761.8666666666667,69297.3877000004,2.875500000300235,69694.9121000016,298.859375,76437.5,203,15,,,,,,,,2.0.0,,,,205,4,0,STATIC_PRIMARY_FRESH_PROCESS,True,,,,,,,,,,
static,jsprit,beeline-car-no-breaks-v2-strict-hd:all,all,PRIMARY,60.0,5,FEASIBLE,9f2010bdea168a6f471c5756258d704a5ff5d61443fff284e5c53fccdd2bb5ae,f6159e9e18b37f8c5797043ba58d636bc5f35a73eb7d274531466b83c3734f23,ee570c715a0df06f400a3815f8b508637698ad2fa314679ce6539656d9a9cfcf,2026-09-18T10:01:35.906176+00:00,results/raw/baseline-jsprit-all-60s-5-8c9ad34392149754.json,100,100,0,203,0,100.0,25,1221.117,1662.35,4138.85,10820.0,15,0,370.4822222222222,473.05,650.4833333333333,450.4822222222222,730.4833333333333,67391.34580000064,2.91789999937464,67717.95270000075,292.5,73937.5,203,15,,,,,,,,2.0.0,,,,205,4,0,STATIC_PRIMARY_FRESH_PROCESS,True,,,,,,,,,,
static,jsprit,beeline-car-no-breaks-v2-strict-hd:all,all,PRIMARY,60.0,6,FEASIBLE,9f2010bdea168a6f471c5756258d704a5ff5d61443fff284e5c53fccdd2bb5ae,f6159e9e18b37f8c5797043ba58d636bc5f35a73eb7d274531466b83c3734f23,ee570c715a0df06f400a3815f8b508637698ad2fa314679ce6539656d9a9cfcf,2026-09-18T10:08:08.215545+00:00,results/raw/baseline-jsprit-all-60s-6-d930fdf80022e273.json,100,100,0,203,0,100.0,25,1267.952,1725.15,3818.1,10820.0,15,0,421.04555555555555,464.3833333333333,671.9833333333333,501.04555555555555,751.9833333333333,68891.07070000136,2.450199999657343,69245.55340000006,294.80859375,75140.625,203,15,,,,,,,,2.0.0,,,,205,4,0,STATIC_PRIMARY_FRESH_PROCESS,True,,,,,,,,,,
static,jsprit,beeline-car-no-breaks-v2-strict-hd:all,all,PRIMARY,300.0,1,FEASIBLE,9f2010bdea168a6f471c5756258d704a5ff5d61443fff284e5c53fccdd2bb5ae,f6159e9e18b37f8c5797043ba58d636bc5f35a73eb7d274531466b83c3734f23,ee570c715a0df06f400a3815f8b508637698ad2fa314679ce6539656d9a9cfcf,2026-09-18T06:16:35.949127+00:00,results/raw/baseline-jsprit-all-300s-1-1d938e3452347f3e.json,100,100,0,203,0,100.0,25,1113.042,1555.25,4360.216666666666,10820.0,15,0,383.4188888888889,463.6,659.0666666666667,463.4188888888889,739.0666666666667,309795.8401999999,2.973600000132137,310206.0618999999,292.73828125,310984.375,203,15,,,,,,,,2.0.0,,,,205,4,0,STATIC_PRIMARY_FRESH_PROCESS,True,,,,,,,,,,
static,jsprit,beeline-car-no-breaks-v2-strict-hd:east,east,PRIMARY,1.0,1,FEASIBLE,9f2010bdea168a6f471c5756258d704a5ff5d61443fff284e5c53fccdd2bb5ae,f6159e9e18b37f8c5797043ba58d636bc5f35a73eb7d274531466b83c3734f23,ee570c715a0df06f400a3815f8b508637698ad2fa314679ce6539656d9a9cfcf,2026-09-18T05:42:17.446202+00:00,results/raw/baseline-jsprit-east-1s-1-06d2d062bf357616.json,100,100,0,66,0,100.0,9,218.792,374.35,1889.0833333333333,3560.0,3,0,197.6277777777778,89.75,500.98333333333335,277.6277777777778,580.9833333333333,2494.0714000000526,0.9767999999894528,2773.7725000000637,293.59375,6765.625,66,3,,,,,,,,2.0.0,,,,205,4,0,STATIC_PRIMARY_FRESH_PROCESS,True,,,,,,,,,,
static,jsprit,beeline-car-no-breaks-v2-strict-hd:east,east,PRIMARY,5.0,1,FEASIBLE,9f2010bdea168a6f471c5756258d704a5ff5d61443fff284e5c53fccdd2bb5ae,f6159e9e18b37f8c5797043ba58d636bc5f35a73eb7d274531466b83c3734f23,ee570c715a0df06f400a3815f8b508637698ad2fa314679ce6539656d9a9cfcf,2026-09-18T05:42:44.402684+00:00,results/raw/baseline-jsprit-east-5s-1-b77fb68a7c5b861b.json,100,100,0,66,0,100.0,8,259.247,427.3,1397.2166666666667,3560.0,3,0,234.17222222222222,93.65,601.1333333333333,314.1722222222222,681.1333333333333,6690.238600000043,0.7676999999830514,6975.1721999999745,293.06640625,11750.0,66,3,,,,,,,,2.0.0,,,,205,4,0,STATIC_PRIMARY_FRESH_PROCESS,True,,,,,,,,,,
static,jsprit,beeline-car-no-breaks-v2-strict-hd:exact-10,exact-10,PRIMARY,15.0,1,FEASIBLE,9f2010bdea168a6f471c5756258d704a5ff5d61443fff284e5c53fccdd2bb5ae,f6159e9e18b37f8c5797043ba58d636bc5f35a73eb7d274531466b83c3734f23,ee570c715a0df06f400a3815f8b508637698ad2fa314679ce6539656d9a9cfcf,2026-09-18T08:47:39.577255+00:00,results/raw/baseline-jsprit-exact-10-15s-1-49f76fb9549f7c7d.json,100,100,0,10,0,100.0,4,190.527,187.51666666666668,1672.4833333333333,490.0,0,0,,,,,,16409.217700000227,0.4859000000578817,16807.62219999997,293.85546875,25890.625,10,0,,,,,,,,2.0.0,,,,205,4,0,STATIC_PRIMARY_FRESH_PROCESS,True,,,,,,,,,,
static,jsprit,beeline-car-no-breaks-v2-strict-hd:exact-15,exact-15,PRIMARY,15.0,1,FEASIBLE,9f2010bdea168a6f471c5756258d704a5ff5d61443fff284e5c53fccdd2bb5ae,f6159e9e18b37f8c5797043ba58d636bc5f35a73eb7d274531466b83c3734f23,ee570c715a0df06f400a3815f8b508637698ad2fa314679ce6539656d9a9cfcf,2026-09-18T08:51:23.569466+00:00,results/raw/baseline-jsprit-exact-15-15s-1-9db769c341c2252b.json,100,100,0,15,0,100.0,5,260.101,260.5833333333333,2099.4166666666665,680.0,0,0,,,,,,16498.70009999995,0.41140000030281954,16964.61309999995,293.08984375,24062.5,15,0,,,,,,,,2.0.0,,,,205,4,0,STATIC_PRIMARY_FRESH_PROCESS,True,,,,,,,,,,
static,jsprit,beeline-car-no-breaks-v2-strict-hd:exact-20,exact-20,PRIMARY,15.0,1,FEASIBLE,9f2010bdea168a6f471c5756258d704a5ff5d61443fff284e5c53fccdd2bb5ae,f6159e9e18b37f8c5797043ba58d636bc5f35a73eb7d274531466b83c3734f23,ee570c715a0df06f400a3815f8b508637698ad2fa314679ce6539656d9a9cfcf,2026-09-18T08:51:56.755673+00:00,results/raw/baseline-jsprit-exact-20-15s-1-f00ca70a6a2783e1.json,100,100,0,20,0,100.0,6,279.202,298.3333333333333,2512.5666666666666,960.0,0,0,,,,,,16582.650000000285,0.6456000000980566,17007.809400000042,292.15234375,23890.625,20,0,,,,,,,,2.0.0,,,,205,4,0,STATIC_PRIMARY_FRESH_PROCESS,True,,,,,,,,,,
static,jsprit,beeline-car-no-breaks-v2-strict-hd:exact-5,exact-5,PRIMARY,15.0,1,FEASIBLE,9f2010bdea168a6f471c5756258d704a5ff5d61443fff284e5c53fccdd2bb5ae,f6159e9e18b37f8c5797043ba58d636bc5f35a73eb7d274531466b83c3734f23,ee570c715a0df06f400a3815f8b508637698ad2fa314679ce6539656d9a9cfcf,2026-09-18T08:47:04.723365+00:00,results/raw/baseline-jsprit-exact-5-15s-1-f84f0cfb7bbe4853.json,100,100,0,5,0,100.0,2,116.674,108.58333333333333,441.4166666666667,310.0,0,0,,,,,,16382.985399999598,0.21289999949658522,16799.04169999918,299.37109375,26062.5,5,0,,,,,,,,2.0.0,,,,205,4,0,STATIC_PRIMARY_FRESH_PROCESS,True,,,,,,,,,,
static,jsprit,beeline-car-no-breaks-v2-strict-hd:southcentral,southcentral,PRIMARY,1.0,1,FEASIBLE,9f2010bdea168a6f471c5756258d704a5ff5d61443fff284e5c53fccdd2bb5ae,f6159e9e18b37f8c5797043ba58d636bc5f35a73eb7d274531466b83c3734f23,ee570c715a0df06f400a3815f8b508637698ad2fa314679ce6539656d9a9cfcf,2026-09-18T05:45:18.728353+00:00,results/raw/baseline-jsprit-southcentral-1s-1-11531b1e0217dfcb.json,100,100,0,56,0,100.0,6,235.122,394.5833333333333,1246.25,2830.0,0,0,,,,,,2559.9518000000216,0.5628000000115208,2826.9034999999576,300.86328125,6875.0,56,0,,,,,,,,2.0.0,,,,205,4,0,STATIC_PRIMARY_FRESH_PROCESS,True,,,,,,,,,,
static,jsprit,beeline-car-no-breaks-v2-strict-hd:southcentral,southcentral,PRIMARY,5.0,1,FEASIBLE,9f2010bdea168a6f471c5756258d704a5ff5d61443fff284e5c53fccdd2bb5ae,f6159e9e18b37f8c5797043ba58d636bc5f35a73eb7d274531466b83c3734f23,ee570c715a0df06f400a3815f8b508637698ad2fa314679ce6539656d9a9cfcf,2026-09-18T05:45:46.371967+00:00,results/raw/baseline-jsprit-southcentral-5s-1-962d1e0508611cfd.json,100,100,0,56,0,100.0,6,224.115,382.75,1158.9333333333334,2830.0,0,0,,,,,,6456.48390000008,0.5898999999089938,6712.588099999948,299.93359375,12375.0,56,0,,,,,,,,2.0.0,,,,205,4,0,STATIC_PRIMARY_FRESH_PROCESS,True,,,,,,,,,,
static,jsprit,beeline-car-no-breaks-v2-strict-hd:southeast,southeast,PRIMARY,1.0,1,FEASIBLE,9f2010bdea168a6f471c5756258d704a5ff5d61443fff284e5c53fccdd2bb5ae,f6159e9e18b37f8c5797043ba58d636bc5f35a73eb7d274531466b83c3734f23,ee570c715a0df06f400a3815f8b508637698ad2fa314679ce6539656d9a9cfcf,2026-09-18T05:43:41.201986+00:00,results/raw/baseline-jsprit-southeast-1s-1-c7bc42f6ad77696e.json,100,100,0,81,0,100.0,11,810.196,895.7,1011.0333333333333,4430.0,12,0,436.37916666666666,466.04999999999995,693.2833333333333,516.3791666666667,773.2833333333333,3782.6231000000234,0.6938999999874795,4105.931800000008,288.4765625,8812.5,81,12,,,,,,,,2.0.0,,,,205,4,0,STATIC_PRIMARY_FRESH_PROCESS,True,,,,,,,,,,
static,jsprit,beeline-car-no-breaks-v2-strict-hd:southeast,southeast,PRIMARY,5.0,1,FEASIBLE,9f2010bdea168a6f471c5756258d704a5ff5d61443fff284e5c53fccdd2bb5ae,f6159e9e18b37f8c5797043ba58d636bc5f35a73eb7d274531466b83c3734f23,ee570c715a0df06f400a3815f8b508637698ad2fa314679ce6539656d9a9cfcf,2026-09-18T05:44:16.750288+00:00,results/raw/baseline-jsprit-southeast-5s-1-3d6a0d306766bfc3.json,100,100,0,81,0,100.0,10,654.815,797.05,1077.9166666666667,4430.0,12,0,492.0763888888889,517.1416666666667,626.2666666666667,572.0763888888889,706.2666666666667,7424.9178999999685,1.2576999999964755,7772.782399999983,295.01953125,13031.25,81,12,,,,,,,,2.0.0,,,,205,4,0,STATIC_PRIMARY_FRESH_PROCESS,True,,,,,,,,,,
static,ortools_routing,beeline-car-no-breaks-v2-strict-hd:all,all,PRIMARY,1.0,1,FEASIBLE,4cca666a01510ed955a46960414e8f1e05064b9980ce0d11125a3118fa760f75,f6159e9e18b37f8c5797043ba58d636bc5f35a73eb7d274531466b83c3734f23,ee570c715a0df06f400a3815f8b508637698ad2fa314679ce6539656d9a9cfcf,2026-09-18T05:40:15.087233+00:00,results/raw/baseline-ortools_routing-all-1s-1-ad6159ca4ee9d743.json,100,100,0,203,0,100.0,27,1259.623,1678.6833333333334,4476.25,10820.0,15,0,386.31,432.0,684.9333333333333,466.31,764.9333333333333,1119.5424000000003,2.327299999990373,1588.700700000004,61.265625,1312.5,203,15,,,,,,,,9.15.6755,,,,487,3,0,STATIC_PRIMARY_FRESH_PROCESS,True,,,,,,,,,,
static,ortools_routing,beeline-car-no-breaks-v2-strict-hd:all,all,PRIMARY,1.0,2,FEASIBLE,4cca666a01510ed955a46960414e8f1e05064b9980ce0d11125a3118fa760f75,f6159e9e18b37f8c5797043ba58d636bc5f35a73eb7d274531466b83c3734f23,ee570c715a0df06f400a3815f8b508637698ad2fa314679ce6539656d9a9cfcf,2026-09-18T09:20:03.362664+00:00,results/raw/baseline-ortools_routing-all-1s-2-3f89f01ac0d1735f.json,100,100,0,203,0,100.0,27,1267.697,1689.7333333333333,4302.816666666667,10820.0,15,0,386.31,432.0,684.9333333333333,466.31,764.9333333333333,1143.886300000304,1.6362999995180871,1976.2974999994185,62.6015625,1671.875,203,15,,,,,,,,9.15.6755,,,,487,3,0,STATIC_PRIMARY_FRESH_PROCESS,True,,,,,,,,,,
static,ortools_routing,beeline-car-no-breaks-v2-strict-hd:all,all,PRIMARY,1.0,3,FEASIBLE,4cca666a01510ed955a46960414e8f1e05064b9980ce0d11125a3118fa760f75,f6159e9e18b37f8c5797043ba58d636bc5f35a73eb7d274531466b83c3734f23,ee570c715a0df06f400a3815f8b508637698ad2fa314679ce6539656d9a9cfcf,2026-09-18T09:20:21.380984+00:00,results/raw/baseline-ortools_routing-all-1s-3-36b70d6c3067e29e.json,100,100,0,203,0,100.0,27,1243.673,1657.15,4547.65,10820.0,15,0,386.31,432.0,684.9333333333333,466.31,764.9333333333333,1118.4508000005735,1.6646000003674999,1679.5217999997476,62.66796875,1515.625,203,15,,,,,,,,9.15.6755,,,,487,3,0,STATIC_PRIMARY_FRESH_PROCESS,True,,,,,,,,,,
static,ortools_routing,beeline-car-no-breaks-v2-strict-hd:all,all,PRIMARY,1.0,4,FEASIBLE,4cca666a01510ed955a46960414e8f1e05064b9980ce0d11125a3118fa760f75,f6159e9e18b37f8c5797043ba58d636bc5f35a73eb7d274531466b83c3734f23,ee570c715a0df06f400a3815f8b508637698ad2fa314679ce6539656d9a9cfcf,2026-09-18T09:20:45.908305+00:00,results/raw/baseline-ortools_routing-all-1s-4-a3751d5c19f1dab2.json,100,100,0,203,0,100.0,27,1267.697,1689.7333333333333,4302.816666666667,10820.0,15,0,386.31,432.0,684.9333333333333,466.31,764.9333333333333,1146.9342999998844,1.8640999996932806,1800.6794000002628,62.69921875,1625.0,203,15,,,,,,,,9.15.6755,,,,487,3,0,STATIC_PRIMARY_FRESH_PROCESS,True,,,,,,,,,,
static,ortools_routing,beeline-car-no-breaks-v2-strict-hd:all,all,PRIMARY,1.0,5,FEASIBLE,4cca666a01510ed955a46960414e8f1e05064b9980ce0d11125a3118fa760f75,f6159e9e18b37f8c5797043ba58d636bc5f35a73eb7d274531466b83c3734f23,ee570c715a0df06f400a3815f8b508637698ad2fa314679ce6539656d9a9cfcf,2026-09-18T09:21:22.137735+00:00,results/raw/baseline-ortools_routing-all-1s-5-0469719fc6abceef.json,100,100,0,203,0,100.0,27,1243.673,1657.15,4547.65,10820.0,15,0,386.31,432.0,684.9333333333333,466.31,764.9333333333333,1112.8022000002602,1.7527999998492305,1604.0886000000683,62.640625,1546.875,203,15,,,,,,,,9.15.6755,,,,487,3,0,STATIC_PRIMARY_FRESH_PROCESS,True,,,,,,,,,,
static,ortools_routing,beeline-car-no-breaks-v2-strict-hd:all,all,PRIMARY,1.0,6,FEASIBLE,4cca666a01510ed955a46960414e8f1e05064b9980ce0d11125a3118fa760f75,f6159e9e18b37f8c5797043ba58d636bc5f35a73eb7d274531466b83c3734f23,ee570c715a0df06f400a3815f8b508637698ad2fa314679ce6539656d9a9cfcf,2026-09-18T09:21:33.220029+00:00,results/raw/baseline-ortools_routing-all-1s-6-a25deee366a5d363.json,100,100,0,203,0,100.0,27,1267.697,1689.7333333333333,4302.816666666667,10820.0,15,0,386.31,432.0,684.9333333333333,466.31,764.9333333333333,1145.365899999888,1.7459999999118736,1793.3701000001747,62.63671875,1609.375,203,15,,,,,,,,9.15.6755,,,,487,3,0,STATIC_PRIMARY_FRESH_PROCESS,True,,,,,,,,,,
static,ortools_routing,beeline-car-no-breaks-v2-strict-hd:all,all,PRIMARY,1.0,7,FEASIBLE,4cca666a01510ed955a46960414e8f1e05064b9980ce0d11125a3118fa760f75,f6159e9e18b37f8c5797043ba58d636bc5f35a73eb7d274531466b83c3734f23,ee570c715a0df06f400a3815f8b508637698ad2fa314679ce6539656d9a9cfcf,2026-09-18T09:21:51.675912+00:00,results/raw/baseline-ortools_routing-all-1s-7-2ecab77a39854fa6.json,100,100,0,203,0,100.0,27,1242.311,1655.5833333333333,4549.566666666667,10820.0,15,0,386.31,432.0,684.9333333333333,466.31,764.9333333333333,1110.214100000121,2.2186000005604,1587.622800000645,62.53515625,1468.75,203,15,,,,,,,,9.15.6755,,,,487,3,0,STATIC_PRIMARY_FRESH_PROCESS,True,,,,,,,,,,
static,ortools_routing,beeline-car-no-breaks-v2-strict-hd:all,all,PRIMARY,1.0,8,FEASIBLE,4cca666a01510ed955a46960414e8f1e05064b9980ce0d11125a3118fa760f75,f6159e9e18b37f8c5797043ba58d636bc5f35a73eb7d274531466b83c3734f23,ee570c715a0df06f400a3815f8b508637698ad2fa314679ce6539656d9a9cfcf,2026-09-18T09:22:29.805192+00:00,results/raw/baseline-ortools_routing-all-1s-8-eeb8a7894c11394d.json,100,100,0,203,0,100.0,27,1240.624,1653.35,4549.2,10820.0,15,0,386.31,432.0,684.9333333333333,466.31,764.9333333333333,1102.5474999996732,1.7502999999123858,1595.3428000002532,62.61328125,1500.0,203,15,,,,,,,,9.15.6755,,,,487,3,0,STATIC_PRIMARY_FRESH_PROCESS,True,,,,,,,,,,
static,ortools_routing,beeline-car-no-breaks-v2-strict-hd:all,all,PRIMARY,1.0,9,FEASIBLE,4cca666a01510ed955a46960414e8f1e05064b9980ce0d11125a3118fa760f75,f6159e9e18b37f8c5797043ba58d636bc5f35a73eb7d274531466b83c3734f23,ee570c715a0df06f400a3815f8b508637698ad2fa314679ce6539656d9a9cfcf,2026-09-18T09:22:46.604995+00:00,results/raw/baseline-ortools_routing-all-1s-9-30ef59e32a1b37a3.json,100,100,0,203,0,100.0,27,1240.624,1653.35,4549.2,10820.0,15,0,386.31,432.0,684.9333333333333,466.31,764.9333333333333,1091.3037999998778,1.6517000003659632,1526.361199999883,62.6328125,1390.625,203,15,,,,,,,,9.15.6755,,,,487,3,0,STATIC_PRIMARY_FRESH_PROCESS,True,,,,,,,,,,
static,ortools_routing,beeline-car-no-breaks-v2-strict-hd:all,all,PRIMARY,1.0,10,FEASIBLE,4cca666a01510ed955a46960414e8f1e05064b9980ce0d11125a3118fa760f75,f6159e9e18b37f8c5797043ba58d636bc5f35a73eb7d274531466b83c3734f23,ee570c715a0df06f400a3815f8b508637698ad2fa314679ce6539656d9a9cfcf,2026-09-18T09:23:01.397475+00:00,results/raw/baseline-ortools_routing-all-1s-10-6979dbf2f6c1b20d.json,100,100,0,203,0,100.0,27,1240.624,1653.35,4549.2,10820.0,15,0,386.31,432.0,684.9333333333333,466.31,764.9333333333333,1099.4901000003665,1.5810999993846053,1596.6050999995787,62.6953125,1437.5,203,15,,,,,,,,9.15.6755,,,,487,3,0,STATIC_PRIMARY_FRESH_PROCESS,True,,,,,,,,,,
static,ortools_routing,beeline-car-no-breaks-v2-strict-hd:all,all,PRIMARY,5.0,1,FEASIBLE,4cca666a01510ed955a46960414e8f1e05064b9980ce0d11125a3118fa760f75,f6159e9e18b37f8c5797043ba58d636bc5f35a73eb7d274531466b83c3734f23,ee570c715a0df06f400a3815f8b508637698ad2fa314679ce6539656d9a9cfcf,2026-09-18T05:40:54.690785+00:00,results/raw/baseline-ortools_routing-all-5s-1-65a0b6cfe558f46f.json,100,100,0,203,0,100.0,26,1288.623,1692.55,4067.516666666667,10820.0,15,0,400.2733333333333,444.1,686.4333333333333,480.2733333333333,766.4333333333333,5238.302400000066,2.357400000050802,5998.703500000033,61.36328125,5640.625,203,15,,,,,,,,9.15.6755,,,,487,3,0,STATIC_PRIMARY_FRESH_PROCESS,True,,,,,,,,,,
static,ortools_routing,beeline-car-no-breaks-v2-strict-hd:all,all,PRIMARY,5.0,2,FEASIBLE,4cca666a01510ed955a46960414e8f1e05064b9980ce0d11125a3118fa760f75,f6159e9e18b37f8c5797043ba58d636bc5f35a73eb7d274531466b83c3734f23,ee570c715a0df06f400a3815f8b508637698ad2fa314679ce6539656d9a9cfcf,2026-09-18T09:23:36.256814+00:00,results/raw/baseline-ortools_routing-all-5s-2-034e4a15ef4a695d.json,100,100,0,203,0,100.0,26,1288.623,1692.55,4067.516666666667,10820.0,15,0,400.2733333333333,444.1,686.4333333333333,480.2733333333333,766.4333333333333,5098.511199999848,2.5555000001986627,5588.360800000373,62.70703125,5359.375,203,15,,,,,,,,9.15.6755,,,,487,3,0,STATIC_PRIMARY_FRESH_PROCESS,True,,,,,,,,,,
static,ortools_routing,beeline-car-no-breaks-v2-strict-hd:all,all,PRIMARY,5.0,3,FEASIBLE,4cca666a01510ed955a46960414e8f1e05064b9980ce0d11125a3118fa760f75,f6159e9e18b37f8c5797043ba58d636bc5f35a73eb7d274531466b83c3734f23,ee570c715a0df06f400a3815f8b508637698ad2fa314679ce6539656d9a9cfcf,2026-09-18T09:24:39.844630+00:00,results/raw/baseline-ortools_routing-all-5s-3-a0f6fa46fb1977dc.json,100,100,0,203,0,100.0,26,1288.623,1692.55,4067.516666666667,10820.0,15,0,400.2733333333333,444.1,686.4333333333333,480.2733333333333,766.4333333333333,5093.64370000003,1.6720000003260793,5578.791599999931,62.98046875,5375.0,203,15,,,,,,,,9.15.6755,,,,487,3,0,STATIC_PRIMARY_FRESH_PROCESS,True,,,,,,,,,,
static,ortools_routing,beeline-car-no-breaks-v2-strict-hd:all,all,PRIMARY,5.0,4,FEASIBLE,4cca666a01510ed955a46960414e8f1e05064b9980ce0d11125a3118fa760f75,f6159e9e18b37f8c5797043ba58d636bc5f35a73eb7d274531466b83c3734f23,ee570c715a0df06f400a3815f8b508637698ad2fa314679ce6539656d9a9cfcf,2026-09-18T09:25:24.121283+00:00,results/raw/baseline-ortools_routing-all-5s-4-4a6864679b8a5249.json,100,100,0,203,0,100.0,26,1288.623,1692.55,4067.516666666667,10820.0,15,0,400.2733333333333,444.1,686.4333333333333,480.2733333333333,766.4333333333333,5094.0646999997625,1.7330000000583823,5535.050999999839,62.94140625,5406.25,203,15,,,,,,,,9.15.6755,,,,487,3,0,STATIC_PRIMARY_FRESH_PROCESS,True,,,,,,,,,,
static,ortools_routing,beeline-car-no-breaks-v2-strict-hd:all,all,PRIMARY,5.0,5,FEASIBLE,4cca666a01510ed955a46960414e8f1e05064b9980ce0d11125a3118fa760f75,f6159e9e18b37f8c5797043ba58d636bc5f35a73eb7d274531466b83c3734f23,ee570c715a0df06f400a3815f8b508637698ad2fa314679ce6539656d9a9cfcf,2026-09-18T09:26:08.493663+00:00,results/raw/baseline-ortools_routing-all-5s-5-6dbb6f65f6f30bef.json,100,100,0,203,0,100.0,26,1288.623,1692.55,4067.516666666667,10820.0,15,0,400.2733333333333,444.1,686.4333333333333,480.2733333333333,766.4333333333333,5117.956999999478,2.730899999733083,5643.296199999895,62.9296875,5390.625,203,15,,,,,,,,9.15.6755,,,,487,3,0,STATIC_PRIMARY_FRESH_PROCESS,True,,,,,,,,,,
static,ortools_routing,beeline-car-no-breaks-v2-strict-hd:all,all,PRIMARY,5.0,6,FEASIBLE,4cca666a01510ed955a46960414e8f1e05064b9980ce0d11125a3118fa760f75,f6159e9e18b37f8c5797043ba58d636bc5f35a73eb7d274531466b83c3734f23,ee570c715a0df06f400a3815f8b508637698ad2fa314679ce6539656d9a9cfcf,2026-09-18T09:26:27.517552+00:00,results/raw/baseline-ortools_routing-all-5s-6-b6670e249ff91e97.json,100,100,0,203,0,100.0,26,1288.623,1692.55,4067.516666666667,10820.0,15,0,400.2733333333333,444.1,686.4333333333333,480.2733333333333,766.4333333333333,5093.807999999626,2.711900000576861,5595.0544999996055,62.890625,5328.125,203,15,,,,,,,,9.15.6755,,,,487,3,0,STATIC_PRIMARY_FRESH_PROCESS,True,,,,,,,,,,
static,ortools_routing,beeline-car-no-breaks-v2-strict-hd:all,all,PRIMARY,5.0,7,FEASIBLE,4cca666a01510ed955a46960414e8f1e05064b9980ce0d11125a3118fa760f75,f6159e9e18b37f8c5797043ba58d636bc5f35a73eb7d274531466b83c3734f23,ee570c715a0df06f400a3815f8b508637698ad2fa314679ce6539656d9a9cfcf,2026-09-18T09:26:59.099247+00:00,results/raw/baseline-ortools_routing-all-5s-7-f8550c60bbcff2cf.json,100,100,0,203,0,100.0,26,1288.623,1692.55,4067.516666666667,10820.0,15,0,400.2733333333333,444.1,686.4333333333333,480.2733333333333,766.4333333333333,5132.785200000399,2.5741999997990206,5717.974399999548,62.9375,5484.375,203,15,,,,,,,,9.15.6755,,,,487,3,0,STATIC_PRIMARY_FRESH_PROCESS,True,,,,,,,,,,
static,ortools_routing,beeline-car-no-breaks-v2-strict-hd:all,all,PRIMARY,5.0,8,FEASIBLE,4cca666a01510ed955a46960414e8f1e05064b9980ce0d11125a3118fa760f75,f6159e9e18b37f8c5797043ba58d636bc5f35a73eb7d274531466b83c3734f23,ee570c715a0df06f400a3815f8b508637698ad2fa314679ce6539656d9a9cfcf,2026-09-18T09:28:26.063916+00:00,results/raw/baseline-ortools_routing-all-5s-8-9c526371f3bab9d5.json,100,100,0,203,0,100.0,26,1288.623,1692.55,4067.516666666667,10820.0,15,0,400.2733333333333,444.1,686.4333333333333,480.2733333333333,766.4333333333333,5094.519399999626,1.7645999996602768,5557.9821000001175,62.98046875,5406.25,203,15,,,,,,,,9.15.6755,,,,487,3,0,STATIC_PRIMARY_FRESH_PROCESS,True,,,,,,,,,,
static,ortools_routing,beeline-car-no-breaks-v2-strict-hd:all,all,PRIMARY,5.0,9,FEASIBLE,4cca666a01510ed955a46960414e8f1e05064b9980ce0d11125a3118fa760f75,f6159e9e18b37f8c5797043ba58d636bc5f35a73eb7d274531466b83c3734f23,ee570c715a0df06f400a3815f8b508637698ad2fa314679ce6539656d9a9cfcf,2026-09-18T09:29:03.537604+00:00,results/raw/baseline-ortools_routing-all-5s-9-f9638bb4e4825689.json,100,100,0,203,0,100.0,26,1288.623,1692.55,4067.516666666667,10820.0,15,0,400.2733333333333,444.1,686.4333333333333,480.2733333333333,766.4333333333333,5094.951500000207,1.7834999998740386,5530.738299999939,62.83203125,5375.0,203,15,,,,,,,,9.15.6755,,,,487,3,0,STATIC_PRIMARY_FRESH_PROCESS,True,,,,,,,,,,
static,ortools_routing,beeline-car-no-breaks-v2-strict-hd:all,all,PRIMARY,5.0,10,FEASIBLE,4cca666a01510ed955a46960414e8f1e05064b9980ce0d11125a3118fa760f75,f6159e9e18b37f8c5797043ba58d636bc5f35a73eb7d274531466b83c3734f23,ee570c715a0df06f400a3815f8b508637698ad2fa314679ce6539656d9a9cfcf,2026-09-18T09:29:54.569260+00:00,results/raw/baseline-ortools_routing-all-5s-10-5fee5c2699c7faed.json,100,100,0,203,0,100.0,26,1288.623,1692.55,4067.516666666667,10820.0,15,0,400.2733333333333,444.1,686.4333333333333,480.2733333333333,766.4333333333333,5093.281399999796,1.8582000002425048,5529.706199999964,62.7734375,5390.625,203,15,,,,,,,,9.15.6755,,,,487,3,0,STATIC_PRIMARY_FRESH_PROCESS,True,,,,,,,,,,
static,ortools_routing,beeline-car-no-breaks-v2-strict-hd:all,all,PRIMARY,15.0,1,FEASIBLE,4cca666a01510ed955a46960414e8f1e05064b9980ce0d11125a3118fa760f75,f6159e9e18b37f8c5797043ba58d636bc5f35a73eb7d274531466b83c3734f23,ee570c715a0df06f400a3815f8b508637698ad2fa314679ce6539656d9a9cfcf,2026-09-18T05:58:46.405685+00:00,results/raw/baseline-ortools_routing-all-15s-1-dec622b650c76af9.json,100,100,0,203,0,100.0,26,1202.0,1611.6666666666667,4156.333333333333,10820.0,15,0,400.2733333333333,444.1,686.4333333333333,480.2733333333333,766.4333333333333,15126.47149999998,1.79100000013932,15774.204000000054,61.33203125,15125.0,203,15,,,,,,,,9.15.6755,,,,487,3,0,STATIC_PRIMARY_FRESH_PROCESS,True,,,,,,,,,,
static,ortools_routing,beeline-car-no-breaks-v2-strict-hd:all,all,PRIMARY,15.0,2,FEASIBLE,4cca666a01510ed955a46960414e8f1e05064b9980ce0d11125a3118fa760f75,f6159e9e18b37f8c5797043ba58d636bc5f35a73eb7d274531466b83c3734f23,ee570c715a0df06f400a3815f8b508637698ad2fa314679ce6539656d9a9cfcf,2026-09-18T09:30:24.159865+00:00,results/raw/baseline-ortools_routing-all-15s-2-7ece3267a2b13ed0.json,100,100,0,203,0,100.0,26,1088.804,1516.45,4562.766666666666,10820.0,15,0,410.0788888888889,452.85,695.35,490.0788888888889,775.35,15108.450599999742,2.0690000001195585,15571.385600000212,62.8515625,15125.0,203,15,,,,,,,,9.15.6755,,,,487,3,0,STATIC_PRIMARY_FRESH_PROCESS,True,,,,,,,,,,
static,ortools_routing,beeline-car-no-breaks-v2-strict-hd:all,all,PRIMARY,15.0,3,FEASIBLE,4cca666a01510ed955a46960414e8f1e05064b9980ce0d11125a3118fa760f75,f6159e9e18b37f8c5797043ba58d636bc5f35a73eb7d274531466b83c3734f23,ee570c715a0df06f400a3815f8b508637698ad2fa314679ce6539656d9a9cfcf,2026-09-18T09:32:59.401665+00:00,results/raw/baseline-ortools_routing-all-15s-3-93de487d7aa13aa6.json,100,100,0,203,0,100.0,26,1202.0,1611.6666666666667,4156.333333333333,10820.0,15,0,400.2733333333333,444.1,686.4333333333333,480.2733333333333,766.4333333333333,15182.517700000062,2.888600000005681,15662.182600000051,63.04296875,15312.5,203,15,,,,,,,,9.15.6755,,,,487,3,0,STATIC_PRIMARY_FRESH_PROCESS,True,,,,,,,,,,
static,ortools_routing,beeline-car-no-breaks-v2-strict-hd:all,all,PRIMARY,15.0,4,FEASIBLE,4cca666a01510ed955a46960414e8f1e05064b9980ce0d11125a3118fa760f75,f6159e9e18b37f8c5797043ba58d636bc5f35a73eb7d274531466b83c3734f23,ee570c715a0df06f400a3815f8b508637698ad2fa314679ce6539656d9a9cfcf,2026-09-18T09:33:54.957544+00:00,results/raw/baseline-ortools_routing-all-15s-4-82e6bbf7780920d1.json,100,100,0,203,0,100.0,26,1202.0,1611.6666666666667,4156.333333333333,10820.0,15,0,400.2733333333333,444.1,686.4333333333333,480.2733333333333,766.4333333333333,15098.274999998466,2.0619000006263377,15592.861000000994,62.87109375,15281.25,203,15,,,,,,,,9.15.6755,,,,487,3,0,STATIC_PRIMARY_FRESH_PROCESS,True,,,,,,,,,,
static,ortools_routing,beeline-car-no-breaks-v2-strict-hd:all,all,PRIMARY,15.0,5,FEASIBLE,4cca666a01510ed955a46960414e8f1e05064b9980ce0d11125a3118fa760f75,f6159e9e18b37f8c5797043ba58d636bc5f35a73eb7d274531466b83c3734f23,ee570c715a0df06f400a3815f8b508637698ad2fa314679ce6539656d9a9cfcf,2026-09-18T09:34:53.639577+00:00,results/raw/baseline-ortools_routing-all-15s-5-8c212abb1ce1a43a.json,100,100,0,203,0,100.0,26,1090.072,1515.8833333333334,4491.333333333333,10820.0,15,0,410.0788888888889,452.85,695.35,490.0788888888889,775.35,15106.816299999991,1.8201000002591172,15593.287899999268,62.98828125,15187.5,203,15,,,,,,,,9.15.6755,,,,487,3,0,STATIC_PRIMARY_FRESH_PROCESS,True,,,,,,,,,,
static,ortools_routing,beeline-car-no-breaks-v2-strict-hd:all,all,PRIMARY,15.0,6,FEASIBLE,4cca666a01510ed955a46960414e8f1e05064b9980ce0d11125a3118fa760f75,f6159e9e18b37f8c5797043ba58d636bc5f35a73eb7d274531466b83c3734f23,ee570c715a0df06f400a3815f8b508637698ad2fa314679ce6539656d9a9cfcf,2026-09-18T09:36:54.281400+00:00,results/raw/baseline-ortools_routing-all-15s-6-5a139a11ce441f53.json,100,100,0,203,0,100.0,26,1098.332,1524.15,4350.316666666667,10820.0,15,0,410.0788888888889,452.85,695.35,490.0788888888889,775.35,15095.896099999663,2.919599999586353,15542.141199999605,62.8671875,15312.5,203,15,,,,,,,,9.15.6755,,,,487,3,0,STATIC_PRIMARY_FRESH_PROCESS,True,,,,,,,,,,
static,ortools_routing,beeline-car-no-breaks-v2-strict-hd:all,all,PRIMARY,15.0,7,FEASIBLE,4cca666a01510ed955a46960414e8f1e05064b9980ce0d11125a3118fa760f75,f6159e9e18b37f8c5797043ba58d636bc5f35a73eb7d274531466b83c3734f23,ee570c715a0df06f400a3815f8b508637698ad2fa314679ce6539656d9a9cfcf,2026-09-18T09:38:06.363201+00:00,results/raw/baseline-ortools_routing-all-15s-7-2dc3ac97a48a86e6.json,100,100,0,203,0,100.0,26,1088.464,1516.9,4556.483333333334,10820.0,15,0,410.0788888888889,452.85,695.35,490.0788888888889,775.35,15102.257699998518,2.5230999999621417,15543.003799999497,63.09375,15218.75,203,15,,,,,,,,9.15.6755,,,,487,3,0,STATIC_PRIMARY_FRESH_PROCESS,True,,,,,,,,,,
static,ortools_routing,beeline-car-no-breaks-v2-strict-hd:all,all,PRIMARY,15.0,8,FEASIBLE,4cca666a01510ed955a46960414e8f1e05064b9980ce0d11125a3118fa760f75,f6159e9e18b37f8c5797043ba58d636bc5f35a73eb7d274531466b83c3734f23,ee570c715a0df06f400a3815f8b508637698ad2fa314679ce6539656d9a9cfcf,2026-09-18T09:39:42.735994+00:00,results/raw/baseline-ortools_routing-all-15s-8-e3e2d25dc85d207c.json,100,100,0,203,0,100.0,26,1077.585,1500.1166666666666,4581.166666666667,10820.0,15,0,410.0788888888889,452.85,695.35,490.0788888888889,775.35,15100.207700001192,2.056799999991199,15571.372899999915,62.96484375,15265.625,203,15,,,,,,,,9.15.6755,,,,487,3,0,STATIC_PRIMARY_FRESH_PROCESS,True,,,,,,,,,,
static,ortools_routing,beeline-car-no-breaks-v2-strict-hd:all,all,PRIMARY,15.0,9,FEASIBLE,4cca666a01510ed955a46960414e8f1e05064b9980ce0d11125a3118fa760f75,f6159e9e18b37f8c5797043ba58d636bc5f35a73eb7d274531466b83c3734f23,ee570c715a0df06f400a3815f8b508637698ad2fa314679ce6539656d9a9cfcf,2026-09-18T09:42:07.068713+00:00,results/raw/baseline-ortools_routing-all-15s-9-95a6612cdbaf468e.json,100,100,0,203,0,100.0,26,1077.585,1500.1166666666666,4581.166666666667,10820.0,15,0,410.0788888888889,452.85,695.35,490.0788888888889,775.35,15115.434699999241,1.781999999366235,15606.90909999903,62.99609375,15250.0,203,15,,,,,,,,9.15.6755,,,,487,3,0,STATIC_PRIMARY_FRESH_PROCESS,True,,,,,,,,,,
static,ortools_routing,beeline-car-no-breaks-v2-strict-hd:all,all,PRIMARY,15.0,10,FEASIBLE,4cca666a01510ed955a46960414e8f1e05064b9980ce0d11125a3118fa760f75,f6159e9e18b37f8c5797043ba58d636bc5f35a73eb7d274531466b83c3734f23,ee570c715a0df06f400a3815f8b508637698ad2fa314679ce6539656d9a9cfcf,2026-09-18T09:43:39.943763+00:00,results/raw/baseline-ortools_routing-all-15s-10-67177a91135d6284.json,100,100,0,203,0,100.0,26,1077.585,1500.1166666666666,4581.166666666667,10820.0,15,0,410.0788888888889,452.85,695.35,490.0788888888889,775.35,15157.405299998572,2.828500000759959,15605.990300000485,62.88671875,15421.875,203,15,,,,,,,,9.15.6755,,,,487,3,0,STATIC_PRIMARY_FRESH_PROCESS,True,,,,,,,,,,
static,ortools_routing,beeline-car-no-breaks-v2-strict-hd:all,all,PRIMARY,60.0,1,FEASIBLE,4cca666a01510ed955a46960414e8f1e05064b9980ce0d11125a3118fa760f75,f6159e9e18b37f8c5797043ba58d636bc5f35a73eb7d274531466b83c3734f23,ee570c715a0df06f400a3815f8b508637698ad2fa314679ce6539656d9a9cfcf,2026-09-18T06:01:41.912125+00:00,results/raw/baseline-ortools_routing-all-60s-1-354f7f7a18fd3b02.json,100,100,0,203,0,100.0,24,1091.713,1520.3333333333333,3505.616666666667,10820.0,15,0,398.3044444444444,454.6333333333333,697.1333333333333,478.30444444444447,777.1333333333333,60119.28579999994,1.4989999999670545,60775.48509999997,61.55078125,58640.625,203,15,,,,,,,,9.15.6755,,,,487,3,0,STATIC_PRIMARY_FRESH_PROCESS,True,,,,,,,,,,
static,ortools_routing,beeline-car-no-breaks-v2-strict-hd:all,all,PRIMARY,60.0,2,FEASIBLE,4cca666a01510ed955a46960414e8f1e05064b9980ce0d11125a3118fa760f75,f6159e9e18b37f8c5797043ba58d636bc5f35a73eb7d274531466b83c3734f23,ee570c715a0df06f400a3815f8b508637698ad2fa314679ce6539656d9a9cfcf,2026-09-18T09:48:47.729391+00:00,results/raw/baseline-ortools_routing-all-60s-2-ef11210cf7bce05e.json,100,100,0,203,0,100.0,24,1097.203,1528.2666666666667,3496.7,10820.0,15,0,398.3044444444444,454.6333333333333,697.1333333333333,478.30444444444447,777.1333333333333,60123.36399999913,2.751199999693199,60616.947999998956,63.07421875,60062.5,203,15,,,,,,,,9.15.6755,,,,487,3,0,STATIC_PRIMARY_FRESH_PROCESS,True,,,,,,,,,,
static,ortools_routing,beeline-car-no-breaks-v2-strict-hd:all,all,PRIMARY,60.0,3,FEASIBLE,4cca666a01510ed955a46960414e8f1e05064b9980ce0d11125a3118fa760f75,f6159e9e18b37f8c5797043ba58d636bc5f35a73eb7d274531466b83c3734f23,ee570c715a0df06f400a3815f8b508637698ad2fa314679ce6539656d9a9cfcf,2026-09-18T09:51:04.304029+00:00,results/raw/baseline-ortools_routing-all-60s-3-4cfcaf87c9b19073.json,100,100,0,203,0,100.0,24,1097.203,1528.2666666666667,3496.7,10820.0,15,0,398.3044444444444,454.6333333333333,697.1333333333333,478.30444444444447,777.1333333333333,60093.89489999921,2.7298000004520873,60566.58460000108,62.796875,59937.5,203,15,,,,,,,,9.15.6755,,,,487,3,0,STATIC_PRIMARY_FRESH_PROCESS,True,,,,,,,,,,
static,ortools_routing,beeline-car-no-breaks-v2-strict-hd:all,all,PRIMARY,60.0,4,FEASIBLE,4cca666a01510ed955a46960414e8f1e05064b9980ce0d11125a3118fa760f75,f6159e9e18b37f8c5797043ba58d636bc5f35a73eb7d274531466b83c3734f23,ee570c715a0df06f400a3815f8b508637698ad2fa314679ce6539656d9a9cfcf,2026-09-18T09:59:25.584339+00:00,results/raw/baseline-ortools_routing-all-60s-4-84deaa6aece1c85d.json,100,100,0,203,0,100.0,24,1097.203,1528.2666666666667,3496.7,10820.0,15,0,398.3044444444444,454.6333333333333,697.1333333333333,478.30444444444447,777.1333333333333,60109.34710000038,1.7592999993212288,60599.804100000256,63.1171875,59765.625,203,15,,,,,,,,9.15.6755,,,,487,3,0,STATIC_PRIMARY_FRESH_PROCESS,True,,,,,,,,,,
static,ortools_routing,beeline-car-no-breaks-v2-strict-hd:all,all,PRIMARY,60.0,5,FEASIBLE,4cca666a01510ed955a46960414e8f1e05064b9980ce0d11125a3118fa760f75,f6159e9e18b37f8c5797043ba58d636bc5f35a73eb7d274531466b83c3734f23,ee570c715a0df06f400a3815f8b508637698ad2fa314679ce6539656d9a9cfcf,2026-09-18T10:02:43.776125+00:00,results/raw/baseline-ortools_routing-all-60s-5-f8b949cf4d3b259e.json,100,100,0,203,0,100.0,24,1091.474,1518.2,3506.766666666667,10820.0,15,0,398.3044444444444,454.6333333333333,697.1333333333333,478.30444444444447,777.1333333333333,60137.50280000022,1.6054000006988645,60608.851900000445,62.72265625,57687.5,203,15,,,,,,,,9.15.6755,,,,487,3,0,STATIC_PRIMARY_FRESH_PROCESS,True,,,,,,,,,,
static,ortools_routing,beeline-car-no-breaks-v2-strict-hd:all,all,PRIMARY,60.0,6,FEASIBLE,4cca666a01510ed955a46960414e8f1e05064b9980ce0d11125a3118fa760f75,f6159e9e18b37f8c5797043ba58d636bc5f35a73eb7d274531466b83c3734f23,ee570c715a0df06f400a3815f8b508637698ad2fa314679ce6539656d9a9cfcf,2026-09-18T10:10:18.446668+00:00,results/raw/baseline-ortools_routing-all-60s-6-1358169a11b8e649.json,100,100,0,203,0,100.0,24,1091.474,1518.2,3506.766666666667,10820.0,15,0,398.3044444444444,454.6333333333333,697.1333333333333,478.30444444444447,777.1333333333333,60103.11660000116,2.0903000004182104,60616.878999999244,62.9296875,59578.125,203,15,,,,,,,,9.15.6755,,,,487,3,0,STATIC_PRIMARY_FRESH_PROCESS,True,,,,,,,,,,
static,ortools_routing,beeline-car-no-breaks-v2-strict-hd:all,all,PRIMARY,60.0,7,FEASIBLE,4cca666a01510ed955a46960414e8f1e05064b9980ce0d11125a3118fa760f75,f6159e9e18b37f8c5797043ba58d636bc5f35a73eb7d274531466b83c3734f23,ee570c715a0df06f400a3815f8b508637698ad2fa314679ce6539656d9a9cfcf,2026-09-18T10:11:19.165991+00:00,results/raw/baseline-ortools_routing-all-60s-7-3510347c28534f47.json,100,100,0,203,0,100.0,24,1091.474,1518.2,3506.766666666667,10820.0,15,0,398.3044444444444,454.6333333333333,697.1333333333333,478.30444444444447,777.1333333333333,60106.32330000044,1.2679000010393793,60607.11529999935,62.82421875,59578.125,203,15,,,,,,,,9.15.6755,,,,487,3,0,STATIC_PRIMARY_FRESH_PROCESS,True,,,,,,,,,,
static,ortools_routing,beeline-car-no-breaks-v2-strict-hd:all,all,PRIMARY,300.0,1,FEASIBLE,4cca666a01510ed955a46960414e8f1e05064b9980ce0d11125a3118fa760f75,f6159e9e18b37f8c5797043ba58d636bc5f35a73eb7d274531466b83c3734f23,ee570c715a0df06f400a3815f8b508637698ad2fa314679ce6539656d9a9cfcf,2026-09-18T06:11:23.311542+00:00,results/raw/baseline-ortools_routing-all-300s-1-7fbbbd42104f5b91.json,100,100,0,203,0,100.0,24,1091.474,1518.2,3506.766666666667,10820.0,15,0,398.3044444444444,454.6333333333333,697.1333333333333,478.30444444444447,777.1333333333333,300132.2143999996,2.2445999998126354,300691.4527000004,61.8203125,260968.75,203,15,,,,,,,,9.15.6755,,,,487,3,0,STATIC_PRIMARY_FRESH_PROCESS,True,,,,,,,,,,
static,ortools_routing,beeline-car-no-breaks-v2-strict-hd:east,east,PRIMARY,1.0,1,FEASIBLE,4cca666a01510ed955a46960414e8f1e05064b9980ce0d11125a3118fa760f75,f6159e9e18b37f8c5797043ba58d636bc5f35a73eb7d274531466b83c3734f23,ee570c715a0df06f400a3815f8b508637698ad2fa314679ce6539656d9a9cfcf,2026-09-18T05:42:14.076841+00:00,results/raw/baseline-ortools_routing-east-1s-1-01c2fa5b719a4504.json,100,100,0,66,0,100.0,9,222.222,378.71666666666664,2043.3,3560.0,3,0,431.4888888888889,512.3666666666667,566.4333333333333,511.4888888888889,646.4333333333333,1029.785400000037,0.709099999994578,1465.031799999906,55.23046875,1375.0,66,3,,,,,,,,9.15.6755,,,,487,3,0,STATIC_PRIMARY_FRESH_PROCESS,True,,,,,,,,,,
static,ortools_routing,beeline-car-no-breaks-v2-strict-hd:east,east,PRIMARY,5.0,1,FEASIBLE,4cca666a01510ed955a46960414e8f1e05064b9980ce0d11125a3118fa760f75,f6159e9e18b37f8c5797043ba58d636bc5f35a73eb7d274531466b83c3734f23,ee570c715a0df06f400a3815f8b508637698ad2fa314679ce6539656d9a9cfcf,2026-09-18T05:42:36.966337+00:00,results/raw/baseline-ortools_routing-east-5s-1-b5862b28110dc640.json,100,100,0,66,0,100.0,8,233.212,391.6666666666667,1429.2833333333333,3560.0,3,0,333.72222222222223,451.98333333333335,547.0333333333333,413.72222222222223,627.0333333333333,5025.0632999999425,0.5733000000418542,5482.974400000103,55.2109375,5312.5,66,3,,,,,,,,9.15.6755,,,,487,3,0,STATIC_PRIMARY_FRESH_PROCESS,True,,,,,,,,,,
static,ortools_routing,beeline-car-no-breaks-v2-strict-hd:exact-10,exact-10,PRIMARY,15.0,1,FEASIBLE,4cca666a01510ed955a46960414e8f1e05064b9980ce0d11125a3118fa760f75,f6159e9e18b37f8c5797043ba58d636bc5f35a73eb7d274531466b83c3734f23,ee570c715a0df06f400a3815f8b508637698ad2fa314679ce6539656d9a9cfcf,2026-09-18T08:49:07.074599+00:00,results/raw/baseline-ortools_routing-exact-10-15s-1-fd5b02946469456f.json,100,100,0,10,0,100.0,4,190.527,187.51666666666668,1672.4833333333333,490.0,0,0,,,,,,15041.186100000232,0.23490000057790894,15980.0180000002,55.953125,14093.75,10,0,,,,,,,,9.15.6755,,,,487,3,0,STATIC_PRIMARY_FRESH_PROCESS,True,,,,,,,,,,
static,ortools_routing,beeline-car-no-breaks-v2-strict-hd:exact-15,exact-15,PRIMARY,15.0,1,FEASIBLE,4cca666a01510ed955a46960414e8f1e05064b9980ce0d11125a3118fa760f75,f6159e9e18b37f8c5797043ba58d636bc5f35a73eb7d274531466b83c3734f23,ee570c715a0df06f400a3815f8b508637698ad2fa314679ce6539656d9a9cfcf,2026-09-18T08:49:33.987790+00:00,results/raw/baseline-ortools_routing-exact-15-15s-1-010e2d02dbb6b4e1.json,100,100,0,15,0,100.0,5,260.101,260.5833333333333,2099.4166666666665,680.0,0,0,,,,,,15113.876399999754,0.610499999311287,16291.078199999902,56.1015625,14109.375,15,0,,,,,,,,9.15.6755,,,,487,3,0,STATIC_PRIMARY_FRESH_PROCESS,True,,,,,,,,,,
static,ortools_routing,beeline-car-no-breaks-v2-strict-hd:exact-20,exact-20,PRIMARY,15.0,1,FEASIBLE,4cca666a01510ed955a46960414e8f1e05064b9980ce0d11125a3118fa760f75,f6159e9e18b37f8c5797043ba58d636bc5f35a73eb7d274531466b83c3734f23,ee570c715a0df06f400a3815f8b508637698ad2fa314679ce6539656d9a9cfcf,2026-09-18T08:52:13.940227+00:00,results/raw/baseline-ortools_routing-exact-20-15s-1-e7036b4fb3d40133.json,100,100,0,20,0,100.0,6,279.202,298.3333333333333,2512.5666666666666,960.0,0,0,,,,,,15108.354800000598,3.6661000003732624,16070.51070000034,56.3203125,13625.0,20,0,,,,,,,,9.15.6755,,,,487,3,0,STATIC_PRIMARY_FRESH_PROCESS,True,,,,,,,,,,
static,ortools_routing,beeline-car-no-breaks-v2-strict-hd:exact-5,exact-5,PRIMARY,15.0,1,FEASIBLE,4cca666a01510ed955a46960414e8f1e05064b9980ce0d11125a3118fa760f75,f6159e9e18b37f8c5797043ba58d636bc5f35a73eb7d274531466b83c3734f23,ee570c715a0df06f400a3815f8b508637698ad2fa314679ce6539656d9a9cfcf,2026-09-18T08:46:48.634392+00:00,results/raw/baseline-ortools_routing-exact-5-15s-1-ce64b24d5d7a5a11.json,100,100,0,5,0,100.0,2,116.674,108.58333333333333,441.4166666666667,310.0,0,0,,,,,,15054.530700000214,0.25379999988217605,15945.01340000079,55.69140625,14828.125,5,0,,,,,,,,9.15.6755,,,,487,3,0,STATIC_PRIMARY_FRESH_PROCESS,True,,,,,,,,,,
static,ortools_routing,beeline-car-no-breaks-v2-strict-hd:southcentral,southcentral,PRIMARY,1.0,1,FEASIBLE,4cca666a01510ed955a46960414e8f1e05064b9980ce0d11125a3118fa760f75,f6159e9e18b37f8c5797043ba58d636bc5f35a73eb7d274531466b83c3734f23,ee570c715a0df06f400a3815f8b508637698ad2fa314679ce6539656d9a9cfcf,2026-09-18T05:45:15.180186+00:00,results/raw/baseline-ortools_routing-southcentral-1s-1-fc248c6c008938e2.json,100,100,0,56,0,100.0,6,227.833,377.96666666666664,1257.1333333333334,2830.0,0,0,,,,,,1032.326399999988,1.0102999999617168,1602.0043999999416,54.80078125,1359.375,56,0,,,,,,,,9.15.6755,,,,487,3,0,STATIC_PRIMARY_FRESH_PROCESS,True,,,,,,,,,,
static,ortools_routing,beeline-car-no-breaks-v2-strict-hd:southcentral,southcentral,PRIMARY,5.0,1,FEASIBLE,4cca666a01510ed955a46960414e8f1e05064b9980ce0d11125a3118fa760f75,f6159e9e18b37f8c5797043ba58d636bc5f35a73eb7d274531466b83c3734f23,ee570c715a0df06f400a3815f8b508637698ad2fa314679ce6539656d9a9cfcf,2026-09-18T05:45:38.954462+00:00,results/raw/baseline-ortools_routing-southcentral-5s-1-9bd17060ef18651e.json,100,100,0,56,0,100.0,6,227.833,377.96666666666664,1257.1333333333334,2830.0,0,0,,,,,,5029.077099999995,0.6783000000041284,5475.766399999998,54.96484375,5296.875,56,0,,,,,,,,9.15.6755,,,,487,3,0,STATIC_PRIMARY_FRESH_PROCESS,True,,,,,,,,,,
static,ortools_routing,beeline-car-no-breaks-v2-strict-hd:southeast,southeast,PRIMARY,1.0,1,FEASIBLE,4cca666a01510ed955a46960414e8f1e05064b9980ce0d11125a3118fa760f75,f6159e9e18b37f8c5797043ba58d636bc5f35a73eb7d274531466b83c3734f23,ee570c715a0df06f400a3815f8b508637698ad2fa314679ce6539656d9a9cfcf,2026-09-18T05:43:37.530337+00:00,results/raw/baseline-ortools_routing-southeast-1s-1-8cb19dca80063104.json,100,100,0,81,0,100.0,11,838.568,935.8666666666667,767.0833333333334,4430.0,12,0,392.46944444444443,403.8666666666667,686.4333333333333,472.46944444444443,766.4333333333333,1037.62770000003,0.836499999991247,1572.4612999999863,55.75390625,1421.875,81,12,,,,,,,,9.15.6755,,,,487,3,0,STATIC_PRIMARY_FRESH_PROCESS,True,,,,,,,,,,
static,ortools_routing,beeline-car-no-breaks-v2-strict-hd:southeast,southeast,PRIMARY,5.0,1,FEASIBLE,4cca666a01510ed955a46960414e8f1e05064b9980ce0d11125a3118fa760f75,f6159e9e18b37f8c5797043ba58d636bc5f35a73eb7d274531466b83c3734f23,ee570c715a0df06f400a3815f8b508637698ad2fa314679ce6539656d9a9cfcf,2026-09-18T05:44:08.045277+00:00,results/raw/baseline-ortools_routing-southeast-5s-1-60f8f8732c6f55eb.json,100,100,0,81,0,100.0,11,614.88,729.1166666666667,1035.9333333333334,4430.0,12,0,388.46944444444443,401.0333333333333,683.6,468.46944444444443,763.6,5046.037299999966,0.6481000000349013,5684.6700000000965,55.73046875,5375.0,81,12,,,,,,,,9.15.6755,,,,487,3,0,STATIC_PRIMARY_FRESH_PROCESS,True,,,,,,,,,,
static,pyvrp,beeline-car-no-breaks-v2-strict-hd:all,all,PRIMARY,1.0,1,FEASIBLE,5202e910a4c9edb60825fd06043ce736b9d8ef99bab5c4e73d74042c6ccbb9ab,f6159e9e18b37f8c5797043ba58d636bc5f35a73eb7d274531466b83c3734f23,ee570c715a0df06f400a3815f8b508637698ad2fa314679ce6539656d9a9cfcf,2026-09-18T05:52:44.306410+00:00,results/raw/baseline-pyvrp-all-1s-1-0bd7a5741c669462.json,100,100,0,203,0,100.0,27,1113.737,1515.1833333333334,2391.633333333333,10820.0,15,0,418.3,442.6333333333333,628.6833333333333,498.3,708.6833333333333,1401.9318000000567,2.8267000000141707,2612.6988000000892,61.7421875,2140.625,203,15,,,,,,,,0.14.0,,,,81,5,0,STATIC_PRIMARY_FRESH_PROCESS,True,,,,,,,,,,
static,pyvrp,beeline-car-no-breaks-v2-strict-hd:all,all,PRIMARY,1.0,2,FEASIBLE,5202e910a4c9edb60825fd06043ce736b9d8ef99bab5c4e73d74042c6ccbb9ab,f6159e9e18b37f8c5797043ba58d636bc5f35a73eb7d274531466b83c3734f23,ee570c715a0df06f400a3815f8b508637698ad2fa314679ce6539656d9a9cfcf,2026-09-18T09:19:55.622481+00:00,results/raw/baseline-pyvrp-all-1s-2-7ef11c0865a4e32e.json,100,100,0,203,0,100.0,26,1478.173,1812.05,1862.9666666666667,10820.0,15,0,447.0688888888889,473.51666666666665,696.5666666666667,527.0688888888889,776.5666666666667,1213.8138999998773,1.6026000002966612,1905.6413999996948,65.37109375,1750.0,203,15,,,,,,,,0.14.0,,,,81,5,0,STATIC_PRIMARY_FRESH_PROCESS,True,,,,,,,,,,
static,pyvrp,beeline-car-no-breaks-v2-strict-hd:all,all,PRIMARY,1.0,3,FEASIBLE,5202e910a4c9edb60825fd06043ce736b9d8ef99bab5c4e73d74042c6ccbb9ab,f6159e9e18b37f8c5797043ba58d636bc5f35a73eb7d274531466b83c3734f23,ee570c715a0df06f400a3815f8b508637698ad2fa314679ce6539656d9a9cfcf,2026-09-18T09:20:23.209549+00:00,results/raw/baseline-pyvrp-all-1s-3-c6d7e4f2df43fe6b.json,100,100,0,203,0,100.0,27,996.367,1402.6833333333334,2181.8,10820.0,15,0,412.9422222222222,497.55,660.1166666666667,492.9422222222222,740.1166666666667,1163.9179999992848,1.9760000004680478,1825.5107999993925,66.03125,1562.5,203,15,,,,,,,,0.14.0,,,,81,5,0,STATIC_PRIMARY_FRESH_PROCESS,True,,,,,,,,,,
static,pyvrp,beeline-car-no-breaks-v2-strict-hd:all,all,PRIMARY,1.0,4,FEASIBLE,5202e910a4c9edb60825fd06043ce736b9d8ef99bab5c4e73d74042c6ccbb9ab,f6159e9e18b37f8c5797043ba58d636bc5f35a73eb7d274531466b83c3734f23,ee570c715a0df06f400a3815f8b508637698ad2fa314679ce6539656d9a9cfcf,2026-09-18T09:20:43.323569+00:00,results/raw/baseline-pyvrp-all-1s-4-13b6c37df94e8722.json,100,100,0,203,0,100.0,27,1043.959,1429.3,2449.616666666667,10820.0,15,0,361.87888888888887,418.76666666666665,603.25,441.8788888888889,683.25,1340.103700000327,1.4559000001099776,2562.4950999999783,65.23046875,2046.875,203,15,,,,,,,,0.14.0,,,,81,5,0,STATIC_PRIMARY_FRESH_PROCESS,True,,,,,,,,,,
static,pyvrp,beeline-car-no-breaks-v2-strict-hd:all,all,PRIMARY,1.0,5,FEASIBLE,5202e910a4c9edb60825fd06043ce736b9d8ef99bab5c4e73d74042c6ccbb9ab,f6159e9e18b37f8c5797043ba58d636bc5f35a73eb7d274531466b83c3734f23,ee570c715a0df06f400a3815f8b508637698ad2fa314679ce6539656d9a9cfcf,2026-09-18T09:21:15.762964+00:00,results/raw/baseline-pyvrp-all-1s-5-20bed28fa51e7595.json,100,100,0,203,0,100.0,27,1004.503,1405.1166666666666,2393.25,10820.0,15,0,386.9511111111111,442.6333333333333,679.35,466.9511111111111,759.35,1371.5070999996897,2.035999999861815,2504.5894999993834,63.86328125,1984.375,203,15,,,,,,,,0.14.0,,,,81,5,0,STATIC_PRIMARY_FRESH_PROCESS,True,,,,,,,,,,
static,pyvrp,beeline-car-no-breaks-v2-strict-hd:all,all,PRIMARY,1.0,6,FEASIBLE,5202e910a4c9edb60825fd06043ce736b9d8ef99bab5c4e73d74042c6ccbb9ab,f6159e9e18b37f8c5797043ba58d636bc5f35a73eb7d274531466b83c3734f23,ee570c715a0df06f400a3815f8b508637698ad2fa314679ce6539656d9a9cfcf,2026-09-18T09:21:28.812781+00:00,results/raw/baseline-pyvrp-all-1s-6-9560cd5eaadfad27.json,100,100,0,203,0,100.0,26,1033.965,1465.8,1629.4166666666667,10820.0,15,0,459.68111111111114,495.73333333333335,689.1833333333333,539.6811111111111,769.1833333333333,1163.029800000004,1.7689999995127437,1734.8103999993327,66.03125,1578.125,203,15,,,,,,,,0.14.0,,,,81,5,0,STATIC_PRIMARY_FRESH_PROCESS,True,,,,,,,,,,
static,pyvrp,beeline-car-no-breaks-v2-strict-hd:all,all,PRIMARY,1.0,7,FEASIBLE,5202e910a4c9edb60825fd06043ce736b9d8ef99bab5c4e73d74042c6ccbb9ab,f6159e9e18b37f8c5797043ba58d636bc5f35a73eb7d274531466b83c3734f23,ee570c715a0df06f400a3815f8b508637698ad2fa314679ce6539656d9a9cfcf,2026-09-18T09:21:53.437722+00:00,results/raw/baseline-pyvrp-all-1s-7-55d21b48408d2049.json,100,0,0,201,2,99.01477832512315,28,987.399,1375.7833333333333,3001.116666666667,10770.0,15,0,354.94,408.6,650.45,434.94,730.45,1180.4157000005944,4.199399999379239,1909.3634999999267,66.94140625,1687.5,203,15,,,,,,,,0.14.0,,,,81,5,0,STATIC_PRIMARY_FRESH_PROCESS,True,,,,,,,,,,
static,pyvrp,beeline-car-no-breaks-v2-strict-hd:all,all,PRIMARY,1.0,8,FEASIBLE,5202e910a4c9edb60825fd06043ce736b9d8ef99bab5c4e73d74042c6ccbb9ab,f6159e9e18b37f8c5797043ba58d636bc5f35a73eb7d274531466b83c3734f23,ee570c715a0df06f400a3815f8b508637698ad2fa314679ce6539656d9a9cfcf,2026-09-18T09:22:12.493730+00:00,results/raw/baseline-pyvrp-all-1s-8-921eba6d636e58b8.json,100,100,0,203,0,100.0,28,1214.643,1582.1666666666667,2429.55,10820.0,15,0,356.45,370.71666666666664,683.8833333333333,436.45,763.8833333333333,1399.854299999788,1.745399999890651,2053.5970999999336,66.765625,1843.75,203,15,,,,,,,,0.14.0,,,,81,5,0,STATIC_PRIMARY_FRESH_PROCESS,True,,,,,,,,,,
static,pyvrp,beeline-car-no-breaks-v2-strict-hd:all,all,PRIMARY,1.0,9,FEASIBLE,5202e910a4c9edb60825fd06043ce736b9d8ef99bab5c4e73d74042c6ccbb9ab,f6159e9e18b37f8c5797043ba58d636bc5f35a73eb7d274531466b83c3734f23,ee570c715a0df06f400a3815f8b508637698ad2fa314679ce6539656d9a9cfcf,2026-09-18T09:22:44.696289+00:00,results/raw/baseline-pyvrp-all-1s-9-a2ed1f6772968014.json,100,100,0,203,0,100.0,27,1027.357,1443.4166666666667,2011.8666666666666,10820.0,15,0,377.6044444444445,417.26666666666665,616.5833333333334,457.6044444444444,696.5833333333334,1150.087199999689,1.7094999993787496,1793.180399999983,67.8359375,1578.125,203,15,,,,,,,,0.14.0,,,,81,5,0,STATIC_PRIMARY_FRESH_PROCESS,True,,,,,,,,,,
static,pyvrp,beeline-car-no-breaks-v2-strict-hd:all,all,PRIMARY,1.0,10,FEASIBLE,5202e910a4c9edb60825fd06043ce736b9d8ef99bab5c4e73d74042c6ccbb9ab,f6159e9e18b37f8c5797043ba58d636bc5f35a73eb7d274531466b83c3734f23,ee570c715a0df06f400a3815f8b508637698ad2fa314679ce6539656d9a9cfcf,2026-09-18T09:23:05.634018+00:00,results/raw/baseline-pyvrp-all-1s-10-c4b47e5ec0e69c0d.json,100,100,0,203,0,100.0,25,1006.471,1421.9166666666667,1906.8333333333333,10820.0,15,0,439.52,498.4,699.25,519.52,779.25,1257.9993999997896,1.3453999999910593,1960.5257000002894,67.578125,1796.875,203,15,,,,,,,,0.14.0,,,,81,5,0,STATIC_PRIMARY_FRESH_PROCESS,True,,,,,,,,,,
static,pyvrp,beeline-car-no-breaks-v2-strict-hd:all,all,PRIMARY,5.0,1,FEASIBLE,5202e910a4c9edb60825fd06043ce736b9d8ef99bab5c4e73d74042c6ccbb9ab,f6159e9e18b37f8c5797043ba58d636bc5f35a73eb7d274531466b83c3734f23,ee570c715a0df06f400a3815f8b508637698ad2fa314679ce6539656d9a9cfcf,2026-09-18T05:52:47.050518+00:00,results/raw/baseline-pyvrp-all-5s-1-f4ac714412de97e3.json,100,100,0,203,0,100.0,26,1025.331,1425.8666666666666,2005.55,10820.0,15,0,385.47222222222223,418.76666666666665,686.0166666666667,465.47222222222223,766.0166666666667,5245.1906999999665,4.08249999986765,6194.705100000192,72.8046875,5734.375,203,15,,,,,,,,0.14.0,,,,81,5,0,STATIC_PRIMARY_FRESH_PROCESS,True,,,,,,,,,,
static,pyvrp,beeline-car-no-breaks-v2-strict-hd:all,all,PRIMARY,5.0,2,FEASIBLE,5202e910a4c9edb60825fd06043ce736b9d8ef99bab5c4e73d74042c6ccbb9ab,f6159e9e18b37f8c5797043ba58d636bc5f35a73eb7d274531466b83c3734f23,ee570c715a0df06f400a3815f8b508637698ad2fa314679ce6539656d9a9cfcf,2026-09-18T09:23:30.389775+00:00,results/raw/baseline-pyvrp-all-5s-2-5358fd1ee86acc22.json,100,100,0,203,0,100.0,25,1126.908,1540.05,1424.1333333333334,10820.0,15,0,358.4088888888889,361.95,615.35,438.4088888888889,695.35,5142.306599999756,2.3443000000042957,5710.146899999927,73.4921875,5625.0,203,15,,,,,,,,0.14.0,,,,81,5,0,STATIC_PRIMARY_FRESH_PROCESS,True,,,,,,,,,,
static,pyvrp,beeline-car-no-breaks-v2-strict-hd:all,all,PRIMARY,5.0,3,FEASIBLE,5202e910a4c9edb60825fd06043ce736b9d8ef99bab5c4e73d74042c6ccbb9ab,f6159e9e18b37f8c5797043ba58d636bc5f35a73eb7d274531466b83c3734f23,ee570c715a0df06f400a3815f8b508637698ad2fa314679ce6539656d9a9cfcf,2026-09-18T09:24:01.493898+00:00,results/raw/baseline-pyvrp-all-5s-3-ed8d5ae778e716fa.json,100,100,0,203,0,100.0,25,998.521,1414.7,1906.1333333333334,10820.0,15,0,417.86,497.8833333333333,679.35,497.86,759.35,5153.481700000157,2.5269999996453407,5724.662700000408,75.19140625,5531.25,203,15,,,,,,,,0.14.0,,,,81,5,0,STATIC_PRIMARY_FRESH_PROCESS,True,,,,,,,,,,
static,pyvrp,beeline-car-no-breaks-v2-strict-hd:all,all,PRIMARY,5.0,4,FEASIBLE,5202e910a4c9edb60825fd06043ce736b9d8ef99bab5c4e73d74042c6ccbb9ab,f6159e9e18b37f8c5797043ba58d636bc5f35a73eb7d274531466b83c3734f23,ee570c715a0df06f400a3815f8b508637698ad2fa314679ce6539656d9a9cfcf,2026-09-18T09:24:45.581099+00:00,results/raw/baseline-pyvrp-all-5s-4-5270f18bff7884a6.json,100,100,0,203,0,100.0,25,1067.231,1482.2,2082.516666666667,10820.0,15,0,407.4311111111111,456.96666666666664,636.9333333333333,487.43111111111114,716.9333333333333,5141.148699999576,1.9929999998566927,5674.998099999357,73.75,5453.125,203,15,,,,,,,,0.14.0,,,,81,5,0,STATIC_PRIMARY_FRESH_PROCESS,True,,,,,,,,,,
static,pyvrp,beeline-car-no-breaks-v2-strict-hd:all,all,PRIMARY,5.0,5,FEASIBLE,5202e910a4c9edb60825fd06043ce736b9d8ef99bab5c4e73d74042c6ccbb9ab,f6159e9e18b37f8c5797043ba58d636bc5f35a73eb7d274531466b83c3734f23,ee570c715a0df06f400a3815f8b508637698ad2fa314679ce6539656d9a9cfcf,2026-09-18T09:26:02.485722+00:00,results/raw/baseline-pyvrp-all-5s-5-01c4db88643951fa.json,100,100,0,203,0,100.0,25,1113.289,1530.85,1776.15,10820.0,15,0,389.09333333333336,442.6333333333333,681.3333333333334,469.09333333333336,761.3333333333334,5200.179600000411,2.366999999139807,5832.57390000017,73.9609375,5546.875,203,15,,,,,,,,0.14.0,,,,81,5,0,STATIC_PRIMARY_FRESH_PROCESS,True,,,,,,,,,,
static,pyvrp,beeline-car-no-breaks-v2-strict-hd:all,all,PRIMARY,5.0,6,FEASIBLE,5202e910a4c9edb60825fd06043ce736b9d8ef99bab5c4e73d74042c6ccbb9ab,f6159e9e18b37f8c5797043ba58d636bc5f35a73eb7d274531466b83c3734f23,ee570c715a0df06f400a3815f8b508637698ad2fa314679ce6539656d9a9cfcf,2026-09-18T09:26:33.259373+00:00,results/raw/baseline-pyvrp-all-5s-6-0b5b35f7a8bc2626.json,100,100,0,203,0,100.0,25,1070.933,1495.3166666666666,1886.5833333333333,10820.0,15,0,441.2133333333333,496.01666666666665,683.15,521.2133333333334,763.15,5151.209000000563,1.6620999995211605,5713.696400000117,75.08203125,5609.375,203,15,,,,,,,,0.14.0,,,,81,5,0,STATIC_PRIMARY_FRESH_PROCESS,True,,,,,,,,,,
static,pyvrp,beeline-car-no-breaks-v2-strict-hd:all,all,PRIMARY,5.0,7,FEASIBLE,5202e910a4c9edb60825fd06043ce736b9d8ef99bab5c4e73d74042c6ccbb9ab,f6159e9e18b37f8c5797043ba58d636bc5f35a73eb7d274531466b83c3734f23,ee570c715a0df06f400a3815f8b508637698ad2fa314679ce6539656d9a9cfcf,2026-09-18T09:27:34.000932+00:00,results/raw/baseline-pyvrp-all-5s-7-2ac672e2beb75bab.json,100,100,0,203,0,100.0,26,983.998,1391.2166666666667,2071.616666666667,10820.0,15,0,432.3077777777778,485.45,660.1166666666667,512.3077777777778,740.1166666666667,5150.6320999997115,2.0769999991898658,5738.4625000004235,75.85546875,5390.625,203,15,,,,,,,,0.14.0,,,,81,5,0,STATIC_PRIMARY_FRESH_PROCESS,True,,,,,,,,,,
static,pyvrp,beeline-car-no-breaks-v2-strict-hd:all,all,PRIMARY,5.0,8,FEASIBLE,5202e910a4c9edb60825fd06043ce736b9d8ef99bab5c4e73d74042c6ccbb9ab,f6159e9e18b37f8c5797043ba58d636bc5f35a73eb7d274531466b83c3734f23,ee570c715a0df06f400a3815f8b508637698ad2fa314679ce6539656d9a9cfcf,2026-09-18T09:28:14.027045+00:00,results/raw/baseline-pyvrp-all-5s-8-59742488c2056a34.json,100,100,0,203,0,100.0,26,992.831,1422.9666666666667,1765.6166666666666,10820.0,15,0,398.70444444444445,463.73333333333335,688.0833333333334,478.70444444444445,768.0833333333334,5142.893799999911,1.7059000001609093,5670.916099999886,75.7265625,5531.25,203,15,,,,,,,,0.14.0,,,,81,5,0,STATIC_PRIMARY_FRESH_PROCESS,True,,,,,,,,,,
static,pyvrp,beeline-car-no-breaks-v2-strict-hd:all,all,PRIMARY,5.0,9,FEASIBLE,5202e910a4c9edb60825fd06043ce736b9d8ef99bab5c4e73d74042c6ccbb9ab,f6159e9e18b37f8c5797043ba58d636bc5f35a73eb7d274531466b83c3734f23,ee570c715a0df06f400a3815f8b508637698ad2fa314679ce6539656d9a9cfcf,2026-09-18T09:28:51.261860+00:00,results/raw/baseline-pyvrp-all-5s-9-e1de3fb55ab73640.json,100,100,0,203,0,100.0,25,1067.411,1502.0833333333333,2106.883333333333,10820.0,15,0,433.5622222222222,487.3833333333333,688.5333333333333,513.5622222222222,768.5333333333333,5149.353900000278,1.8137000006390736,5716.66069999992,76.015625,5531.25,203,15,,,,,,,,0.14.0,,,,81,5,0,STATIC_PRIMARY_FRESH_PROCESS,True,,,,,,,,,,
static,pyvrp,beeline-car-no-breaks-v2-strict-hd:all,all,PRIMARY,5.0,10,FEASIBLE,5202e910a4c9edb60825fd06043ce736b9d8ef99bab5c4e73d74042c6ccbb9ab,f6159e9e18b37f8c5797043ba58d636bc5f35a73eb7d274531466b83c3734f23,ee570c715a0df06f400a3815f8b508637698ad2fa314679ce6539656d9a9cfcf,2026-09-18T09:29:48.762609+00:00,results/raw/baseline-pyvrp-all-5s-10-5ae35ac6a204b02a.json,100,100,0,203,0,100.0,25,995.432,1412.45,1656.2,10820.0,15,0,453.8488888888889,497.55,660.1166666666667,533.8488888888888,740.1166666666667,5140.705400000115,1.7798000008042436,5658.631899999818,74.5859375,5531.25,203,15,,,,,,,,0.14.0,,,,81,5,0,STATIC_PRIMARY_FRESH_PROCESS,True,,,,,,,,,,
static,pyvrp,beeline-car-no-breaks-v2-strict-hd:all,all,PRIMARY,15.0,1,FEASIBLE,5202e910a4c9edb60825fd06043ce736b9d8ef99bab5c4e73d74042c6ccbb9ab,f6159e9e18b37f8c5797043ba58d636bc5f35a73eb7d274531466b83c3734f23,ee570c715a0df06f400a3815f8b508637698ad2fa314679ce6539656d9a9cfcf,2026-09-18T05:59:39.046142+00:00,results/raw/baseline-pyvrp-all-15s-1-15919ef2343eee38.json,100,100,0,203,0,100.0,25,1089.219,1509.1,2106.9333333333334,10820.0,15,0,418.5622222222222,497.8833333333333,660.1166666666667,498.5622222222222,740.1166666666667,15270.559300000059,3.1587999999374006,16112.368099999912,72.890625,14718.75,203,15,,,,,,,,0.14.0,,,,81,5,0,STATIC_PRIMARY_FRESH_PROCESS,True,,,,,,,,,,
static,pyvrp,beeline-car-no-breaks-v2-strict-hd:all,all,PRIMARY,15.0,2,FEASIBLE,5202e910a4c9edb60825fd06043ce736b9d8ef99bab5c4e73d74042c6ccbb9ab,f6159e9e18b37f8c5797043ba58d636bc5f35a73eb7d274531466b83c3734f23,ee570c715a0df06f400a3815f8b508637698ad2fa314679ce6539656d9a9cfcf,2026-09-18T09:30:39.911829+00:00,results/raw/baseline-pyvrp-all-15s-2-00500edc48e4c6bb.json,100,100,0,203,0,100.0,25,948.676,1378.2833333333333,1968.9666666666667,10820.0,15,0,387.49888888888887,427.25,689.3666666666667,467.49888888888887,769.3666666666667,15169.50530000031,1.6598999991401797,15785.342700000001,73.81640625,15406.25,203,15,,,,,,,,0.14.0,,,,81,5,0,STATIC_PRIMARY_FRESH_PROCESS,True,,,,,,,,,,
static,pyvrp,beeline-car-no-breaks-v2-strict-hd:all,all,PRIMARY,15.0,3,FEASIBLE,5202e910a4c9edb60825fd06043ce736b9d8ef99bab5c4e73d74042c6ccbb9ab,f6159e9e18b37f8c5797043ba58d636bc5f35a73eb7d274531466b83c3734f23,ee570c715a0df06f400a3815f8b508637698ad2fa314679ce6539656d9a9cfcf,2026-09-18T09:32:19.228988+00:00,results/raw/baseline-pyvrp-all-15s-3-684a03cae3ff2b3e.json,100,100,0,203,0,100.0,25,947.316,1373.3666666666666,1975.3833333333334,10820.0,15,0,380.85555555555555,427.35,690.3333333333334,460.85555555555555,770.3333333333334,15195.333499999833,2.7663000000757165,16046.413500000199,74.890625,15609.375,203,15,,,,,,,,0.14.0,,,,81,5,0,STATIC_PRIMARY_FRESH_PROCESS,True,,,,,,,,,,
static,pyvrp,beeline-car-no-breaks-v2-strict-hd:all,all,PRIMARY,15.0,4,FEASIBLE,5202e910a4c9edb60825fd06043ce736b9d8ef99bab5c4e73d74042c6ccbb9ab,f6159e9e18b37f8c5797043ba58d636bc5f35a73eb7d274531466b83c3734f23,ee570c715a0df06f400a3815f8b508637698ad2fa314679ce6539656d9a9cfcf,2026-09-18T09:34:27.690511+00:00,results/raw/baseline-pyvrp-all-15s-4-b51535a87c8b87ee.json,100,100,0,203,0,100.0,24,1048.981,1474.3666666666666,1576.2833333333333,10820.0,15,0,452.6644444444444,497.55,660.1166666666667,532.6644444444445,740.1166666666667,15147.137899999507,2.5002999991556862,15740.898699999889,73.8203125,15187.5,203,15,,,,,,,,0.14.0,,,,81,5,0,STATIC_PRIMARY_FRESH_PROCESS,True,,,,,,,,,,
static,pyvrp,beeline-car-no-breaks-v2-strict-hd:all,all,PRIMARY,15.0,5,FEASIBLE,5202e910a4c9edb60825fd06043ce736b9d8ef99bab5c4e73d74042c6ccbb9ab,f6159e9e18b37f8c5797043ba58d636bc5f35a73eb7d274531466b83c3734f23,ee570c715a0df06f400a3815f8b508637698ad2fa314679ce6539656d9a9cfcf,2026-09-18T09:35:25.938625+00:00,results/raw/baseline-pyvrp-all-15s-5-e1cc9871ca2d0790.json,100,100,0,203,0,100.0,24,1020.833,1434.8333333333333,1693.8,10820.0,15,0,439.48777777777775,474.15,692.1666666666666,519.4877777777778,772.1666666666666,15228.128200000356,2.6085000008606585,15842.43620000052,73.828125,15390.625,203,15,,,,,,,,0.14.0,,,,81,5,0,STATIC_PRIMARY_FRESH_PROCESS,True,,,,,,,,,,
static,pyvrp,beeline-car-no-breaks-v2-strict-hd:all,all,PRIMARY,15.0,6,FEASIBLE,5202e910a4c9edb60825fd06043ce736b9d8ef99bab5c4e73d74042c6ccbb9ab,f6159e9e18b37f8c5797043ba58d636bc5f35a73eb7d274531466b83c3734f23,ee570c715a0df06f400a3815f8b508637698ad2fa314679ce6539656d9a9cfcf,2026-09-18T09:37:26.759219+00:00,results/raw/baseline-pyvrp-all-15s-6-9b76dd48fc71b919.json,100,100,0,203,0,100.0,24,1040.588,1463.2833333333333,1627.8833333333334,10820.0,15,0,410.03555555555556,485.45,657.9333333333333,490.03555555555556,737.9333333333333,15160.154699999111,2.030600000580307,15721.712900000057,75.22265625,15375.0,203,15,,,,,,,,0.14.0,,,,81,5,0,STATIC_PRIMARY_FRESH_PROCESS,True,,,,,,,,,,
static,pyvrp,beeline-car-no-breaks-v2-strict-hd:all,all,PRIMARY,15.0,7,FEASIBLE,5202e910a4c9edb60825fd06043ce736b9d8ef99bab5c4e73d74042c6ccbb9ab,f6159e9e18b37f8c5797043ba58d636bc5f35a73eb7d274531466b83c3734f23,ee570c715a0df06f400a3815f8b508637698ad2fa314679ce6539656d9a9cfcf,2026-09-18T09:38:22.059383+00:00,results/raw/baseline-pyvrp-all-15s-7-67360016703ad6fe.json,100,100,0,203,0,100.0,25,1013.487,1424.5,2118.9666666666667,10820.0,15,0,417.92111111111114,452.2,660.1166666666667,497.92111111111114,740.1166666666667,15157.955399999992,1.8287000002601417,15752.466100000674,75.9765625,15406.25,203,15,,,,,,,,0.14.0,,,,81,5,0,STATIC_PRIMARY_FRESH_PROCESS,True,,,,,,,,,,
static,pyvrp,beeline-car-no-breaks-v2-strict-hd:all,all,PRIMARY,15.0,8,FEASIBLE,5202e910a4c9edb60825fd06043ce736b9d8ef99bab5c4e73d74042c6ccbb9ab,f6159e9e18b37f8c5797043ba58d636bc5f35a73eb7d274531466b83c3734f23,ee570c715a0df06f400a3815f8b508637698ad2fa314679ce6539656d9a9cfcf,2026-09-18T09:39:58.452864+00:00,results/raw/baseline-pyvrp-all-15s-8-14d792d9325ddea5.json,100,100,0,203,0,100.0,25,1082.866,1511.25,1416.9833333333333,10820.0,15,0,356.69,404.4,603.25,436.69,683.25,15145.194300001094,1.6725999994378071,15671.499899999617,75.4296875,15500.0,203,15,,,,,,,,0.14.0,,,,81,5,0,STATIC_PRIMARY_FRESH_PROCESS,True,,,,,,,,,,
static,pyvrp,beeline-car-no-breaks-v2-strict-hd:all,all,PRIMARY,15.0,9,FEASIBLE,5202e910a4c9edb60825fd06043ce736b9d8ef99bab5c4e73d74042c6ccbb9ab,f6159e9e18b37f8c5797043ba58d636bc5f35a73eb7d274531466b83c3734f23,ee570c715a0df06f400a3815f8b508637698ad2fa314679ce6539656d9a9cfcf,2026-09-18T09:41:51.204565+00:00,results/raw/baseline-pyvrp-all-15s-9-db317a1a26c47ed0.json,100,100,0,203,0,100.0,24,1068.276,1492.9333333333334,1419.2333333333333,10820.0,15,0,442.6477777777778,494.51666666666665,674.6833333333333,522.6477777777777,754.6833333333333,15142.133499999545,2.50170000072103,15710.418700000446,75.625,15421.875,203,15,,,,,,,,0.14.0,,,,81,5,0,STATIC_PRIMARY_FRESH_PROCESS,True,,,,,,,,,,
static,pyvrp,beeline-car-no-breaks-v2-strict-hd:all,all,PRIMARY,15.0,10,FEASIBLE,5202e910a4c9edb60825fd06043ce736b9d8ef99bab5c4e73d74042c6ccbb9ab,f6159e9e18b37f8c5797043ba58d636bc5f35a73eb7d274531466b83c3734f23,ee570c715a0df06f400a3815f8b508637698ad2fa314679ce6539656d9a9cfcf,2026-09-18T09:43:55.698393+00:00,results/raw/baseline-pyvrp-all-15s-10-98fd4578986919eb.json,100,100,0,203,0,100.0,24,1008.175,1424.5833333333333,1558.1,10820.0,15,0,399.90444444444444,485.45,660.1166666666667,479.90444444444444,740.1166666666667,15143.60940000006,2.8354999994917307,15658.758499999749,74.26953125,15328.125,203,15,,,,,,,,0.14.0,,,,81,5,0,STATIC_PRIMARY_FRESH_PROCESS,True,,,,,,,,,,
static,pyvrp,beeline-car-no-breaks-v2-strict-hd:all,all,PRIMARY,60.0,1,FEASIBLE,5202e910a4c9edb60825fd06043ce736b9d8ef99bab5c4e73d74042c6ccbb9ab,f6159e9e18b37f8c5797043ba58d636bc5f35a73eb7d274531466b83c3734f23,ee570c715a0df06f400a3815f8b508637698ad2fa314679ce6539656d9a9cfcf,2026-09-18T06:03:58.740517+00:00,results/raw/baseline-pyvrp-all-60s-1-2e2fad5cd292ad15.json,100,100,0,203,0,100.0,23,1040.44,1505.05,1024.1666666666667,10820.0,15,0,416.69444444444446,463.05,691.4666666666667,496.69444444444446,771.4666666666667,60215.66040000016,1.8072000000302069,60899.60819999987,72.89453125,59187.5,203,15,,,,,,,,0.14.0,,,,81,5,0,STATIC_PRIMARY_FRESH_PROCESS,True,,,,,,,,,,
static,pyvrp,beeline-car-no-breaks-v2-strict-hd:all,all,PRIMARY,60.0,2,FEASIBLE,5202e910a4c9edb60825fd06043ce736b9d8ef99bab5c4e73d74042c6ccbb9ab,f6159e9e18b37f8c5797043ba58d636bc5f35a73eb7d274531466b83c3734f23,ee570c715a0df06f400a3815f8b508637698ad2fa314679ce6539656d9a9cfcf,2026-09-18T09:45:37.359802+00:00,results/raw/baseline-pyvrp-all-60s-2-1bc64828fa84f049.json,100,100,0,203,0,100.0,22,1078.087,1543.1333333333334,1095.7,10820.0,15,0,414.5311111111111,490.56666666666666,688.35,494.5311111111111,768.35,60133.603199999925,2.0451000000321073,60672.36109999976,73.9453125,60062.5,203,15,,,,,,,,0.14.0,,,,81,5,0,STATIC_PRIMARY_FRESH_PROCESS,True,,,,,,,,,,
static,pyvrp,beeline-car-no-breaks-v2-strict-hd:all,all,PRIMARY,60.0,3,FEASIBLE,5202e910a4c9edb60825fd06043ce736b9d8ef99bab5c4e73d74042c6ccbb9ab,f6159e9e18b37f8c5797043ba58d636bc5f35a73eb7d274531466b83c3734f23,ee570c715a0df06f400a3815f8b508637698ad2fa314679ce6539656d9a9cfcf,2026-09-18T09:52:05.024712+00:00,results/raw/baseline-pyvrp-all-60s-3-35d198c68e7ad560.json,100,100,0,203,0,100.0,23,1028.189,1481.8,939.6166666666667,10820.0,15,0,382.1,427.01666666666665,690.3333333333334,462.1,770.3333333333334,60147.76990000064,3.5248999993200414,60721.76480000053,75.24609375,52828.125,203,15,,,,,,,,0.14.0,,,,81,5,0,STATIC_PRIMARY_FRESH_PROCESS,True,,,,,,,,,,
static,pyvrp,beeline-car-no-breaks-v2-strict-hd:all,all,PRIMARY,60.0,4,FEASIBLE,5202e910a4c9edb60825fd06043ce736b9d8ef99bab5c4e73d74042c6ccbb9ab,f6159e9e18b37f8c5797043ba58d636bc5f35a73eb7d274531466b83c3734f23,ee570c715a0df06f400a3815f8b508637698ad2fa314679ce6539656d9a9cfcf,2026-09-18T09:56:12.572986+00:00,results/raw/baseline-pyvrp-all-60s-4-2af8627b968a73f2.json,100,100,0,203,0,100.0,23,1089.512,1531.2166666666667,1053.95,10820.0,15,0,407.65555555555557,497.55,660.1166666666667,487.65555555555557,740.1166666666667,60194.486599999436,3.090399999564397,60826.99990000037,73.8203125,59015.625,203,15,,,,,,,,0.14.0,,,,81,5,0,STATIC_PRIMARY_FRESH_PROCESS,True,,,,,,,,,,
static,pyvrp,beeline-car-no-breaks-v2-strict-hd:all,all,PRIMARY,60.0,5,FEASIBLE,5202e910a4c9edb60825fd06043ce736b9d8ef99bab5c4e73d74042c6ccbb9ab,f6159e9e18b37f8c5797043ba58d636bc5f35a73eb7d274531466b83c3734f23,ee570c715a0df06f400a3815f8b508637698ad2fa314679ce6539656d9a9cfcf,2026-09-18T10:00:35.078624+00:00,results/raw/baseline-pyvrp-all-60s-5-1ae27dc789a5e6c7.json,100,100,0,203,0,100.0,23,1123.12,1551.75,1193.5666666666666,10820.0,15,0,480.36,498.4,692.1666666666666,560.36,772.1666666666666,60134.7509999996,1.7571999997016974,60676.015000000916,73.7109375,60031.25,203,15,,,,,,,,0.14.0,,,,81,5,0,STATIC_PRIMARY_FRESH_PROCESS,True,,,,,,,,,,
static,pyvrp,beeline-car-no-breaks-v2-strict-hd:all,all,PRIMARY,60.0,6,FEASIBLE,5202e910a4c9edb60825fd06043ce736b9d8ef99bab5c4e73d74042c6ccbb9ab,f6159e9e18b37f8c5797043ba58d636bc5f35a73eb7d274531466b83c3734f23,ee570c715a0df06f400a3815f8b508637698ad2fa314679ce6539656d9a9cfcf,2026-09-18T10:09:17.609335+00:00,results/raw/baseline-pyvrp-all-60s-6-1f174cf5622fca6a.json,100,100,0,203,0,100.0,23,1100.765,1547.7166666666667,1201.95,10820.0,15,0,502.4411111111111,498.48333333333335,673.8166666666667,582.4411111111111,753.8166666666667,60154.75789999982,1.4004999993630918,60728.86860000108,75.21875,59171.875,203,15,,,,,,,,0.14.0,,,,81,5,0,STATIC_PRIMARY_FRESH_PROCESS,True,,,,,,,,,,
static,pyvrp,beeline-car-no-breaks-v2-strict-hd:all,all,PRIMARY,60.0,7,FEASIBLE,5202e910a4c9edb60825fd06043ce736b9d8ef99bab5c4e73d74042c6ccbb9ab,f6159e9e18b37f8c5797043ba58d636bc5f35a73eb7d274531466b83c3734f23,ee570c715a0df06f400a3815f8b508637698ad2fa314679ce6539656d9a9cfcf,2026-09-18T10:12:19.892101+00:00,results/raw/baseline-pyvrp-all-60s-7-e6e5eeec0c5a4573.json,100,100,0,203,0,100.0,21,1158.594,1635.5833333333333,579.5166666666667,10820.0,15,0,464.30333333333334,506.81666666666666,697.2833333333333,544.3033333333334,777.2833333333333,60144.88319999873,2.1778999998787185,60721.82249999969,76.52734375,59546.875,203,15,,,,,,,,0.14.0,,,,81,5,0,STATIC_PRIMARY_FRESH_PROCESS,True,,,,,,,,,,
static,pyvrp,beeline-car-no-breaks-v2-strict-hd:all,all,PRIMARY,300.0,1,FEASIBLE,5202e910a4c9edb60825fd06043ce736b9d8ef99bab5c4e73d74042c6ccbb9ab,f6159e9e18b37f8c5797043ba58d636bc5f35a73eb7d274531466b83c3734f23,ee570c715a0df06f400a3815f8b508637698ad2fa314679ce6539656d9a9cfcf,2026-09-18T06:21:46.302086+00:00,results/raw/baseline-pyvrp-all-300s-1-f65ffce50ea33fd0.json,100,100,0,203,0,100.0,21,1055.115,1518.4,690.6333333333333,10820.0,15,0,457.5233333333333,487.68333333333334,689.3666666666667,537.5233333333333,769.3666666666667,300206.7777000002,1.795399999991787,300958.1162000004,73.109375,294625.0,203,15,,,,,,,,0.14.0,,,,81,5,0,STATIC_PRIMARY_FRESH_PROCESS,True,,,,,,,,,,
static,pyvrp,beeline-car-no-breaks-v2-strict-hd:east,east,PRIMARY,1.0,1,FEASIBLE,5202e910a4c9edb60825fd06043ce736b9d8ef99bab5c4e73d74042c6ccbb9ab,f6159e9e18b37f8c5797043ba58d636bc5f35a73eb7d274531466b83c3734f23,ee570c715a0df06f400a3815f8b508637698ad2fa314679ce6539656d9a9cfcf,2026-09-18T05:52:53.399827+00:00,results/raw/baseline-pyvrp-east-1s-1-84566de18bc3c76d.json,100,100,0,66,0,100.0,8,243.402,404.31666666666666,801.9333333333333,3560.0,3,0,323.3,392.8666666666667,567.5333333333333,403.3,647.5333333333333,1041.1243000000923,0.9829000000536325,2019.0918999999212,52.81640625,1734.375,66,3,,,,,,,,0.14.0,,,,81,5,0,STATIC_PRIMARY_FRESH_PROCESS,True,,,,,,,,,,
static,pyvrp,beeline-car-no-breaks-v2-strict-hd:east,east,PRIMARY,5.0,1,FEASIBLE,5202e910a4c9edb60825fd06043ce736b9d8ef99bab5c4e73d74042c6ccbb9ab,f6159e9e18b37f8c5797043ba58d636bc5f35a73eb7d274531466b83c3734f23,ee570c715a0df06f400a3815f8b508637698ad2fa314679ce6539656d9a9cfcf,2026-09-18T05:52:55.510050+00:00,results/raw/baseline-pyvrp-east-5s-1-0da527513510a955.json,100,100,0,66,0,100.0,8,221.118,375.96666666666664,586.4833333333333,3560.0,3,0,306.3277777777778,329.45,494.51666666666665,386.3277777777778,574.5166666666667,5034.692899999982,0.6091999998716346,5661.2098000000515,53.51953125,5453.125,66,3,,,,,,,,0.14.0,,,,81,5,0,STATIC_PRIMARY_FRESH_PROCESS,True,,,,,,,,,,
static,pyvrp,beeline-car-no-breaks-v2-strict-hd:exact-10,exact-10,PRIMARY,15.0,1,FEASIBLE,5202e910a4c9edb60825fd06043ce736b9d8ef99bab5c4e73d74042c6ccbb9ab,f6159e9e18b37f8c5797043ba58d636bc5f35a73eb7d274531466b83c3734f23,ee570c715a0df06f400a3815f8b508637698ad2fa314679ce6539656d9a9cfcf,2026-09-18T08:47:56.605452+00:00,results/raw/baseline-pyvrp-exact-10-15s-1-5cb9c997cf69790b.json,100,100,0,10,0,100.0,4,190.527,187.51666666666668,714.2166666666667,490.0,0,0,,,,,,15013.761000000159,0.20140000015089754,16034.935800000312,54.09375,14609.375,10,0,,,,,,,,0.14.0,,,,81,5,0,STATIC_PRIMARY_FRESH_PROCESS,True,,,,,,,,,,
static,pyvrp,beeline-car-no-breaks-v2-strict-hd:exact-15,exact-15,PRIMARY,15.0,1,FEASIBLE,5202e910a4c9edb60825fd06043ce736b9d8ef99bab5c4e73d74042c6ccbb9ab,f6159e9e18b37f8c5797043ba58d636bc5f35a73eb7d274531466b83c3734f23,ee570c715a0df06f400a3815f8b508637698ad2fa314679ce6539656d9a9cfcf,2026-09-18T08:50:45.670348+00:00,results/raw/baseline-pyvrp-exact-15-15s-1-3c1a02ea8af5b237.json,100,100,0,15,0,100.0,5,260.101,260.5833333333333,729.1666666666666,680.0,0,0,,,,,,15010.92990000052,0.4371999993963982,16206.722199999604,54.4765625,12781.25,15,0,,,,,,,,0.14.0,,,,81,5,0,STATIC_PRIMARY_FRESH_PROCESS,True,,,,,,,,,,
static,pyvrp,beeline-car-no-breaks-v2-strict-hd:exact-20,exact-20,PRIMARY,15.0,1,FEASIBLE,5202e910a4c9edb60825fd06043ce736b9d8ef99bab5c4e73d74042c6ccbb9ab,f6159e9e18b37f8c5797043ba58d636bc5f35a73eb7d274531466b83c3734f23,ee570c715a0df06f400a3815f8b508637698ad2fa314679ce6539656d9a9cfcf,2026-09-18T08:51:40.693912+00:00,results/raw/baseline-pyvrp-exact-20-15s-1-d4865d807821b11e.json,100,100,0,20,0,100.0,6,279.202,298.3333333333333,878.2,960.0,0,0,,,,,,15020.67420000003,0.33229999917239184,15875.576899999942,55.55859375,14765.625,20,0,,,,,,,,0.14.0,,,,81,5,0,STATIC_PRIMARY_FRESH_PROCESS,True,,,,,,,,,,
static,pyvrp,beeline-car-no-breaks-v2-strict-hd:exact-5,exact-5,PRIMARY,15.0,1,FEASIBLE,5202e910a4c9edb60825fd06043ce736b9d8ef99bab5c4e73d74042c6ccbb9ab,f6159e9e18b37f8c5797043ba58d636bc5f35a73eb7d274531466b83c3734f23,ee570c715a0df06f400a3815f8b508637698ad2fa314679ce6539656d9a9cfcf,2026-09-18T08:46:30.988909+00:00,results/raw/baseline-pyvrp-exact-5-15s-1-a8a52bdd959cfdab.json,100,100,0,5,0,100.0,2,116.674,108.58333333333333,163.08333333333334,310.0,0,0,,,,,,15009.110200000578,0.4324000001361128,15958.071800000653,51.84765625,14968.75,5,0,,,,,,,,0.14.0,,,,81,5,0,STATIC_PRIMARY_FRESH_PROCESS,True,,,,,,,,,,
static,pyvrp,beeline-car-no-breaks-v2-strict-hd:southcentral,southcentral,PRIMARY,1.0,1,FEASIBLE,5202e910a4c9edb60825fd06043ce736b9d8ef99bab5c4e73d74042c6ccbb9ab,f6159e9e18b37f8c5797043ba58d636bc5f35a73eb7d274531466b83c3734f23,ee570c715a0df06f400a3815f8b508637698ad2fa314679ce6539656d9a9cfcf,2026-09-18T05:45:21.651272+00:00,results/raw/baseline-pyvrp-southcentral-1s-1-298eda95c31fd919.json,100,100,0,56,0,100.0,6,207.875,352.7,594.2166666666667,2830.0,0,0,,,,,,1018.6568999999963,0.4445999999234118,1567.2098999999662,52.62890625,1484.375,56,0,,,,,,,,0.14.0,,,,81,5,0,STATIC_PRIMARY_FRESH_PROCESS,True,,,,,,,,,,
static,pyvrp,beeline-car-no-breaks-v2-strict-hd:southcentral,southcentral,PRIMARY,5.0,1,FEASIBLE,5202e910a4c9edb60825fd06043ce736b9d8ef99bab5c4e73d74042c6ccbb9ab,f6159e9e18b37f8c5797043ba58d636bc5f35a73eb7d274531466b83c3734f23,ee570c715a0df06f400a3815f8b508637698ad2fa314679ce6539656d9a9cfcf,2026-09-18T05:45:53.196247+00:00,results/raw/baseline-pyvrp-southcentral-5s-1-a4b0b6326b0510d2.json,100,100,0,56,0,100.0,5,283.361,461.5833333333333,178.75,2830.0,0,0,,,,,,5020.77769999994,0.4151999999066902,5539.912500000014,52.58984375,5312.5,56,0,,,,,,,,0.14.0,,,,81,5,0,STATIC_PRIMARY_FRESH_PROCESS,True,,,,,,,,,,
static,pyvrp,beeline-car-no-breaks-v2-strict-hd:southeast,southeast,PRIMARY,1.0,1,FEASIBLE,5202e910a4c9edb60825fd06043ce736b9d8ef99bab5c4e73d74042c6ccbb9ab,f6159e9e18b37f8c5797043ba58d636bc5f35a73eb7d274531466b83c3734f23,ee570c715a0df06f400a3815f8b508637698ad2fa314679ce6539656d9a9cfcf,2026-09-18T05:53:01.305313+00:00,results/raw/baseline-pyvrp-southeast-1s-1-187101333072cbf1.json,100,100,0,81,0,100.0,10,588.545,713.9166666666666,292.28333333333336,4430.0,12,0,499.8666666666667,506.425,660.1166666666667,579.8666666666667,740.1166666666667,1035.1458000000093,0.6292999999004678,1639.9606999998468,54.3359375,1484.375,81,12,,,,,,,,0.14.0,,,,81,5,0,STATIC_PRIMARY_FRESH_PROCESS,True,,,,,,,,,,
static,pyvrp,beeline-car-no-breaks-v2-strict-hd:southeast,southeast,PRIMARY,5.0,1,FEASIBLE,5202e910a4c9edb60825fd06043ce736b9d8ef99bab5c4e73d74042c6ccbb9ab,f6159e9e18b37f8c5797043ba58d636bc5f35a73eb7d274531466b83c3734f23,ee570c715a0df06f400a3815f8b508637698ad2fa314679ce6539656d9a9cfcf,2026-09-18T05:53:03.107343+00:00,results/raw/baseline-pyvrp-southeast-5s-1-2d564f2fdf061d56.json,100,100,0,81,0,100.0,10,526.174,655.2166666666667,321.48333333333335,4430.0,12,0,438.48333333333335,486.09999999999997,699.15,518.4833333333333,779.15,5041.262299999971,0.9463999999752559,5669.411000000082,54.8046875,5437.5,81,12,,,,,,,,0.14.0,,,,81,5,0,STATIC_PRIMARY_FRESH_PROCESS,True,,,,,,,,,,
static,scip,beeline-car-no-breaks-v2-strict-hd:all,all,PRIMARY,1.0,1,FEASIBLE,0ecd1eb65e663c73d656dc64116d3380ae6fc22e6ec47e4e79351e0060f2ed51,f6159e9e18b37f8c5797043ba58d636bc5f35a73eb7d274531466b83c3734f23,ee570c715a0df06f400a3815f8b508637698ad2fa314679ce6539656d9a9cfcf,2026-09-18T05:40:45.349257+00:00,results/raw/baseline-scip-all-1s-1-74078e2ea9f81da5.json,100,0,0,0,203,0.0,0,0.0,0.0,0.0,0.0,0,15,,,,,,1539.680800000042,0.23539999995136895,2294.1670999999815,232.203125,2156.25,203,15,,,,,,,,10.0.2,-1e+20,,,239,3,0,STATIC_PRIMARY_FRESH_PROCESS,True,,,,,,,,,,
static,scip,beeline-car-no-breaks-v2-strict-hd:all,all,PRIMARY,5.0,1,FEASIBLE,0ecd1eb65e663c73d656dc64116d3380ae6fc22e6ec47e4e79351e0060f2ed51,f6159e9e18b37f8c5797043ba58d636bc5f35a73eb7d274531466b83c3734f23,ee570c715a0df06f400a3815f8b508637698ad2fa314679ce6539656d9a9cfcf,2026-09-18T05:41:55.817267+00:00,results/raw/baseline-scip-all-5s-1-9e9a4e6e5032743a.json,100,0,0,0,203,0.0,0,0.0,0.0,0.0,0.0,0,15,,,,,,6073.431099999993,0.26749999994990503,6905.436399999985,343.7109375,6734.375,203,15,,,,,,,,10.0.2,-1e+20,,,239,3,0,STATIC_PRIMARY_FRESH_PROCESS,True,,,,,,,,,,
static,scip,beeline-car-no-breaks-v2-strict-hd:all,all,PRIMARY,15.0,1,FEASIBLE,3f78321ca01a84846439931507cec34f341821bd1ccf2d71e430c1187229fd8d,f6159e9e18b37f8c5797043ba58d636bc5f35a73eb7d274531466b83c3734f23,ee570c715a0df06f400a3815f8b508637698ad2fa314679ce6539656d9a9cfcf,2026-09-18T06:01:03.708341+00:00,results/raw/baseline-scip-all-15s-1-076c55df04de9426.json,100,0,0,0,203,0.0,0,0.0,0.0,0.0,0.0,0,15,,,,,,16273.57169999982,0.27709999994840473,17665.320099999917,365.046875,14875.0,203,15,,,,,,,,10.0.2,-1e+20,,,239,3,0,STATIC_PRIMARY_FRESH_PROCESS,True,,,,,,,,,,
static,scip,beeline-car-no-breaks-v2-strict-hd:all,all,PRIMARY,60.0,1,FEASIBLE,3f78321ca01a84846439931507cec34f341821bd1ccf2d71e430c1187229fd8d,f6159e9e18b37f8c5797043ba58d636bc5f35a73eb7d274531466b83c3734f23,ee570c715a0df06f400a3815f8b508637698ad2fa314679ce6539656d9a9cfcf,2026-09-18T06:09:09.455513+00:00,results/raw/baseline-scip-all-60s-1-ae15644fc93a8a0b.json,100,0,0,29,174,14.285714285714286,18,223.173,321.8666666666667,6388.133333333333,1180.0,0,15,,,,,,60441.527699999824,0.5774000001110835,61545.961499999976,533.9921875,59859.375,203,15,,,,,,,,10.0.2,72540502.43582153,0.9995179123532054,,239,3,0,STATIC_PRIMARY_FRESH_PROCESS,True,,,,,,,,,,
static,scip,beeline-car-no-breaks-v2-strict-hd:all,all,PRIMARY,300.0,1,FEASIBLE,3f78321ca01a84846439931507cec34f341821bd1ccf2d71e430c1187229fd8d,f6159e9e18b37f8c5797043ba58d636bc5f35a73eb7d274531466b83c3734f23,ee570c715a0df06f400a3815f8b508637698ad2fa314679ce6539656d9a9cfcf,2026-09-18T06:46:56.922607+00:00,results/raw/baseline-scip-all-300s-1-3d378c1085e8a688.json,100,0,0,29,174,14.285714285714286,18,223.173,321.8666666666667,6388.133333333333,1180.0,0,15,,,,,,300969.2312999996,0.6353999997372739,302039.5654999993,536.1015625,295609.375,203,15,,,,,,,,10.0.2,72540502.43582153,0.9995179123532054,,239,3,0,STATIC_PRIMARY_FRESH_PROCESS,True,,,,,,,,,,
static,scip,beeline-car-no-breaks-v2-strict-hd:east,east,PRIMARY,1.0,1,FEASIBLE,0ecd1eb65e663c73d656dc64116d3380ae6fc22e6ec47e4e79351e0060f2ed51,f6159e9e18b37f8c5797043ba58d636bc5f35a73eb7d274531466b83c3734f23,ee570c715a0df06f400a3815f8b508637698ad2fa314679ce6539656d9a9cfcf,2026-09-18T05:42:33.172192+00:00,results/raw/baseline-scip-east-1s-1-35be4bea73c377a4.json,100,0,0,0,66,0.0,0,0.0,0.0,0.0,0.0,0,3,,,,,,714.9703000000045,0.10369999995418766,1163.0310000000463,133.9453125,1046.875,66,3,,,,,,,,10.0.2,-1e+20,,,239,3,0,STATIC_PRIMARY_FRESH_PROCESS,True,,,,,,,,,,
static,scip,beeline-car-no-breaks-v2-strict-hd:east,east,PRIMARY,5.0,1,FEASIBLE,0ecd1eb65e663c73d656dc64116d3380ae6fc22e6ec47e4e79351e0060f2ed51,f6159e9e18b37f8c5797043ba58d636bc5f35a73eb7d274531466b83c3734f23,ee570c715a0df06f400a3815f8b508637698ad2fa314679ce6539656d9a9cfcf,2026-09-18T05:43:25.016622+00:00,results/raw/baseline-scip-east-5s-1-96a9dfa00e3463fb.json,100,0,0,0,66,0.0,0,0.0,0.0,0.0,0.0,0,3,,,,,,4858.423199999947,0.12870000000475557,5385.7772999999725,136.484375,5140.625,66,3,,,,,,,,10.0.2,-1e+20,,,239,3,0,STATIC_PRIMARY_FRESH_PROCESS,True,,,,,,,,,,
static,scip,beeline-car-no-breaks-v2-strict-hd:exact-10,exact-10,PRIMARY,15.0,1,OPTIMAL,3f78321ca01a84846439931507cec34f341821bd1ccf2d71e430c1187229fd8d,f6159e9e18b37f8c5797043ba58d636bc5f35a73eb7d274531466b83c3734f23,ee570c715a0df06f400a3815f8b508637698ad2fa314679ce6539656d9a9cfcf,2026-09-18T08:48:48.513351+00:00,results/raw/baseline-scip-exact-10-15s-1-c9f1d58f3cbccda9.json,100,100,0,10,0,100.0,4,190.527,187.51666666666668,1892.4833333333333,490.0,0,0,,,,,,313.79699999979493,0.19840000004478497,1042.0626999994056,59.8203125,859.375,10,0,,,,,,,,10.0.2,4910291.0,0.0,,239,3,0,STATIC_PRIMARY_FRESH_PROCESS,True,,,,,,,,,,
static,scip,beeline-car-no-breaks-v2-strict-hd:exact-15,exact-15,PRIMARY,15.0,1,OPTIMAL,3f78321ca01a84846439931507cec34f341821bd1ccf2d71e430c1187229fd8d,f6159e9e18b37f8c5797043ba58d636bc5f35a73eb7d274531466b83c3734f23,ee570c715a0df06f400a3815f8b508637698ad2fa314679ce6539656d9a9cfcf,2026-09-18T08:50:44.262065+00:00,results/raw/baseline-scip-exact-15-15s-1-ef993ff693b14cb5.json,100,100,0,15,0,100.0,5,260.101,260.5833333333333,2319.4166666666665,680.0,0,0,,,,,,337.32680000048276,0.3220999997211038,1127.323499999875,60.8046875,796.875,15,0,,,,,,,,10.0.2,9109656.0,0.0,,239,3,0,STATIC_PRIMARY_FRESH_PROCESS,True,,,,,,,,,,
static,scip,beeline-car-no-breaks-v2-strict-hd:exact-20,exact-20,PRIMARY,15.0,1,OPTIMAL,3f78321ca01a84846439931507cec34f341821bd1ccf2d71e430c1187229fd8d,f6159e9e18b37f8c5797043ba58d636bc5f35a73eb7d274531466b83c3734f23,ee570c715a0df06f400a3815f8b508637698ad2fa314679ce6539656d9a9cfcf,2026-09-18T08:53:44.811939+00:00,results/raw/baseline-scip-exact-20-15s-1-0423c76335dde999.json,100,100,0,20,0,100.0,6,279.202,298.3333333333333,2612.5666666666666,960.0,0,0,,,,,,513.4835999997449,0.45959999988554046,1225.399599999946,69.9140625,968.75,20,0,,,,,,,,10.0.2,14438488.0,0.0,,239,3,0,STATIC_PRIMARY_FRESH_PROCESS,True,,,,,,,,,,
static,scip,beeline-car-no-breaks-v2-strict-hd:exact-20,exact-20,PRIMARY,60.0,1,OPTIMAL,3f78321ca01a84846439931507cec34f341821bd1ccf2d71e430c1187229fd8d,f6159e9e18b37f8c5797043ba58d636bc5f35a73eb7d274531466b83c3734f23,ee570c715a0df06f400a3815f8b508637698ad2fa314679ce6539656d9a9cfcf,2026-09-18T08:53:46.596131+00:00,results/raw/baseline-scip-exact-20-60s-1-ca49572a6dfbeecc.json,100,100,0,20,0,100.0,6,279.202,298.3333333333333,2612.5666666666666,960.0,0,0,,,,,,445.87999999930616,0.3270999995947932,1107.1885999999722,71.3828125,921.875,20,0,,,,,,,,10.0.2,14438488.0,0.0,,239,3,0,STATIC_PRIMARY_FRESH_PROCESS,True,,,,,,,,,,
static,scip,beeline-car-no-breaks-v2-strict-hd:exact-5,exact-5,PRIMARY,15.0,1,OPTIMAL,3f78321ca01a84846439931507cec34f341821bd1ccf2d71e430c1187229fd8d,f6159e9e18b37f8c5797043ba58d636bc5f35a73eb7d274531466b83c3734f23,ee570c715a0df06f400a3815f8b508637698ad2fa314679ce6539656d9a9cfcf,2026-09-18T08:46:29.910713+00:00,results/raw/baseline-scip-exact-5-15s-1-8c201c28aa59664a.json,100,100,0,5,0,100.0,2,116.674,108.58333333333333,561.4166666666666,310.0,0,0,,,,,,262.5570999998672,0.16790000063338084,911.736999999448,62.859375,687.5,5,0,,,,,,,,10.0.2,1296616.0,0.0,,239,3,0,STATIC_PRIMARY_FRESH_PROCESS,True,,,,,,,,,,
static,scip,beeline-car-no-breaks-v2-strict-hd:southcentral,southcentral,PRIMARY,1.0,1,FEASIBLE,0ecd1eb65e663c73d656dc64116d3380ae6fc22e6ec47e4e79351e0060f2ed51,f6159e9e18b37f8c5797043ba58d636bc5f35a73eb7d274531466b83c3734f23,ee570c715a0df06f400a3815f8b508637698ad2fa314679ce6539656d9a9cfcf,2026-09-18T05:45:34.809568+00:00,results/raw/baseline-scip-southcentral-1s-1-175d392d46d74c4b.json,100,0,0,0,56,0.0,0,0.0,0.0,0.0,0.0,0,0,,,,,,1082.0737999999892,0.10239999994610116,1547.9317000000492,115.27734375,1359.375,56,0,,,,,,,,10.0.2,-1e+20,,,239,3,0,STATIC_PRIMARY_FRESH_PROCESS,True,,,,,,,,,,
static,scip,beeline-car-no-breaks-v2-strict-hd:southcentral,southcentral,PRIMARY,5.0,1,FEASIBLE,0ecd1eb65e663c73d656dc64116d3380ae6fc22e6ec47e4e79351e0060f2ed51,f6159e9e18b37f8c5797043ba58d636bc5f35a73eb7d274531466b83c3734f23,ee570c715a0df06f400a3815f8b508637698ad2fa314679ce6539656d9a9cfcf,2026-09-18T05:46:25.578804+00:00,results/raw/baseline-scip-southcentral-5s-1-495b65bf4bc892fb.json,100,0,0,14,42,25.0,8,95.314,150.06666666666666,2789.9333333333334,620.0,0,0,,,,,,5318.811799999935,0.2881999999999607,5817.589100000077,187.79296875,5578.125,56,0,,,,,,,,10.0.2,13445243.298044205,0.9960259030992048,,239,3,0,STATIC_PRIMARY_FRESH_PROCESS,True,,,,,,,,,,
static,scip,beeline-car-no-breaks-v2-strict-hd:southeast,southeast,PRIMARY,1.0,1,FEASIBLE,0ecd1eb65e663c73d656dc64116d3380ae6fc22e6ec47e4e79351e0060f2ed51,f6159e9e18b37f8c5797043ba58d636bc5f35a73eb7d274531466b83c3734f23,ee570c715a0df06f400a3815f8b508637698ad2fa314679ce6539656d9a9cfcf,2026-09-18T05:43:59.824870+00:00,results/raw/baseline-scip-southeast-1s-1-29d44221cc969b92.json,100,0,0,0,81,0.0,0,0.0,0.0,0.0,0.0,0,12,,,,,,1286.0048999999663,0.14429999998810672,1864.221499999985,204.2109375,1765.625,81,12,,,,,,,,10.0.2,-1e+20,,,239,3,0,STATIC_PRIMARY_FRESH_PROCESS,True,,,,,,,,,,
static,scip,beeline-car-no-breaks-v2-strict-hd:southeast,southeast,PRIMARY,5.0,1,FEASIBLE,0ecd1eb65e663c73d656dc64116d3380ae6fc22e6ec47e4e79351e0060f2ed51,f6159e9e18b37f8c5797043ba58d636bc5f35a73eb7d274531466b83c3734f23,ee570c715a0df06f400a3815f8b508637698ad2fa314679ce6539656d9a9cfcf,2026-09-18T05:45:00.629214+00:00,results/raw/baseline-scip-southeast-5s-1-ffbe135b3ea2f85d.json,100,0,0,0,81,0.0,0,0.0,0.0,0.0,0.0,0,12,,,,,,5174.735899999973,0.20900000004075991,5998.1133,214.6328125,5671.875,81,12,,,,,,,,10.0.2,-1e+20,,,239,3,0,STATIC_PRIMARY_FRESH_PROCESS,True,,,,,,,,,,
static,timefold,beeline-car-no-breaks-v2-strict-hd:all,all,PRIMARY,1.0,1,FEASIBLE,0af1862a10bec66d3cf0fc94d3a66a3c74022c8b040347638c078e0acd6e4cfd,f6159e9e18b37f8c5797043ba58d636bc5f35a73eb7d274531466b83c3734f23,ee570c715a0df06f400a3815f8b508637698ad2fa314679ce6539656d9a9cfcf,2026-09-18T05:40:32.707464+00:00,results/raw/baseline-timefold-all-1s-1-c7d9f86f279b0af7.json,100,0,0,136,67,66.99507389162562,21,1328.218,1566.6,3648.366666666667,7310.0,8,7,373.79583333333335,460.3666666666667,605.9666666666667,453.79583333333335,685.9666666666667,2509.207100000026,1.1346000000003187,2828.0582000000436,168.80078125,5015.625,203,15,,,,,,,,2.6.0,,,,355,3,0,STATIC_PRIMARY_FRESH_PROCESS,True,,,,,,,,,,
static,timefold,beeline-car-no-breaks-v2-strict-hd:all,all,PRIMARY,1.0,2,FEASIBLE,0af1862a10bec66d3cf0fc94d3a66a3c74022c8b040347638c078e0acd6e4cfd,f6159e9e18b37f8c5797043ba58d636bc5f35a73eb7d274531466b83c3734f23,ee570c715a0df06f400a3815f8b508637698ad2fa314679ce6539656d9a9cfcf,2026-09-18T09:19:57.668874+00:00,results/raw/baseline-timefold-all-1s-2-bc9f10400b6e2a10.json,100,0,0,130,73,64.03940886699507,21,1306.519,1531.6666666666667,4109.9,6880.0,3,12,373.0111111111111,510.9166666666667,605.9666666666667,453.0111111111111,685.9666666666667,2605.8132999996815,1.1320000003252062,2941.888899999867,196.82421875,5750.0,203,15,,,,,,,,2.6.0,,,,355,3,0,STATIC_PRIMARY_FRESH_PROCESS,True,,,,,,,,,,
static,timefold,beeline-car-no-breaks-v2-strict-hd:all,all,PRIMARY,1.0,3,FEASIBLE,0af1862a10bec66d3cf0fc94d3a66a3c74022c8b040347638c078e0acd6e4cfd,f6159e9e18b37f8c5797043ba58d636bc5f35a73eb7d274531466b83c3734f23,ee570c715a0df06f400a3815f8b508637698ad2fa314679ce6539656d9a9cfcf,2026-09-18T09:20:18.553600+00:00,results/raw/baseline-timefold-all-1s-3-727ebc95dd1208ca.json,100,0,0,126,77,62.06896551724138,19,1179.176,1417.4833333333333,3924.0833333333335,6760.0,3,12,373.0111111111111,510.9166666666667,605.9666666666667,453.0111111111111,685.9666666666667,2377.8309999997873,1.3310999993336736,2649.0319999993517,197.68359375,6031.25,203,15,,,,,,,,2.6.0,,,,355,3,0,STATIC_PRIMARY_FRESH_PROCESS,True,,,,,,,,,,
static,timefold,beeline-car-no-breaks-v2-strict-hd:all,all,PRIMARY,1.0,4,FEASIBLE,0af1862a10bec66d3cf0fc94d3a66a3c74022c8b040347638c078e0acd6e4cfd,f6159e9e18b37f8c5797043ba58d636bc5f35a73eb7d274531466b83c3734f23,ee570c715a0df06f400a3815f8b508637698ad2fa314679ce6539656d9a9cfcf,2026-09-18T09:21:02.110773+00:00,results/raw/baseline-timefold-all-1s-4-fa1e9d3d7d33e49e.json,100,0,0,129,74,63.54679802955665,20,1202.313,1450.0166666666667,4011.55,6850.0,3,12,373.0111111111111,510.9166666666667,605.9666666666667,453.0111111111111,685.9666666666667,2553.478499999983,1.5045000000100117,2896.97520000027,162.578125,5312.5,203,15,,,,,,,,2.6.0,,,,355,3,0,STATIC_PRIMARY_FRESH_PROCESS,True,,,,,,,,,,
static,timefold,beeline-car-no-breaks-v2-strict-hd:all,all,PRIMARY,1.0,5,FEASIBLE,0af1862a10bec66d3cf0fc94d3a66a3c74022c8b040347638c078e0acd6e4cfd,f6159e9e18b37f8c5797043ba58d636bc5f35a73eb7d274531466b83c3734f23,ee570c715a0df06f400a3815f8b508637698ad2fa314679ce6539656d9a9cfcf,2026-09-18T09:21:18.385390+00:00,results/raw/baseline-timefold-all-1s-5-6d998d70bea20344.json,100,0,0,117,86,57.635467980295566,19,1119.873,1342.7,3876.7166666666667,6490.0,3,12,373.0111111111111,510.9166666666667,605.9666666666667,453.0111111111111,685.9666666666667,3198.371500000576,1.7329000002064276,3652.227900000071,200.890625,7218.75,203,15,,,,,,,,2.6.0,,,,355,3,0,STATIC_PRIMARY_FRESH_PROCESS,True,,,,,,,,,,
static,timefold,beeline-car-no-breaks-v2-strict-hd:all,all,PRIMARY,1.0,6,FEASIBLE,0af1862a10bec66d3cf0fc94d3a66a3c74022c8b040347638c078e0acd6e4cfd,f6159e9e18b37f8c5797043ba58d636bc5f35a73eb7d274531466b83c3734f23,ee570c715a0df06f400a3815f8b508637698ad2fa314679ce6539656d9a9cfcf,2026-09-18T09:21:46.352806+00:00,results/raw/baseline-timefold-all-1s-6-2845b69d7cb3c151.json,100,0,0,128,75,63.05418719211823,20,1198.462,1445.25,4046.3166666666666,6820.0,3,12,373.0111111111111,510.9166666666667,605.9666666666667,453.0111111111111,685.9666666666667,2372.447500000817,1.1661999997159,2705.873199999587,204.84375,5687.5,203,15,,,,,,,,2.6.0,,,,355,3,0,STATIC_PRIMARY_FRESH_PROCESS,True,,,,,,,,,,
static,timefold,beeline-car-no-breaks-v2-strict-hd:all,all,PRIMARY,1.0,7,FEASIBLE,0af1862a10bec66d3cf0fc94d3a66a3c74022c8b040347638c078e0acd6e4cfd,f6159e9e18b37f8c5797043ba58d636bc5f35a73eb7d274531466b83c3734f23,ee570c715a0df06f400a3815f8b508637698ad2fa314679ce6539656d9a9cfcf,2026-09-18T09:21:55.506242+00:00,results/raw/baseline-timefold-all-1s-7-3f3c87b9068dbd9c.json,100,0,0,130,73,64.03940886699507,21,1306.519,1531.6666666666667,4109.9,6880.0,3,12,373.0111111111111,510.9166666666667,605.9666666666667,453.0111111111111,685.9666666666667,2520.112000000154,1.152199999523873,2872.576700000536,167.50390625,5531.25,203,15,,,,,,,,2.6.0,,,,355,3,0,STATIC_PRIMARY_FRESH_PROCESS,True,,,,,,,,,,
static,timefold,beeline-car-no-breaks-v2-strict-hd:all,all,PRIMARY,1.0,8,FEASIBLE,0af1862a10bec66d3cf0fc94d3a66a3c74022c8b040347638c078e0acd6e4cfd,f6159e9e18b37f8c5797043ba58d636bc5f35a73eb7d274531466b83c3734f23,ee570c715a0df06f400a3815f8b508637698ad2fa314679ce6539656d9a9cfcf,2026-09-18T09:22:31.550618+00:00,results/raw/baseline-timefold-all-1s-8-9ef19bb3af80c631.json,100,0,0,128,75,63.05418719211823,20,1198.462,1445.25,4046.3166666666666,6820.0,3,12,373.0111111111111,510.9166666666667,605.9666666666667,453.0111111111111,685.9666666666667,2484.197500000846,1.3335000003280584,2785.0610000004963,180.4375,6062.5,203,15,,,,,,,,2.6.0,,,,355,3,0,STATIC_PRIMARY_FRESH_PROCESS,True,,,,,,,,,,
static,timefold,beeline-car-no-breaks-v2-strict-hd:all,all,PRIMARY,1.0,9,FEASIBLE,0af1862a10bec66d3cf0fc94d3a66a3c74022c8b040347638c078e0acd6e4cfd,f6159e9e18b37f8c5797043ba58d636bc5f35a73eb7d274531466b83c3734f23,ee570c715a0df06f400a3815f8b508637698ad2fa314679ce6539656d9a9cfcf,2026-09-18T09:22:50.672761+00:00,results/raw/baseline-timefold-all-1s-9-cc636afd0ed4ff7c.json,100,0,0,124,79,61.083743842364534,19,1173.205,1409.65,3957.883333333333,6700.0,3,12,373.0111111111111,510.9166666666667,605.9666666666667,453.0111111111111,685.9666666666667,2392.6963000003525,1.1394999992262456,2674.1406999999526,201.69140625,5781.25,203,15,,,,,,,,2.6.0,,,,355,3,0,STATIC_PRIMARY_FRESH_PROCESS,True,,,,,,,,,,
static,timefold,beeline-car-no-breaks-v2-strict-hd:all,all,PRIMARY,1.0,10,FEASIBLE,0af1862a10bec66d3cf0fc94d3a66a3c74022c8b040347638c078e0acd6e4cfd,f6159e9e18b37f8c5797043ba58d636bc5f35a73eb7d274531466b83c3734f23,ee570c715a0df06f400a3815f8b508637698ad2fa314679ce6539656d9a9cfcf,2026-09-18T09:22:55.915615+00:00,results/raw/baseline-timefold-all-1s-10-fc47c3482060c904.json,100,0,0,121,82,59.60591133004926,19,1165.023,1395.0333333333333,4022.4666666666667,6610.0,3,12,373.0111111111111,510.9166666666667,605.9666666666667,453.0111111111111,685.9666666666667,2367.493900000227,0.98230000003241,2678.2749000003605,184.19140625,6031.25,203,15,,,,,,,,2.6.0,,,,355,3,0,STATIC_PRIMARY_FRESH_PROCESS,True,,,,,,,,,,
static,timefold,beeline-car-no-breaks-v2-strict-hd:all,all,PRIMARY,5.0,1,FEASIBLE,0af1862a10bec66d3cf0fc94d3a66a3c74022c8b040347638c078e0acd6e4cfd,f6159e9e18b37f8c5797043ba58d636bc5f35a73eb7d274531466b83c3734f23,ee570c715a0df06f400a3815f8b508637698ad2fa314679ce6539656d9a9cfcf,2026-09-18T05:41:28.229638+00:00,results/raw/baseline-timefold-all-5s-1-3508c983b7ba5882.json,100,0,0,196,7,96.55172413793103,33,1990.905,2488.6,6490.583333333333,10570.0,14,1,410.04285714285714,480.98333333333335,665.3333333333334,490.04285714285714,745.3333333333334,6416.160300000001,1.206599999932223,6687.718399999994,180.5703125,10093.75,203,15,,,,,,,,2.6.0,,,,355,3,0,STATIC_PRIMARY_FRESH_PROCESS,True,,,,,,,,,,
static,timefold,beeline-car-no-breaks-v2-strict-hd:all,all,PRIMARY,5.0,2,FEASIBLE,0af1862a10bec66d3cf0fc94d3a66a3c74022c8b040347638c078e0acd6e4cfd,f6159e9e18b37f8c5797043ba58d636bc5f35a73eb7d274531466b83c3734f23,ee570c715a0df06f400a3815f8b508637698ad2fa314679ce6539656d9a9cfcf,2026-09-18T09:23:54.731401+00:00,results/raw/baseline-timefold-all-5s-2-288683683604f834.json,100,0,0,194,9,95.56650246305419,27,1685.951,2125.383333333333,4722.266666666666,10570.0,15,0,386.6411111111111,458.1166666666667,641.2666666666667,466.6411111111111,721.2666666666667,6306.410400000459,2.491399999598798,6597.683099999813,171.48828125,9687.5,203,15,,,,,,,,2.6.0,,,,355,3,0,STATIC_PRIMARY_FRESH_PROCESS,True,,,,,,,,,,
static,timefold,beeline-car-no-breaks-v2-strict-hd:all,all,PRIMARY,5.0,3,FEASIBLE,0af1862a10bec66d3cf0fc94d3a66a3c74022c8b040347638c078e0acd6e4cfd,f6159e9e18b37f8c5797043ba58d636bc5f35a73eb7d274531466b83c3734f23,ee570c715a0df06f400a3815f8b508637698ad2fa314679ce6539656d9a9cfcf,2026-09-18T09:24:33.094999+00:00,results/raw/baseline-timefold-all-5s-3-9cc39079f31f832c.json,100,0,0,195,8,96.05911330049261,27,1687.855,2127.9166666666665,4580.233333333334,10550.0,15,0,371.30111111111114,436.1,625.1166666666667,451.30111111111114,705.1166666666667,6311.503499999162,1.7741000001478824,6588.482300000578,172.84375,9843.75,203,15,,,,,,,,2.6.0,,,,355,3,0,STATIC_PRIMARY_FRESH_PROCESS,True,,,,,,,,,,
static,timefold,beeline-car-no-breaks-v2-strict-hd:all,all,PRIMARY,5.0,4,FEASIBLE,0af1862a10bec66d3cf0fc94d3a66a3c74022c8b040347638c078e0acd6e4cfd,f6159e9e18b37f8c5797043ba58d636bc5f35a73eb7d274531466b83c3734f23,ee570c715a0df06f400a3815f8b508637698ad2fa314679ce6539656d9a9cfcf,2026-09-18T09:24:51.416712+00:00,results/raw/baseline-timefold-all-5s-4-e8e415193a11f192.json,100,0,0,195,8,96.05911330049261,27,1758.099,2187.233333333333,4597.233333333334,10600.0,15,0,371.87,435.8,625.1166666666667,451.87,705.1166666666667,6330.477299999984,2.5906999999278923,6629.0498999997,176.0,9968.75,203,15,,,,,,,,2.6.0,,,,355,3,0,STATIC_PRIMARY_FRESH_PROCESS,True,,,,,,,,,,
static,timefold,beeline-car-no-breaks-v2-strict-hd:all,all,PRIMARY,5.0,5,FEASIBLE,0af1862a10bec66d3cf0fc94d3a66a3c74022c8b040347638c078e0acd6e4cfd,f6159e9e18b37f8c5797043ba58d636bc5f35a73eb7d274531466b83c3734f23,ee570c715a0df06f400a3815f8b508637698ad2fa314679ce6539656d9a9cfcf,2026-09-18T09:25:29.811091+00:00,results/raw/baseline-timefold-all-5s-5-bcb6eff2196c7495.json,100,0,0,194,9,95.56650246305419,27,1696.855,2139.266666666667,4698.466666666666,10570.0,15,0,393.56111111111113,466.78333333333336,649.9333333333333,473.56111111111113,729.9333333333333,6291.308400000162,2.1937999999863678,6585.1057999998375,179.72265625,9640.625,203,15,,,,,,,,2.6.0,,,,355,3,0,STATIC_PRIMARY_FRESH_PROCESS,True,,,,,,,,,,
static,timefold,beeline-car-no-breaks-v2-strict-hd:all,all,PRIMARY,5.0,6,FEASIBLE,0af1862a10bec66d3cf0fc94d3a66a3c74022c8b040347638c078e0acd6e4cfd,f6159e9e18b37f8c5797043ba58d636bc5f35a73eb7d274531466b83c3734f23,ee570c715a0df06f400a3815f8b508637698ad2fa314679ce6539656d9a9cfcf,2026-09-18T09:26:20.723704+00:00,results/raw/baseline-timefold-all-5s-6-750b4aac1a61c107.json,100,0,0,194,9,95.56650246305419,27,1688.251,2128.2833333333333,4612.6,10570.0,15,0,371.9866666666667,434.03333333333336,630.9833333333333,451.9866666666667,710.9833333333333,6324.126200000137,2.007400000366033,6629.381900000226,167.51171875,9937.5,203,15,,,,,,,,2.6.0,,,,355,3,0,STATIC_PRIMARY_FRESH_PROCESS,True,,,,,,,,,,
static,timefold,beeline-car-no-breaks-v2-strict-hd:all,all,PRIMARY,5.0,7,FEASIBLE,0af1862a10bec66d3cf0fc94d3a66a3c74022c8b040347638c078e0acd6e4cfd,f6159e9e18b37f8c5797043ba58d636bc5f35a73eb7d274531466b83c3734f23,ee570c715a0df06f400a3815f8b508637698ad2fa314679ce6539656d9a9cfcf,2026-09-18T09:27:11.625275+00:00,results/raw/baseline-timefold-all-5s-7-0ddb1d2903a34a5a.json,100,0,0,194,9,95.56650246305419,27,1691.796,2128.633333333333,4753.2,10520.0,15,0,373.9666666666667,435.8,649.3666666666667,453.96666666666664,729.3666666666667,6538.954900000135,3.7784000005558482,6916.244099999858,171.578125,9453.125,203,15,,,,,,,,2.6.0,,,,355,3,0,STATIC_PRIMARY_FRESH_PROCESS,True,,,,,,,,,,
static,timefold,beeline-car-no-breaks-v2-strict-hd:all,all,PRIMARY,5.0,8,FEASIBLE,0af1862a10bec66d3cf0fc94d3a66a3c74022c8b040347638c078e0acd6e4cfd,f6159e9e18b37f8c5797043ba58d636bc5f35a73eb7d274531466b83c3734f23,ee570c715a0df06f400a3815f8b508637698ad2fa314679ce6539656d9a9cfcf,2026-09-18T09:28:07.242646+00:00,results/raw/baseline-timefold-all-5s-8-efce4dfd622ae323.json,100,0,0,195,8,96.05911330049261,27,1702.273,2154.2166666666667,4691.25,10600.0,15,0,427.13888888888886,510.9166666666667,625.1166666666667,507.13888888888886,705.1166666666667,6302.564699999493,1.9867999999405583,6624.7717999995075,175.77734375,10125.0,203,15,,,,,,,,2.6.0,,,,355,3,0,STATIC_PRIMARY_FRESH_PROCESS,True,,,,,,,,,,
static,timefold,beeline-car-no-breaks-v2-strict-hd:all,all,PRIMARY,5.0,9,FEASIBLE,0af1862a10bec66d3cf0fc94d3a66a3c74022c8b040347638c078e0acd6e4cfd,f6159e9e18b37f8c5797043ba58d636bc5f35a73eb7d274531466b83c3734f23,ee570c715a0df06f400a3815f8b508637698ad2fa314679ce6539656d9a9cfcf,2026-09-18T09:28:44.553376+00:00,results/raw/baseline-timefold-all-5s-9-d7403733de0f72bc.json,100,0,0,195,8,96.05911330049261,27,1704.926,2148.516666666667,4675.3,10590.0,15,0,372.2611111111111,435.8,630.9833333333333,452.2611111111111,710.9833333333333,6266.281199999867,2.3022000004857546,6554.680299999745,180.2578125,10296.875,203,15,,,,,,,,2.6.0,,,,355,3,0,STATIC_PRIMARY_FRESH_PROCESS,True,,,,,,,,,,
static,timefold,beeline-car-no-breaks-v2-strict-hd:all,all,PRIMARY,5.0,10,FEASIBLE,0af1862a10bec66d3cf0fc94d3a66a3c74022c8b040347638c078e0acd6e4cfd,f6159e9e18b37f8c5797043ba58d636bc5f35a73eb7d274531466b83c3734f23,ee570c715a0df06f400a3815f8b508637698ad2fa314679ce6539656d9a9cfcf,2026-09-18T09:29:28.341508+00:00,results/raw/baseline-timefold-all-5s-10-ba4174dce7a6fc0b.json,100,0,0,194,9,95.56650246305419,27,1687.136,2124.6,4687.45,10570.0,15,0,375.98,435.6166666666667,657.9,455.98,737.9,6315.373999999792,1.9376000000193017,6590.213800000129,203.7734375,10921.875,203,15,,,,,,,,2.6.0,,,,355,3,0,STATIC_PRIMARY_FRESH_PROCESS,True,,,,,,,,,,
static,timefold,beeline-car-no-breaks-v2-strict-hd:all,all,PRIMARY,15.0,1,FEASIBLE,0af1862a10bec66d3cf0fc94d3a66a3c74022c8b040347638c078e0acd6e4cfd,f6159e9e18b37f8c5797043ba58d636bc5f35a73eb7d274531466b83c3734f23,ee570c715a0df06f400a3815f8b508637698ad2fa314679ce6539656d9a9cfcf,2026-09-18T05:59:55.411474+00:00,results/raw/baseline-timefold-all-15s-1-65998931e4f97b71.json,100,0,0,196,7,96.55172413793103,32,2001.168,2497.883333333333,6233.283333333334,10570.0,14,1,410.175,480.98333333333335,665.3333333333334,490.175,745.3333333333334,16857.508800000003,2.654299999903742,17291.54470000003,162.94140625,20750.0,203,15,,,,,,,,2.6.0,,,,355,3,0,STATIC_PRIMARY_FRESH_PROCESS,True,,,,,,,,,,
static,timefold,beeline-car-no-breaks-v2-strict-hd:all,all,PRIMARY,15.0,2,FEASIBLE,0af1862a10bec66d3cf0fc94d3a66a3c74022c8b040347638c078e0acd6e4cfd,f6159e9e18b37f8c5797043ba58d636bc5f35a73eb7d274531466b83c3734f23,ee570c715a0df06f400a3815f8b508637698ad2fa314679ce6539656d9a9cfcf,2026-09-18T09:30:55.845268+00:00,results/raw/baseline-timefold-all-15s-2-626db556095ef764.json,100,0,0,197,6,97.04433497536945,35,2152.673,2561.8333333333335,7923.233333333334,10570.0,15,0,395.38888888888886,452.6166666666667,673.15,475.38888888888886,753.15,16284.360099999503,2.2603999996135826,16582.60280000013,184.98046875,20093.75,203,15,,,,,,,,2.6.0,,,,355,3,0,STATIC_PRIMARY_FRESH_PROCESS,True,,,,,,,,,,
static,timefold,beeline-car-no-breaks-v2-strict-hd:all,all,PRIMARY,15.0,3,FEASIBLE,0af1862a10bec66d3cf0fc94d3a66a3c74022c8b040347638c078e0acd6e4cfd,f6159e9e18b37f8c5797043ba58d636bc5f35a73eb7d274531466b83c3734f23,ee570c715a0df06f400a3815f8b508637698ad2fa314679ce6539656d9a9cfcf,2026-09-18T09:31:54.349651+00:00,results/raw/baseline-timefold-all-15s-3-3479e036c88a143f.json,100,0,0,196,7,96.55172413793103,33,1982.244,2439.0833333333335,7184.166666666667,10540.0,15,0,363.6455555555556,437.1,642.9166666666666,443.6455555555556,722.9166666666666,16345.561399999497,2.0325000004959293,16664.355599999908,202.71484375,21875.0,203,15,,,,,,,,2.6.0,,,,355,3,0,STATIC_PRIMARY_FRESH_PROCESS,True,,,,,,,,,,
static,timefold,beeline-car-no-breaks-v2-strict-hd:all,all,PRIMARY,15.0,4,FEASIBLE,0af1862a10bec66d3cf0fc94d3a66a3c74022c8b040347638c078e0acd6e4cfd,f6159e9e18b37f8c5797043ba58d636bc5f35a73eb7d274531466b83c3734f23,ee570c715a0df06f400a3815f8b508637698ad2fa314679ce6539656d9a9cfcf,2026-09-18T09:34:10.777264+00:00,results/raw/baseline-timefold-all-15s-4-1a03abd9f336f54b.json,100,0,0,197,6,97.04433497536945,34,2225.407,2674.383333333333,7465.316666666667,10480.0,15,0,398.9788888888889,487.28333333333336,674.7666666666667,478.9788888888889,754.7666666666667,16450.074000000313,2.7473999998619547,16808.500400000412,181.76171875,21468.75,203,15,,,,,,,,2.6.0,,,,355,3,0,STATIC_PRIMARY_FRESH_PROCESS,True,,,,,,,,,,
static,timefold,beeline-car-no-breaks-v2-strict-hd:all,all,PRIMARY,15.0,5,FEASIBLE,0af1862a10bec66d3cf0fc94d3a66a3c74022c8b040347638c078e0acd6e4cfd,f6159e9e18b37f8c5797043ba58d636bc5f35a73eb7d274531466b83c3734f23,ee570c715a0df06f400a3815f8b508637698ad2fa314679ce6539656d9a9cfcf,2026-09-18T09:36:14.500906+00:00,results/raw/baseline-timefold-all-15s-5-ea35b9b9a0b06ab8.json,100,0,0,197,6,97.04433497536945,34,2593.285,2964.8333333333335,7129.25,10460.0,15,0,386.8666666666667,395.75,695.0333333333333,466.8666666666667,775.0333333333333,16413.84839999955,2.5057000002561836,16729.60620000049,181.23046875,20937.5,203,15,,,,,,,,2.6.0,,,,355,3,0,STATIC_PRIMARY_FRESH_PROCESS,True,,,,,,,,,,
static,timefold,beeline-car-no-breaks-v2-strict-hd:all,all,PRIMARY,15.0,6,FEASIBLE,0af1862a10bec66d3cf0fc94d3a66a3c74022c8b040347638c078e0acd6e4cfd,f6159e9e18b37f8c5797043ba58d636bc5f35a73eb7d274531466b83c3734f23,ee570c715a0df06f400a3815f8b508637698ad2fa314679ce6539656d9a9cfcf,2026-09-18T09:37:10.024619+00:00,results/raw/baseline-timefold-all-15s-6-a3297e5c39f44635.json,100,0,0,197,6,97.04433497536945,30,1977.381,2419.1833333333334,5915.483333333334,10560.0,15,0,334.4888888888889,386.0833333333333,682.2,414.4888888888889,762.2,16283.308500000203,2.7726000007533003,16613.920400001007,203.07421875,21015.625,203,15,,,,,,,,2.6.0,,,,355,3,0,STATIC_PRIMARY_FRESH_PROCESS,True,,,,,,,,,,
static,timefold,beeline-car-no-breaks-v2-strict-hd:all,all,PRIMARY,15.0,7,FEASIBLE,0af1862a10bec66d3cf0fc94d3a66a3c74022c8b040347638c078e0acd6e4cfd,f6159e9e18b37f8c5797043ba58d636bc5f35a73eb7d274531466b83c3734f23,ee570c715a0df06f400a3815f8b508637698ad2fa314679ce6539656d9a9cfcf,2026-09-18T09:38:45.221174+00:00,results/raw/baseline-timefold-all-15s-7-7f860ed7fe083e62.json,100,0,0,196,7,96.55172413793103,27,1823.485,2276.883333333333,4780.2,10540.0,15,0,385.4411111111111,443.31666666666666,691.1833333333333,465.4411111111111,771.1833333333333,16247.314999998707,2.6049000007333234,16542.480300000534,187.4921875,20281.25,203,15,,,,,,,,2.6.0,,,,355,3,0,STATIC_PRIMARY_FRESH_PROCESS,True,,,,,,,,,,
static,timefold,beeline-car-no-breaks-v2-strict-hd:all,all,PRIMARY,15.0,8,FEASIBLE,0af1862a10bec66d3cf0fc94d3a66a3c74022c8b040347638c078e0acd6e4cfd,f6159e9e18b37f8c5797043ba58d636bc5f35a73eb7d274531466b83c3734f23,ee570c715a0df06f400a3815f8b508637698ad2fa314679ce6539656d9a9cfcf,2026-09-18T09:40:14.272496+00:00,results/raw/baseline-timefold-all-15s-8-2286403d59cb6921.json,100,0,0,196,7,96.55172413793103,31,1939.309,2432.0833333333335,6004.233333333334,10620.0,15,0,407.7111111111111,416.8,673.5833333333334,487.7111111111111,753.5833333333334,16248.022399999172,1.7292000011366326,16521.172900000238,197.28125,21250.0,203,15,,,,,,,,2.6.0,,,,355,3,0,STATIC_PRIMARY_FRESH_PROCESS,True,,,,,,,,,,
static,timefold,beeline-car-no-breaks-v2-strict-hd:all,all,PRIMARY,15.0,9,FEASIBLE,0af1862a10bec66d3cf0fc94d3a66a3c74022c8b040347638c078e0acd6e4cfd,f6159e9e18b37f8c5797043ba58d636bc5f35a73eb7d274531466b83c3734f23,ee570c715a0df06f400a3815f8b508637698ad2fa314679ce6539656d9a9cfcf,2026-09-18T09:41:34.464952+00:00,results/raw/baseline-timefold-all-15s-9-dce6c4abd6c27e9e.json,100,0,0,198,5,97.53694581280789,35,2484.313,2906.016666666667,7339.516666666666,10580.0,13,2,333.2269230769231,265.7,645.9666666666667,413.2269230769231,725.9666666666667,16262.688000000708,2.0476999998209067,16579.000099998666,190.234375,20671.875,203,15,,,,,,,,2.6.0,,,,355,3,0,STATIC_PRIMARY_FRESH_PROCESS,True,,,,,,,,,,
static,timefold,beeline-car-no-breaks-v2-strict-hd:all,all,PRIMARY,15.0,10,FEASIBLE,0af1862a10bec66d3cf0fc94d3a66a3c74022c8b040347638c078e0acd6e4cfd,f6159e9e18b37f8c5797043ba58d636bc5f35a73eb7d274531466b83c3734f23,ee570c715a0df06f400a3815f8b508637698ad2fa314679ce6539656d9a9cfcf,2026-09-18T09:44:11.516641+00:00,results/raw/baseline-timefold-all-15s-10-ad82eaa55b8bb8b5.json,100,0,0,196,7,96.55172413793103,34,2041.282,2497.05,7985.4,10620.0,15,0,443.60555555555555,499.05,697.6666666666666,523.6055555555556,777.6666666666666,16231.898399999409,2.8841000003012596,16533.834300000308,188.8671875,20156.25,203,15,,,,,,,,2.6.0,,,,355,3,0,STATIC_PRIMARY_FRESH_PROCESS,True,,,,,,,,,,
static,timefold,beeline-car-no-breaks-v2-strict-hd:all,all,PRIMARY,60.0,1,FEASIBLE,0af1862a10bec66d3cf0fc94d3a66a3c74022c8b040347638c078e0acd6e4cfd,f6159e9e18b37f8c5797043ba58d636bc5f35a73eb7d274531466b83c3734f23,ee570c715a0df06f400a3815f8b508637698ad2fa314679ce6539656d9a9cfcf,2026-09-18T06:04:59.848701+00:00,results/raw/baseline-timefold-all-60s-1-a6a5baa12dca76f2.json,100,0,0,200,3,98.52216748768473,35,2179.407,2605.1,8582.833333333334,10690.0,15,0,359.82,404.45,640.6666666666666,439.82,720.6666666666666,61584.66109999995,2.608099999861224,61938.732200000006,269.0,65593.75,203,15,,,,,,,,2.6.0,,,,355,3,0,STATIC_PRIMARY_FRESH_PROCESS,True,,,,,,,,,,
static,timefold,beeline-car-no-breaks-v2-strict-hd:all,all,PRIMARY,60.0,2,FEASIBLE,0af1862a10bec66d3cf0fc94d3a66a3c74022c8b040347638c078e0acd6e4cfd,f6159e9e18b37f8c5797043ba58d636bc5f35a73eb7d274531466b83c3734f23,ee570c715a0df06f400a3815f8b508637698ad2fa314679ce6539656d9a9cfcf,2026-09-18T09:44:35.412249+00:00,results/raw/baseline-timefold-all-60s-2-5b6e0cab3013b7de.json,100,0,0,199,4,98.0295566502463,34,2065.924,2497.1833333333334,8151.0,10660.0,15,0,364.9588888888889,420.1333333333333,602.1,444.9588888888889,682.1,61512.86789999904,2.9168999990361044,61798.89100000037,273.26953125,65578.125,203,15,,,,,,,,2.6.0,,,,355,3,0,STATIC_PRIMARY_FRESH_PROCESS,True,,,,,,,,,,
static,timefold,beeline-car-no-breaks-v2-strict-hd:all,all,PRIMARY,60.0,3,FEASIBLE,0af1862a10bec66d3cf0fc94d3a66a3c74022c8b040347638c078e0acd6e4cfd,f6159e9e18b37f8c5797043ba58d636bc5f35a73eb7d274531466b83c3734f23,ee570c715a0df06f400a3815f8b508637698ad2fa314679ce6539656d9a9cfcf,2026-09-18T09:53:06.077831+00:00,results/raw/baseline-timefold-all-60s-3-5619a3ae843d453a.json,100,0,0,199,4,98.0295566502463,34,2282.174,2687.8166666666666,7334.566666666667,10660.0,15,0,418.06111111111113,468.8666666666667,668.3,498.06111111111113,748.3,61784.690300000875,1.7328000012639677,62296.263700000054,255.7734375,62328.125,203,15,,,,,,,,2.6.0,,,,355,3,0,STATIC_PRIMARY_FRESH_PROCESS,True,,,,,,,,,,
static,timefold,beeline-car-no-breaks-v2-strict-hd:all,all,PRIMARY,60.0,4,FEASIBLE,0af1862a10bec66d3cf0fc94d3a66a3c74022c8b040347638c078e0acd6e4cfd,f6159e9e18b37f8c5797043ba58d636bc5f35a73eb7d274531466b83c3734f23,ee570c715a0df06f400a3815f8b508637698ad2fa314679ce6539656d9a9cfcf,2026-09-18T09:57:13.630378+00:00,results/raw/baseline-timefold-all-60s-4-9aa08b02165732ca.json,100,0,0,198,5,97.53694581280789,34,2357.116,2770.6833333333334,6924.5,10640.0,15,0,380.37666666666667,410.53333333333336,680.5666666666667,460.37666666666667,760.5666666666667,61598.646700000245,2.1541000005527167,61968.32549999999,275.046875,65562.5,203,15,,,,,,,,2.6.0,,,,355,3,0,STATIC_PRIMARY_FRESH_PROCESS,True,,,,,,,,,,
static,timefold,beeline-car-no-breaks-v2-strict-hd:all,all,PRIMARY,60.0,5,FEASIBLE,0af1862a10bec66d3cf0fc94d3a66a3c74022c8b040347638c078e0acd6e4cfd,f6159e9e18b37f8c5797043ba58d636bc5f35a73eb7d274531466b83c3734f23,ee570c715a0df06f400a3815f8b508637698ad2fa314679ce6539656d9a9cfcf,2026-09-18T10:04:53.246561+00:00,results/raw/baseline-timefold-all-60s-5-5b0378af6bdc265c.json,100,0,0,198,5,97.53694581280789,34,1902.387,2357.366666666667,8718.666666666666,10630.0,15,0,399.40555555555557,499.18333333333334,685.25,479.40555555555557,765.25,61276.59510000012,3.273099999205442,61565.65600000067,270.4765625,65515.625,203,15,,,,,,,,2.6.0,,,,355,3,0,STATIC_PRIMARY_FRESH_PROCESS,True,,,,,,,,,,
static,timefold,beeline-car-no-breaks-v2-strict-hd:all,all,PRIMARY,60.0,6,FEASIBLE,0af1862a10bec66d3cf0fc94d3a66a3c74022c8b040347638c078e0acd6e4cfd,f6159e9e18b37f8c5797043ba58d636bc5f35a73eb7d274531466b83c3734f23,ee570c715a0df06f400a3815f8b508637698ad2fa314679ce6539656d9a9cfcf,2026-09-18T10:06:56.852807+00:00,results/raw/baseline-timefold-all-60s-6-696929431b8df236.json,100,0,0,197,6,97.04433497536945,30,1977.381,2419.1833333333334,5915.483333333334,10560.0,15,0,334.4888888888889,386.0833333333333,682.2,414.4888888888889,762.2,61321.23610000053,1.8636999993759673,61628.13219999953,270.3671875,65625.0,203,15,,,,,,,,2.6.0,,,,355,3,0,STATIC_PRIMARY_FRESH_PROCESS,True,,,,,,,,,,
static,timefold,beeline-car-no-breaks-v2-strict-hd:all,all,PRIMARY,60.0,7,FEASIBLE,0af1862a10bec66d3cf0fc94d3a66a3c74022c8b040347638c078e0acd6e4cfd,f6159e9e18b37f8c5797043ba58d636bc5f35a73eb7d274531466b83c3734f23,ee570c715a0df06f400a3815f8b508637698ad2fa314679ce6539656d9a9cfcf,2026-09-18T10:14:28.509620+00:00,results/raw/baseline-timefold-all-60s-7-16a92e3ff757dc99.json,100,0,0,200,3,98.52216748768473,33,2166.471,2589.8333333333335,7559.183333333333,10640.0,14,1,362.98809523809524,416.08333333333337,627.6666666666666,442.98809523809524,707.6666666666666,61330.15979999982,2.204800000981777,61621.85649999992,273.91015625,64734.375,203,15,,,,,,,,2.6.0,,,,355,3,0,STATIC_PRIMARY_FRESH_PROCESS,True,,,,,,,,,,
static,timefold,beeline-car-no-breaks-v2-strict-hd:all,all,PRIMARY,300.0,1,FEASIBLE,0af1862a10bec66d3cf0fc94d3a66a3c74022c8b040347638c078e0acd6e4cfd,f6159e9e18b37f8c5797043ba58d636bc5f35a73eb7d274531466b83c3734f23,ee570c715a0df06f400a3815f8b508637698ad2fa314679ce6539656d9a9cfcf,2026-09-18T06:26:47.386792+00:00,results/raw/baseline-timefold-all-300s-1-b4c81bb2e81128c3.json,100,100,0,203,0,100.0,32,1987.117,2414.5,7310.35,10820.0,15,0,403.7677777777778,438.0833333333333,656.95,483.7677777777778,736.95,301408.8107000002,3.365300000041316,301750.3283000001,284.16015625,301250.0,203,15,,,,,,,,2.6.0,,,,355,3,0,STATIC_PRIMARY_FRESH_PROCESS,True,,,,,,,,,,
static,timefold,beeline-car-no-breaks-v2-strict-hd:east,east,PRIMARY,1.0,1,FEASIBLE,0af1862a10bec66d3cf0fc94d3a66a3c74022c8b040347638c078e0acd6e4cfd,f6159e9e18b37f8c5797043ba58d636bc5f35a73eb7d274531466b83c3734f23,ee570c715a0df06f400a3815f8b508637698ad2fa314679ce6539656d9a9cfcf,2026-09-18T05:42:21.942731+00:00,results/raw/baseline-timefold-east-1s-1-f5b484faae7df713.json,100,100,0,66,0,100.0,10,323.399,510.26666666666665,2385.016666666667,3560.0,3,0,417.0222222222222,576.9333333333333,671.9833333333333,497.02222222222224,751.9833333333333,2397.970799999939,1.0823999999729494,2662.729499999955,157.1640625,4968.75,66,3,,,,,,,,2.6.0,,,,355,3,0,STATIC_PRIMARY_FRESH_PROCESS,True,,,,,,,,,,
static,timefold,beeline-car-no-breaks-v2-strict-hd:east,east,PRIMARY,5.0,1,FEASIBLE,0af1862a10bec66d3cf0fc94d3a66a3c74022c8b040347638c078e0acd6e4cfd,f6159e9e18b37f8c5797043ba58d636bc5f35a73eb7d274531466b83c3734f23,ee570c715a0df06f400a3815f8b508637698ad2fa314679ce6539656d9a9cfcf,2026-09-18T05:42:57.264890+00:00,results/raw/baseline-timefold-east-5s-1-f7476fafe19f3028.json,100,100,0,66,0,100.0,10,323.399,510.26666666666665,2385.016666666667,3560.0,3,0,417.0222222222222,576.9333333333333,671.9833333333333,497.02222222222224,751.9833333333333,6376.131500000042,0.5831999999372783,6670.3553999999485,201.109375,10500.0,66,3,,,,,,,,2.6.0,,,,355,3,0,STATIC_PRIMARY_FRESH_PROCESS,True,,,,,,,,,,
static,timefold,beeline-car-no-breaks-v2-strict-hd:exact-10,exact-10,PRIMARY,15.0,1,FEASIBLE,0af1862a10bec66d3cf0fc94d3a66a3c74022c8b040347638c078e0acd6e4cfd,f6159e9e18b37f8c5797043ba58d636bc5f35a73eb7d274531466b83c3734f23,ee570c715a0df06f400a3815f8b508637698ad2fa314679ce6539656d9a9cfcf,2026-09-18T08:48:30.258251+00:00,results/raw/baseline-timefold-exact-10-15s-1-2c3b81627325b878.json,100,100,0,10,0,100.0,4,190.527,187.51666666666668,1672.4833333333333,490.0,0,0,,,,,,17543.551300000217,0.24819999998726416,18030.18559999964,273.61328125,22578.125,10,0,,,,,,,,2.6.0,,,,355,3,0,STATIC_PRIMARY_FRESH_PROCESS,True,,,,,,,,,,
static,timefold,beeline-car-no-breaks-v2-strict-hd:exact-15,exact-15,PRIMARY,15.0,1,FEASIBLE,0af1862a10bec66d3cf0fc94d3a66a3c74022c8b040347638c078e0acd6e4cfd,f6159e9e18b37f8c5797043ba58d636bc5f35a73eb7d274531466b83c3734f23,ee570c715a0df06f400a3815f8b508637698ad2fa314679ce6539656d9a9cfcf,2026-09-18T08:51:02.275316+00:00,results/raw/baseline-timefold-exact-15-15s-1-36c9e2e8b7a8b93e.json,100,100,0,15,0,100.0,6,191.764,204.01666666666668,2485.983333333333,680.0,0,0,,,,,,20639.202100000148,0.6253999999898952,21316.793799999687,279.62109375,23156.25,15,0,,,,,,,,2.6.0,,,,355,3,0,STATIC_PRIMARY_FRESH_PROCESS,True,,,,,,,,,,
static,timefold,beeline-car-no-breaks-v2-strict-hd:exact-20,exact-20,PRIMARY,15.0,1,FEASIBLE,0af1862a10bec66d3cf0fc94d3a66a3c74022c8b040347638c078e0acd6e4cfd,f6159e9e18b37f8c5797043ba58d636bc5f35a73eb7d274531466b83c3734f23,ee570c715a0df06f400a3815f8b508637698ad2fa314679ce6539656d9a9cfcf,2026-09-18T08:53:07.573515+00:00,results/raw/baseline-timefold-exact-20-15s-1-d44a76ab0e2b1084.json,100,100,0,20,0,100.0,7,223.687,254.93333333333334,2694.35,960.0,0,0,,,,,,17287.26479999932,0.46349999956873944,17741.634500000146,280.0546875,23093.75,20,0,,,,,,,,2.6.0,,,,355,3,0,STATIC_PRIMARY_FRESH_PROCESS,True,,,,,,,,,,
static,timefold,beeline-car-no-breaks-v2-strict-hd:exact-5,exact-5,PRIMARY,15.0,1,FEASIBLE,0af1862a10bec66d3cf0fc94d3a66a3c74022c8b040347638c078e0acd6e4cfd,f6159e9e18b37f8c5797043ba58d636bc5f35a73eb7d274531466b83c3734f23,ee570c715a0df06f400a3815f8b508637698ad2fa314679ce6539656d9a9cfcf,2026-09-18T08:47:21.684642+00:00,results/raw/baseline-timefold-exact-5-15s-1-3f6dba276811cb65.json,100,100,0,5,0,100.0,2,116.674,108.58333333333333,441.4166666666667,310.0,0,0,,,,,,17320.051600000625,0.22229999922274146,17724.446299999727,289.68359375,23328.125,5,0,,,,,,,,2.6.0,,,,355,3,0,STATIC_PRIMARY_FRESH_PROCESS,True,,,,,,,,,,
static,timefold,beeline-car-no-breaks-v2-strict-hd:southcentral,southcentral,PRIMARY,1.0,1,FEASIBLE,0af1862a10bec66d3cf0fc94d3a66a3c74022c8b040347638c078e0acd6e4cfd,f6159e9e18b37f8c5797043ba58d636bc5f35a73eb7d274531466b83c3734f23,ee570c715a0df06f400a3815f8b508637698ad2fa314679ce6539656d9a9cfcf,2026-09-18T05:45:23.432997+00:00,results/raw/baseline-timefold-southcentral-1s-1-df963505f2bba8bc.json,100,0,0,54,2,96.42857142857143,11,355.514,551.5666666666667,3557.7833333333333,2770.0,0,0,,,,,,2636.4360000000033,0.6045000000085565,3042.03009999992,163.57421875,5890.625,56,0,,,,,,,,2.6.0,,,,355,3,0,STATIC_PRIMARY_FRESH_PROCESS,True,,,,,,,,,,
static,timefold,beeline-car-no-breaks-v2-strict-hd:southcentral,southcentral,PRIMARY,5.0,1,FEASIBLE,0af1862a10bec66d3cf0fc94d3a66a3c74022c8b040347638c078e0acd6e4cfd,f6159e9e18b37f8c5797043ba58d636bc5f35a73eb7d274531466b83c3734f23,ee570c715a0df06f400a3815f8b508637698ad2fa314679ce6539656d9a9cfcf,2026-09-18T05:45:58.846505+00:00,results/raw/baseline-timefold-southcentral-5s-1-ff2a56b18897dcbd.json,100,100,0,56,0,100.0,8,248.025,410.18333333333334,2262.15,2830.0,0,0,,,,,,6371.164199999953,0.8126999999831241,6655.701800000088,189.984375,10890.625,56,0,,,,,,,,2.6.0,,,,355,3,0,STATIC_PRIMARY_FRESH_PROCESS,True,,,,,,,,,,
static,timefold,beeline-car-no-breaks-v2-strict-hd:southeast,southeast,PRIMARY,1.0,1,FEASIBLE,0af1862a10bec66d3cf0fc94d3a66a3c74022c8b040347638c078e0acd6e4cfd,f6159e9e18b37f8c5797043ba58d636bc5f35a73eb7d274531466b83c3734f23,ee570c715a0df06f400a3815f8b508637698ad2fa314679ce6539656d9a9cfcf,2026-09-18T05:43:47.596982+00:00,results/raw/baseline-timefold-southeast-1s-1-82a58e2d9e5e6412.json,100,0,0,78,3,96.29629629629629,11,1003.456,1084.7666666666667,1136.0333333333333,4340.0,12,0,376.0180555555556,410.8333333333333,649.8833333333333,456.0180555555556,729.8833333333333,2785.8635999999706,0.7072000000789558,3182.2007000000667,153.96875,5421.875,81,12,,,,,,,,2.6.0,,,,355,3,0,STATIC_PRIMARY_FRESH_PROCESS,True,,,,,,,,,,
static,timefold,beeline-car-no-breaks-v2-strict-hd:southeast,southeast,PRIMARY,5.0,1,FEASIBLE,0af1862a10bec66d3cf0fc94d3a66a3c74022c8b040347638c078e0acd6e4cfd,f6159e9e18b37f8c5797043ba58d636bc5f35a73eb7d274531466b83c3734f23,ee570c715a0df06f400a3815f8b508637698ad2fa314679ce6539656d9a9cfcf,2026-09-18T05:44:30.609453+00:00,results/raw/baseline-timefold-southeast-5s-1-ad9c9134a7bf6e4c.json,100,100,0,81,0,100.0,12,1454.728,1477.55,991.35,4430.0,12,0,389.9527777777778,435.01666666666665,687.5166666666667,469.9527777777778,767.5166666666667,7029.020599999967,1.154499999984182,7391.692199999966,201.80078125,13484.375,81,12,,,,,,,,2.6.0,,,,355,3,0,STATIC_PRIMARY_FRESH_PROCESS,True,,,,,,,,,,
static,vroom,beeline-car-no-breaks-v2-strict-hd:all,all,PRIMARY,1.0,1,FEASIBLE,7efb0276744e0adb3cdd33a9837be2afa41163fbe82e12498e3d99fb5c495326,f6159e9e18b37f8c5797043ba58d636bc5f35a73eb7d274531466b83c3734f23,ee570c715a0df06f400a3815f8b508637698ad2fa314679ce6539656d9a9cfcf,2026-09-18T05:40:16.780184+00:00,results/raw/baseline-vroom-all-1s-1-fae998856e22fd31.json,100,100,0,203,0,100.0,26,1307.814,1727.2333333333333,1249.55,10820.0,15,0,409.67111111111114,441.06666666666666,696.85,489.67111111111114,776.85,1072.1637999999984,1.3069999999970605,2827.8190999999993,91.265625,2468.75,203,15,,,,,,,,pyvroom-1.15.2,,,,306,3,0,STATIC_PRIMARY_FRESH_PROCESS,True,,,,,,,,,,
static,vroom,beeline-car-no-breaks-v2-strict-hd:all,all,PRIMARY,1.0,2,FEASIBLE,0a1de939bf9711b04d7c0c603464e994d96df4d7dd08a628d21cf6f6910f0420,f6159e9e18b37f8c5797043ba58d636bc5f35a73eb7d274531466b83c3734f23,ee570c715a0df06f400a3815f8b508637698ad2fa314679ce6539656d9a9cfcf,2026-09-18T09:20:05.404368+00:00,results/raw/baseline-vroom-all-1s-2-55c909fd961823f9.json,100,100,0,203,0,100.0,26,1226.791,1617.5333333333333,1930.5333333333333,10820.0,15,0,399.03000000000003,425.03333333333336,696.85,479.03000000000003,776.85,1059.1795999998794,3.028199999789649,2621.6884999994363,93.28515625,2203.125,203,15,,,,,,,,pyvroom-1.15.2,,,,306,3,0,STATIC_PRIMARY_FRESH_PROCESS,True,,,,,,,,,,
static,vroom,beeline-car-no-breaks-v2-strict-hd:all,all,PRIMARY,1.0,3,FEASIBLE,0a1de939bf9711b04d7c0c603464e994d96df4d7dd08a628d21cf6f6910f0420,f6159e9e18b37f8c5797043ba58d636bc5f35a73eb7d274531466b83c3734f23,ee570c715a0df06f400a3815f8b508637698ad2fa314679ce6539656d9a9cfcf,2026-09-18T09:20:25.184198+00:00,results/raw/baseline-vroom-all-1s-3-b5f9ec36cfa74b75.json,100,100,0,203,0,100.0,26,1225.76,1613.1,1854.4,10820.0,15,0,399.03000000000003,425.03333333333336,696.85,479.03000000000003,776.85,1059.9491000002672,1.247000000148546,2237.068699999327,93.51171875,1968.75,203,15,,,,,,,,pyvroom-1.15.2,,,,306,3,0,STATIC_PRIMARY_FRESH_PROCESS,True,,,,,,,,,,
static,vroom,beeline-car-no-breaks-v2-strict-hd:all,all,PRIMARY,1.0,4,FEASIBLE,0a1de939bf9711b04d7c0c603464e994d96df4d7dd08a628d21cf6f6910f0420,f6159e9e18b37f8c5797043ba58d636bc5f35a73eb7d274531466b83c3734f23,ee570c715a0df06f400a3815f8b508637698ad2fa314679ce6539656d9a9cfcf,2026-09-18T09:20:40.424350+00:00,results/raw/baseline-vroom-all-1s-4-6ce5b2cfbb2bff6f.json,100,100,0,203,0,100.0,26,1242.163,1635.5333333333333,1929.9166666666667,10820.0,15,0,399.03000000000003,425.03333333333336,696.85,479.03000000000003,776.85,1039.1090000002805,2.51509999998234,2476.2198999997054,93.25,2296.875,203,15,,,,,,,,pyvroom-1.15.2,,,,306,3,0,STATIC_PRIMARY_FRESH_PROCESS,True,,,,,,,,,,
static,vroom,beeline-car-no-breaks-v2-strict-hd:all,all,PRIMARY,1.0,5,FEASIBLE,0a1de939bf9711b04d7c0c603464e994d96df4d7dd08a628d21cf6f6910f0420,f6159e9e18b37f8c5797043ba58d636bc5f35a73eb7d274531466b83c3734f23,ee570c715a0df06f400a3815f8b508637698ad2fa314679ce6539656d9a9cfcf,2026-09-18T09:21:26.422390+00:00,results/raw/baseline-vroom-all-1s-5-99b97961c54f7abe.json,100,100,0,203,0,100.0,26,1246.113,1641.8,1842.6333333333334,10820.0,15,0,413.3077777777778,441.06666666666666,696.85,493.3077777777778,776.85,1031.0290999996141,1.695399999334768,2242.7364000004673,93.10546875,2109.375,203,15,,,,,,,,pyvroom-1.15.2,,,,306,3,0,STATIC_PRIMARY_FRESH_PROCESS,True,,,,,,,,,,
static,vroom,beeline-car-no-breaks-v2-strict-hd:all,all,PRIMARY,1.0,6,FEASIBLE,0a1de939bf9711b04d7c0c603464e994d96df4d7dd08a628d21cf6f6910f0420,f6159e9e18b37f8c5797043ba58d636bc5f35a73eb7d274531466b83c3734f23,ee570c715a0df06f400a3815f8b508637698ad2fa314679ce6539656d9a9cfcf,2026-09-18T09:21:30.697359+00:00,results/raw/baseline-vroom-all-1s-6-b7e2ec86b30fdc3d.json,100,100,0,203,0,100.0,26,1248.716,1646.6833333333334,1796.6333333333334,10820.0,15,0,409.6988888888889,441.06666666666666,696.85,489.6988888888889,776.85,1044.186300000547,1.8667000003915746,2244.0003000001525,93.23046875,2078.125,203,15,,,,,,,,pyvroom-1.15.2,,,,306,3,0,STATIC_PRIMARY_FRESH_PROCESS,True,,,,,,,,,,
static,vroom,beeline-car-no-breaks-v2-strict-hd:all,all,PRIMARY,1.0,7,FEASIBLE,0a1de939bf9711b04d7c0c603464e994d96df4d7dd08a628d21cf6f6910f0420,f6159e9e18b37f8c5797043ba58d636bc5f35a73eb7d274531466b83c3734f23,ee570c715a0df06f400a3815f8b508637698ad2fa314679ce6539656d9a9cfcf,2026-09-18T09:21:58.494086+00:00,results/raw/baseline-vroom-all-1s-7-d759b2a2ee318f8d.json,100,100,0,203,0,100.0,26,1387.485,1759.5833333333333,1579.8666666666666,10820.0,15,0,421.3911111111111,454.21666666666664,696.85,501.3911111111111,776.85,1069.2402000004222,1.4048000002730987,2259.5830000000205,92.890625,2125.0,203,15,,,,,,,,pyvroom-1.15.2,,,,306,3,0,STATIC_PRIMARY_FRESH_PROCESS,True,,,,,,,,,,
static,vroom,beeline-car-no-breaks-v2-strict-hd:all,all,PRIMARY,1.0,8,FEASIBLE,0a1de939bf9711b04d7c0c603464e994d96df4d7dd08a628d21cf6f6910f0420,f6159e9e18b37f8c5797043ba58d636bc5f35a73eb7d274531466b83c3734f23,ee570c715a0df06f400a3815f8b508637698ad2fa314679ce6539656d9a9cfcf,2026-09-18T09:22:27.420530+00:00,results/raw/baseline-vroom-all-1s-8-c3d1855170ce28b0.json,100,100,0,203,0,100.0,26,1214.436,1597.9166666666667,1916.8333333333333,10820.0,15,0,398.1788888888889,425.03333333333336,696.85,478.17888888888893,776.85,1054.3786999996883,1.592700000401237,2214.9375999997574,93.671875,1968.75,203,15,,,,,,,,pyvroom-1.15.2,,,,306,3,0,STATIC_PRIMARY_FRESH_PROCESS,True,,,,,,,,,,
static,vroom,beeline-car-no-breaks-v2-strict-hd:all,all,PRIMARY,1.0,9,FEASIBLE,0a1de939bf9711b04d7c0c603464e994d96df4d7dd08a628d21cf6f6910f0420,f6159e9e18b37f8c5797043ba58d636bc5f35a73eb7d274531466b83c3734f23,ee570c715a0df06f400a3815f8b508637698ad2fa314679ce6539656d9a9cfcf,2026-09-18T09:22:53.515418+00:00,results/raw/baseline-vroom-all-1s-9-efe16951adee7bd9.json,100,100,0,203,0,100.0,26,1213.517,1598.0166666666667,1916.8333333333333,10820.0,15,0,398.1788888888889,425.03333333333336,696.85,478.17888888888893,776.85,1054.567600000155,1.329700000496814,2233.532899999773,93.59375,2078.125,203,15,,,,,,,,pyvroom-1.15.2,,,,306,3,0,STATIC_PRIMARY_FRESH_PROCESS,True,,,,,,,,,,
static,vroom,beeline-car-no-breaks-v2-strict-hd:all,all,PRIMARY,1.0,10,FEASIBLE,0a1de939bf9711b04d7c0c603464e994d96df4d7dd08a628d21cf6f6910f0420,f6159e9e18b37f8c5797043ba58d636bc5f35a73eb7d274531466b83c3734f23,ee570c715a0df06f400a3815f8b508637698ad2fa314679ce6539656d9a9cfcf,2026-09-18T09:22:58.894571+00:00,results/raw/baseline-vroom-all-1s-10-99204074b86d8984.json,100,100,0,203,0,100.0,26,1256.113,1656.5166666666667,1678.5166666666667,10820.0,15,0,409.67111111111114,441.06666666666666,696.85,489.67111111111114,776.85,1044.7858999996242,1.4080999999350752,2437.9298000003473,92.984375,2234.375,203,15,,,,,,,,pyvroom-1.15.2,,,,306,3,0,STATIC_PRIMARY_FRESH_PROCESS,True,,,,,,,,,,
static,vroom,beeline-car-no-breaks-v2-strict-hd:all,all,PRIMARY,5.0,1,FEASIBLE,7efb0276744e0adb3cdd33a9837be2afa41163fbe82e12498e3d99fb5c495326,f6159e9e18b37f8c5797043ba58d636bc5f35a73eb7d274531466b83c3734f23,ee570c715a0df06f400a3815f8b508637698ad2fa314679ce6539656d9a9cfcf,2026-09-18T05:41:00.717731+00:00,results/raw/baseline-vroom-all-5s-1-9b7dab0b644d268d.json,100,100,0,203,0,100.0,26,976.788,1376.3166666666666,2028.7666666666667,10820.0,15,0,418.3811111111111,497.01666666666665,660.1166666666667,498.3811111111111,740.1166666666667,5136.121499999945,2.7644000000464075,6470.22179999999,92.859375,6109.375,203,15,,,,,,,,pyvroom-1.15.2,,,,306,3,0,STATIC_PRIMARY_FRESH_PROCESS,True,,,,,,,,,,
static,vroom,beeline-car-no-breaks-v2-strict-hd:all,all,PRIMARY,5.0,2,FEASIBLE,0a1de939bf9711b04d7c0c603464e994d96df4d7dd08a628d21cf6f6910f0420,f6159e9e18b37f8c5797043ba58d636bc5f35a73eb7d274531466b83c3734f23,ee570c715a0df06f400a3815f8b508637698ad2fa314679ce6539656d9a9cfcf,2026-09-18T09:23:41.987313+00:00,results/raw/baseline-vroom-all-5s-2-6f0ea9f48729928d.json,100,100,0,203,0,100.0,26,975.721,1382.9333333333334,2006.7666666666667,10820.0,15,0,421.49111111111114,496.35,660.1166666666667,501.49111111111114,740.1166666666667,4848.0030000000625,1.847000000452681,5892.493700000159,94.54296875,5671.875,203,15,,,,,,,,pyvroom-1.15.2,,,,306,3,0,STATIC_PRIMARY_FRESH_PROCESS,True,,,,,,,,,,
static,vroom,beeline-car-no-breaks-v2-strict-hd:all,all,PRIMARY,5.0,3,FEASIBLE,0a1de939bf9711b04d7c0c603464e994d96df4d7dd08a628d21cf6f6910f0420,f6159e9e18b37f8c5797043ba58d636bc5f35a73eb7d274531466b83c3734f23,ee570c715a0df06f400a3815f8b508637698ad2fa314679ce6539656d9a9cfcf,2026-09-18T09:24:26.980319+00:00,results/raw/baseline-vroom-all-5s-3-806155cf99e643d1.json,100,100,0,203,0,100.0,26,975.721,1382.9333333333334,2006.7666666666667,10820.0,15,0,421.49111111111114,496.35,660.1166666666667,501.49111111111114,740.1166666666667,4871.332100000473,1.5892000001258566,5950.43540000006,95.25390625,5781.25,203,15,,,,,,,,pyvroom-1.15.2,,,,306,3,0,STATIC_PRIMARY_FRESH_PROCESS,True,,,,,,,,,,
static,vroom,beeline-car-no-breaks-v2-strict-hd:all,all,PRIMARY,5.0,4,FEASIBLE,0a1de939bf9711b04d7c0c603464e994d96df4d7dd08a628d21cf6f6910f0420,f6159e9e18b37f8c5797043ba58d636bc5f35a73eb7d274531466b83c3734f23,ee570c715a0df06f400a3815f8b508637698ad2fa314679ce6539656d9a9cfcf,2026-09-18T09:25:11.296160+00:00,results/raw/baseline-vroom-all-5s-4-1cf50f8ac2d9fbf7.json,100,100,0,203,0,100.0,26,975.42,1375.9,2014.25,10820.0,15,0,405.63666666666666,460.3833333333333,660.1166666666667,485.63666666666666,740.1166666666667,5010.359800000515,1.9720000000233995,6121.186999999736,94.73828125,5859.375,203,15,,,,,,,,pyvroom-1.15.2,,,,306,3,0,STATIC_PRIMARY_FRESH_PROCESS,True,,,,,,,,,,
static,vroom,beeline-car-no-breaks-v2-strict-hd:all,all,PRIMARY,5.0,5,FEASIBLE,0a1de939bf9711b04d7c0c603464e994d96df4d7dd08a628d21cf6f6910f0420,f6159e9e18b37f8c5797043ba58d636bc5f35a73eb7d274531466b83c3734f23,ee570c715a0df06f400a3815f8b508637698ad2fa314679ce6539656d9a9cfcf,2026-09-18T09:25:36.555767+00:00,results/raw/baseline-vroom-all-5s-5-8d2d60316ae3b40d.json,100,100,0,203,0,100.0,26,975.721,1382.9333333333334,2006.7666666666667,10820.0,15,0,421.49111111111114,496.35,660.1166666666667,501.49111111111114,740.1166666666667,4942.8962000001775,1.8576000002212822,6054.346099999748,94.42578125,5859.375,203,15,,,,,,,,pyvroom-1.15.2,,,,306,3,0,STATIC_PRIMARY_FRESH_PROCESS,True,,,,,,,,,,
static,vroom,beeline-car-no-breaks-v2-strict-hd:all,all,PRIMARY,5.0,6,FEASIBLE,0a1de939bf9711b04d7c0c603464e994d96df4d7dd08a628d21cf6f6910f0420,f6159e9e18b37f8c5797043ba58d636bc5f35a73eb7d274531466b83c3734f23,ee570c715a0df06f400a3815f8b508637698ad2fa314679ce6539656d9a9cfcf,2026-09-18T09:26:14.299866+00:00,results/raw/baseline-vroom-all-5s-6-c0b35790b4d29113.json,100,100,0,203,0,100.0,26,975.721,1382.9333333333334,2006.7666666666667,10820.0,15,0,421.49111111111114,496.35,660.1166666666667,501.49111111111114,740.1166666666667,4971.186100000523,1.597100000253704,6283.315099999527,95.05859375,6015.625,203,15,,,,,,,,pyvroom-1.15.2,,,,306,3,0,STATIC_PRIMARY_FRESH_PROCESS,True,,,,,,,,,,
static,vroom,beeline-car-no-breaks-v2-strict-hd:all,all,PRIMARY,5.0,7,FEASIBLE,0a1de939bf9711b04d7c0c603464e994d96df4d7dd08a628d21cf6f6910f0420,f6159e9e18b37f8c5797043ba58d636bc5f35a73eb7d274531466b83c3734f23,ee570c715a0df06f400a3815f8b508637698ad2fa314679ce6539656d9a9cfcf,2026-09-18T09:27:04.997683+00:00,results/raw/baseline-vroom-all-5s-7-ebe90c4238d116f4.json,100,100,0,203,0,100.0,26,976.788,1376.3166666666666,2028.7666666666667,10820.0,15,0,418.3811111111111,497.01666666666665,660.1166666666667,498.3811111111111,740.1166666666667,5135.869200000343,3.237999999328167,6430.844599999546,95.1015625,6250.0,203,15,,,,,,,,pyvroom-1.15.2,,,,306,3,0,STATIC_PRIMARY_FRESH_PROCESS,True,,,,,,,,,,
static,vroom,beeline-car-no-breaks-v2-strict-hd:all,all,PRIMARY,5.0,8,FEASIBLE,0a1de939bf9711b04d7c0c603464e994d96df4d7dd08a628d21cf6f6910f0420,f6159e9e18b37f8c5797043ba58d636bc5f35a73eb7d274531466b83c3734f23,ee570c715a0df06f400a3815f8b508637698ad2fa314679ce6539656d9a9cfcf,2026-09-18T09:28:19.841934+00:00,results/raw/baseline-vroom-all-5s-8-8beec6cf40eadacb.json,100,100,0,203,0,100.0,26,975.721,1382.9333333333334,2006.7666666666667,10820.0,15,0,421.49111111111114,496.35,660.1166666666667,501.49111111111114,740.1166666666667,5030.283500000223,1.6703000001143664,6058.849299999565,94.44140625,5875.0,203,15,,,,,,,,pyvroom-1.15.2,,,,306,3,0,STATIC_PRIMARY_FRESH_PROCESS,True,,,,,,,,,,
static,vroom,beeline-car-no-breaks-v2-strict-hd:all,all,PRIMARY,5.0,9,FEASIBLE,0a1de939bf9711b04d7c0c603464e994d96df4d7dd08a628d21cf6f6910f0420,f6159e9e18b37f8c5797043ba58d636bc5f35a73eb7d274531466b83c3734f23,ee570c715a0df06f400a3815f8b508637698ad2fa314679ce6539656d9a9cfcf,2026-09-18T09:28:57.331087+00:00,results/raw/baseline-vroom-all-5s-9-bf675f9063653c8b.json,100,100,0,203,0,100.0,25,1000.217,1417.45,1754.6333333333334,10820.0,15,0,420.8677777777778,497.8833333333333,660.1166666666667,500.86777777777775,740.1166666666667,4908.3754000002955,1.5720000001238077,6183.189399999719,94.875,5921.875,203,15,,,,,,,,pyvroom-1.15.2,,,,306,3,0,STATIC_PRIMARY_FRESH_PROCESS,True,,,,,,,,,,
static,vroom,beeline-car-no-breaks-v2-strict-hd:all,all,PRIMARY,5.0,10,FEASIBLE,0a1de939bf9711b04d7c0c603464e994d96df4d7dd08a628d21cf6f6910f0420,f6159e9e18b37f8c5797043ba58d636bc5f35a73eb7d274531466b83c3734f23,ee570c715a0df06f400a3815f8b508637698ad2fa314679ce6539656d9a9cfcf,2026-09-18T09:29:22.202960+00:00,results/raw/baseline-vroom-all-5s-10-570afd16c1e550e8.json,100,100,0,203,0,100.0,26,975.721,1382.9333333333334,2006.7666666666667,10820.0,15,0,421.49111111111114,496.35,660.1166666666667,501.49111111111114,740.1166666666667,4876.00780000048,2.868000000489701,5977.347500000178,94.49609375,5781.25,203,15,,,,,,,,pyvroom-1.15.2,,,,306,3,0,STATIC_PRIMARY_FRESH_PROCESS,True,,,,,,,,,,
static,vroom,beeline-car-no-breaks-v2-strict-hd:all,all,PRIMARY,15.0,1,FEASIBLE,7efb0276744e0adb3cdd33a9837be2afa41163fbe82e12498e3d99fb5c495326,f6159e9e18b37f8c5797043ba58d636bc5f35a73eb7d274531466b83c3734f23,ee570c715a0df06f400a3815f8b508637698ad2fa314679ce6539656d9a9cfcf,2026-09-18T05:59:02.336974+00:00,results/raw/baseline-vroom-all-15s-1-15630c0b373829df.json,100,100,0,203,0,100.0,25,1000.217,1417.45,1754.6333333333334,10820.0,15,0,420.8677777777778,497.8833333333333,660.1166666666667,500.86777777777775,740.1166666666667,9096.9427,1.771400000052381,10664.302599999928,93.28515625,9796.875,203,15,,,,,,,,pyvroom-1.15.2,,,,306,3,0,STATIC_PRIMARY_FRESH_PROCESS,True,,,,,,,,,,
static,vroom,beeline-car-no-breaks-v2-strict-hd:all,all,PRIMARY,15.0,2,FEASIBLE,0a1de939bf9711b04d7c0c603464e994d96df4d7dd08a628d21cf6f6910f0420,f6159e9e18b37f8c5797043ba58d636bc5f35a73eb7d274531466b83c3734f23,ee570c715a0df06f400a3815f8b508637698ad2fa314679ce6539656d9a9cfcf,2026-09-18T09:30:00.272249+00:00,results/raw/baseline-vroom-all-15s-2-ee2cc66b13613448.json,100,100,0,203,0,100.0,25,1000.217,1417.45,1754.6333333333334,10820.0,15,0,420.8677777777778,497.8833333333333,660.1166666666667,500.86777777777775,740.1166666666667,6055.241500000193,1.8148999997720239,7100.567299999966,94.83203125,6890.625,203,15,,,,,,,,pyvroom-1.15.2,,,,306,3,0,STATIC_PRIMARY_FRESH_PROCESS,True,,,,,,,,,,
static,vroom,beeline-car-no-breaks-v2-strict-hd:all,all,PRIMARY,15.0,3,FEASIBLE,0a1de939bf9711b04d7c0c603464e994d96df4d7dd08a628d21cf6f6910f0420,f6159e9e18b37f8c5797043ba58d636bc5f35a73eb7d274531466b83c3734f23,ee570c715a0df06f400a3815f8b508637698ad2fa314679ce6539656d9a9cfcf,2026-09-18T09:32:11.164820+00:00,results/raw/baseline-vroom-all-15s-3-479f15283ddd8bd4.json,100,100,0,203,0,100.0,25,1000.217,1417.45,1754.6333333333334,10820.0,15,0,420.8677777777778,497.8833333333333,660.1166666666667,500.86777777777775,740.1166666666667,6641.100100000585,1.6780999994807644,7748.691599999802,94.7734375,7421.875,203,15,,,,,,,,pyvroom-1.15.2,,,,306,3,0,STATIC_PRIMARY_FRESH_PROCESS,True,,,,,,,,,,
static,vroom,beeline-car-no-breaks-v2-strict-hd:all,all,PRIMARY,15.0,4,FEASIBLE,0a1de939bf9711b04d7c0c603464e994d96df4d7dd08a628d21cf6f6910f0420,f6159e9e18b37f8c5797043ba58d636bc5f35a73eb7d274531466b83c3734f23,ee570c715a0df06f400a3815f8b508637698ad2fa314679ce6539656d9a9cfcf,2026-09-18T09:34:43.698244+00:00,results/raw/baseline-vroom-all-15s-4-87cc273eb4e38972.json,100,100,0,203,0,100.0,25,1000.217,1417.45,1754.6333333333334,10820.0,15,0,420.8677777777778,497.8833333333333,660.1166666666667,500.86777777777775,740.1166666666667,7947.856900000261,2.0905000001221197,9846.149300001343,95.1484375,9421.875,203,15,,,,,,,,pyvroom-1.15.2,,,,306,3,0,STATIC_PRIMARY_FRESH_PROCESS,True,,,,,,,,,,
static,vroom,beeline-car-no-breaks-v2-strict-hd:all,all,PRIMARY,15.0,5,FEASIBLE,0a1de939bf9711b04d7c0c603464e994d96df4d7dd08a628d21cf6f6910f0420,f6159e9e18b37f8c5797043ba58d636bc5f35a73eb7d274531466b83c3734f23,ee570c715a0df06f400a3815f8b508637698ad2fa314679ce6539656d9a9cfcf,2026-09-18T09:36:06.375998+00:00,results/raw/baseline-vroom-all-15s-5-15aa39a24a4e88a5.json,100,100,0,203,0,100.0,25,1000.217,1417.45,1754.6333333333334,10820.0,15,0,420.8677777777778,497.8833333333333,660.1166666666667,500.86777777777775,740.1166666666667,6824.733299999934,1.7963000009331154,7939.383500000986,95.078125,7703.125,203,15,,,,,,,,pyvroom-1.15.2,,,,306,3,0,STATIC_PRIMARY_FRESH_PROCESS,True,,,,,,,,,,
static,vroom,beeline-car-no-breaks-v2-strict-hd:all,all,PRIMARY,15.0,6,FEASIBLE,0a1de939bf9711b04d7c0c603464e994d96df4d7dd08a628d21cf6f6910f0420,f6159e9e18b37f8c5797043ba58d636bc5f35a73eb7d274531466b83c3734f23,ee570c715a0df06f400a3815f8b508637698ad2fa314679ce6539656d9a9cfcf,2026-09-18T09:37:59.148311+00:00,results/raw/baseline-vroom-all-15s-6-d0280b3a7418001a.json,100,100,0,203,0,100.0,25,1000.217,1417.45,1754.6333333333334,10820.0,15,0,420.8677777777778,497.8833333333333,660.1166666666667,500.86777777777775,740.1166666666667,5945.875600000363,1.8506999986129813,7055.984700000408,95.03515625,6921.875,203,15,,,,,,,,pyvroom-1.15.2,,,,306,3,0,STATIC_PRIMARY_FRESH_PROCESS,True,,,,,,,,,,
static,vroom,beeline-car-no-breaks-v2-strict-hd:all,all,PRIMARY,15.0,7,FEASIBLE,0a1de939bf9711b04d7c0c603464e994d96df4d7dd08a628d21cf6f6910f0420,f6159e9e18b37f8c5797043ba58d636bc5f35a73eb7d274531466b83c3734f23,ee570c715a0df06f400a3815f8b508637698ad2fa314679ce6539656d9a9cfcf,2026-09-18T09:38:37.960755+00:00,results/raw/baseline-vroom-all-15s-7-7a6319a3d9d2200e.json,100,100,0,203,0,100.0,25,1000.217,1417.45,1754.6333333333334,10820.0,15,0,420.8677777777778,497.8833333333333,660.1166666666667,500.86777777777775,740.1166666666667,6068.024800000785,1.574899999468471,7105.777799999487,95.04296875,6906.25,203,15,,,,,,,,pyvroom-1.15.2,,,,306,3,0,STATIC_PRIMARY_FRESH_PROCESS,True,,,,,,,,,,
static,vroom,beeline-car-no-breaks-v2-strict-hd:all,all,PRIMARY,15.0,8,FEASIBLE,0a1de939bf9711b04d7c0c603464e994d96df4d7dd08a628d21cf6f6910f0420,f6159e9e18b37f8c5797043ba58d636bc5f35a73eb7d274531466b83c3734f23,ee570c715a0df06f400a3815f8b508637698ad2fa314679ce6539656d9a9cfcf,2026-09-18T09:41:10.512081+00:00,results/raw/baseline-vroom-all-15s-8-6337ee1dd73803e8.json,100,100,0,203,0,100.0,25,1000.217,1417.45,1754.6333333333334,10820.0,15,0,420.8677777777778,497.8833333333333,660.1166666666667,500.86777777777775,740.1166666666667,5957.857700001114,1.900999999634223,7103.268599999865,95.09375,6859.375,203,15,,,,,,,,pyvroom-1.15.2,,,,306,3,0,STATIC_PRIMARY_FRESH_PROCESS,True,,,,,,,,,,
static,vroom,beeline-car-no-breaks-v2-strict-hd:all,all,PRIMARY,15.0,9,FEASIBLE,0a1de939bf9711b04d7c0c603464e994d96df4d7dd08a628d21cf6f6910f0420,f6159e9e18b37f8c5797043ba58d636bc5f35a73eb7d274531466b83c3734f23,ee570c715a0df06f400a3815f8b508637698ad2fa314679ce6539656d9a9cfcf,2026-09-18T09:42:22.824220+00:00,results/raw/baseline-vroom-all-15s-9-66e0811b1e4c439b.json,100,100,0,203,0,100.0,25,1000.217,1417.45,1754.6333333333334,10820.0,15,0,420.8677777777778,497.8833333333333,660.1166666666667,500.86777777777775,740.1166666666667,6531.811099999686,1.7900999991979916,7585.517899999104,95.125,7234.375,203,15,,,,,,,,pyvroom-1.15.2,,,,306,3,0,STATIC_PRIMARY_FRESH_PROCESS,True,,,,,,,,,,
static,vroom,beeline-car-no-breaks-v2-strict-hd:all,all,PRIMARY,15.0,10,FEASIBLE,0a1de939bf9711b04d7c0c603464e994d96df4d7dd08a628d21cf6f6910f0420,f6159e9e18b37f8c5797043ba58d636bc5f35a73eb7d274531466b83c3734f23,ee570c715a0df06f400a3815f8b508637698ad2fa314679ce6539656d9a9cfcf,2026-09-18T09:43:32.929673+00:00,results/raw/baseline-vroom-all-15s-10-61cedceca6d32738.json,100,100,0,203,0,100.0,25,1000.217,1417.45,1754.6333333333334,10820.0,15,0,420.8677777777778,497.8833333333333,660.1166666666667,500.86777777777775,740.1166666666667,5780.158999999912,1.6049000005295966,6858.670400000847,94.703125,6687.5,203,15,,,,,,,,pyvroom-1.15.2,,,,306,3,0,STATIC_PRIMARY_FRESH_PROCESS,True,,,,,,,,,,
static,vroom,beeline-car-no-breaks-v2-strict-hd:all,all,PRIMARY,60.0,1,FEASIBLE,0a1de939bf9711b04d7c0c603464e994d96df4d7dd08a628d21cf6f6910f0420,f6159e9e18b37f8c5797043ba58d636bc5f35a73eb7d274531466b83c3734f23,ee570c715a0df06f400a3815f8b508637698ad2fa314679ce6539656d9a9cfcf,2026-09-18T06:02:42.880745+00:00,results/raw/baseline-vroom-all-60s-1-9ad765af8f912b8e.json,100,100,0,203,0,100.0,25,1000.217,1417.45,1754.6333333333334,10820.0,15,0,420.8677777777778,497.8833333333333,660.1166666666667,500.86777777777775,740.1166666666667,6594.947099999899,1.323400000046604,7978.176399999938,93.08984375,7578.125,203,15,,,,,,,,pyvroom-1.15.2,,,,306,3,0,STATIC_PRIMARY_FRESH_PROCESS,True,,,,,,,,,,
static,vroom,beeline-car-no-breaks-v2-strict-hd:all,all,PRIMARY,60.0,2,FEASIBLE,0a1de939bf9711b04d7c0c603464e994d96df4d7dd08a628d21cf6f6910f0420,f6159e9e18b37f8c5797043ba58d636bc5f35a73eb7d274531466b83c3734f23,ee570c715a0df06f400a3815f8b508637698ad2fa314679ce6539656d9a9cfcf,2026-09-18T09:44:28.208863+00:00,results/raw/baseline-vroom-all-60s-2-34be7bb774a5e5e8.json,100,100,0,203,0,100.0,25,1000.217,1417.45,1754.6333333333334,10820.0,15,0,420.8677777777778,497.8833333333333,660.1166666666667,500.86777777777775,740.1166666666667,5999.342499999329,1.6113000001496403,7050.236099999893,95.08203125,6890.625,203,15,,,,,,,,pyvroom-1.15.2,,,,306,3,0,STATIC_PRIMARY_FRESH_PROCESS,True,,,,,,,,,,
static,vroom,beeline-car-no-breaks-v2-strict-hd:all,all,PRIMARY,60.0,3,FEASIBLE,0a1de939bf9711b04d7c0c603464e994d96df4d7dd08a628d21cf6f6910f0420,f6159e9e18b37f8c5797043ba58d636bc5f35a73eb7d274531466b83c3734f23,ee570c715a0df06f400a3815f8b508637698ad2fa314679ce6539656d9a9cfcf,2026-09-18T09:49:48.496454+00:00,results/raw/baseline-vroom-all-60s-3-7abd672a65c2b986.json,100,100,0,203,0,100.0,25,1000.217,1417.45,1754.6333333333334,10820.0,15,0,420.8677777777778,497.8833333333333,660.1166666666667,500.86777777777775,740.1166666666667,6467.246899999736,1.6257000006589806,7570.528099999137,95.23046875,7343.75,203,15,,,,,,,,pyvroom-1.15.2,,,,306,3,0,STATIC_PRIMARY_FRESH_PROCESS,True,,,,,,,,,,
static,vroom,beeline-car-no-breaks-v2-strict-hd:all,all,PRIMARY,60.0,4,FEASIBLE,0a1de939bf9711b04d7c0c603464e994d96df4d7dd08a628d21cf6f6910f0420,f6159e9e18b37f8c5797043ba58d636bc5f35a73eb7d274531466b83c3734f23,ee570c715a0df06f400a3815f8b508637698ad2fa314679ce6539656d9a9cfcf,2026-09-18T10:00:26.324492+00:00,results/raw/baseline-vroom-all-60s-4-ada324b7e0980ce8.json,100,100,0,203,0,100.0,25,1000.217,1417.45,1754.6333333333334,10820.0,15,0,420.8677777777778,497.8833333333333,660.1166666666667,500.86777777777775,740.1166666666667,7451.627799999187,1.6869999999471474,8590.33620000082,95.11328125,8296.875,203,15,,,,,,,,pyvroom-1.15.2,,,,306,3,0,STATIC_PRIMARY_FRESH_PROCESS,True,,,,,,,,,,
static,vroom,beeline-car-no-breaks-v2-strict-hd:all,all,PRIMARY,60.0,5,FEASIBLE,0a1de939bf9711b04d7c0c603464e994d96df4d7dd08a628d21cf6f6910f0420,f6159e9e18b37f8c5797043ba58d636bc5f35a73eb7d274531466b83c3734f23,ee570c715a0df06f400a3815f8b508637698ad2fa314679ce6539656d9a9cfcf,2026-09-18T10:03:44.541112+00:00,results/raw/baseline-vroom-all-60s-5-5b42546174811d11.json,100,100,0,203,0,100.0,25,1000.217,1417.45,1754.6333333333334,10820.0,15,0,420.8677777777778,497.8833333333333,660.1166666666667,500.86777777777775,740.1166666666667,5511.359200001607,1.9760000013775425,6702.804099999412,95.1171875,6390.625,203,15,,,,,,,,pyvroom-1.15.2,,,,306,3,0,STATIC_PRIMARY_FRESH_PROCESS,True,,,,,,,,,,
static,vroom,beeline-car-no-breaks-v2-strict-hd:all,all,PRIMARY,60.0,6,FEASIBLE,0a1de939bf9711b04d7c0c603464e994d96df4d7dd08a628d21cf6f6910f0420,f6159e9e18b37f8c5797043ba58d636bc5f35a73eb7d274531466b83c3734f23,ee570c715a0df06f400a3815f8b508637698ad2fa314679ce6539656d9a9cfcf,2026-09-18T10:07:58.754734+00:00,results/raw/baseline-vroom-all-60s-6-9f713bd6203d5eb5.json,100,100,0,203,0,100.0,25,1000.217,1417.45,1754.6333333333334,10820.0,15,0,420.8677777777778,497.8833333333333,660.1166666666667,500.86777777777775,740.1166666666667,7949.351499999466,2.244000001155655,9291.749899999559,94.8046875,8984.375,203,15,,,,,,,,pyvroom-1.15.2,,,,306,3,0,STATIC_PRIMARY_FRESH_PROCESS,True,,,,,,,,,,
static,vroom,beeline-car-no-breaks-v2-strict-hd:all,all,PRIMARY,60.0,7,FEASIBLE,0a1de939bf9711b04d7c0c603464e994d96df4d7dd08a628d21cf6f6910f0420,f6159e9e18b37f8c5797043ba58d636bc5f35a73eb7d274531466b83c3734f23,ee570c715a0df06f400a3815f8b508637698ad2fa314679ce6539656d9a9cfcf,2026-09-18T10:13:20.713957+00:00,results/raw/baseline-vroom-all-60s-7-439303ec62ddc23f.json,100,100,0,203,0,100.0,25,1000.217,1417.45,1754.6333333333334,10820.0,15,0,420.8677777777778,497.8833333333333,660.1166666666667,500.86777777777775,740.1166666666667,4957.346700000926,1.420600001438288,6033.816699999079,94.984375,5796.875,203,15,,,,,,,,pyvroom-1.15.2,,,,306,3,0,STATIC_PRIMARY_FRESH_PROCESS,True,,,,,,,,,,
static,vroom,beeline-car-no-breaks-v2-strict-hd:all,all,PRIMARY,300.0,1,FEASIBLE,0a1de939bf9711b04d7c0c603464e994d96df4d7dd08a628d21cf6f6910f0420,f6159e9e18b37f8c5797043ba58d636bc5f35a73eb7d274531466b83c3734f23,ee570c715a0df06f400a3815f8b508637698ad2fa314679ce6539656d9a9cfcf,2026-09-18T06:16:24.276618+00:00,results/raw/baseline-vroom-all-300s-1-3c730b3e25fea77b.json,100,100,0,203,0,100.0,25,1000.217,1417.45,1754.6333333333334,10820.0,15,0,420.8677777777778,497.8833333333333,660.1166666666667,500.86777777777775,740.1166666666667,9506.557299999713,2.875399999993533,11494.592099999863,93.0703125,10640.625,203,15,,,,,,,,pyvroom-1.15.2,,,,306,3,0,STATIC_PRIMARY_FRESH_PROCESS,True,,,,,,,,,,
static,vroom,beeline-car-no-breaks-v2-strict-hd:east,east,PRIMARY,1.0,1,FEASIBLE,7efb0276744e0adb3cdd33a9837be2afa41163fbe82e12498e3d99fb5c495326,f6159e9e18b37f8c5797043ba58d636bc5f35a73eb7d274531466b83c3734f23,ee570c715a0df06f400a3815f8b508637698ad2fa314679ce6539656d9a9cfcf,2026-09-18T05:42:15.669866+00:00,results/raw/baseline-vroom-east-1s-1-9600b4f015e5a816.json,100,100,0,66,0,100.0,8,228.187,383.25,725.3333333333334,3560.0,3,0,256.6666666666667,174.28333333333333,509.03333333333336,336.66666666666663,589.0333333333333,597.3350000000437,0.4765999999563064,1702.2205000000667,85.56640625,1562.5,66,3,,,,,,,,pyvroom-1.15.2,,,,306,3,0,STATIC_PRIMARY_FRESH_PROCESS,True,,,,,,,,,,
static,vroom,beeline-car-no-breaks-v2-strict-hd:east,east,PRIMARY,5.0,1,FEASIBLE,7efb0276744e0adb3cdd33a9837be2afa41163fbe82e12498e3d99fb5c495326,f6159e9e18b37f8c5797043ba58d636bc5f35a73eb7d274531466b83c3734f23,ee570c715a0df06f400a3815f8b508637698ad2fa314679ce6539656d9a9cfcf,2026-09-18T05:42:42.604204+00:00,results/raw/baseline-vroom-east-5s-1-47bd43b3e9882595.json,100,100,0,66,0,100.0,8,228.187,383.25,725.3333333333334,3560.0,3,0,256.6666666666667,174.28333333333333,509.03333333333336,336.66666666666663,589.0333333333333,582.9652999999553,0.6343000000015309,1719.0067999999883,85.84375,1531.25,66,3,,,,,,,,pyvroom-1.15.2,,,,306,3,0,STATIC_PRIMARY_FRESH_PROCESS,True,,,,,,,,,,
static,vroom,beeline-car-no-breaks-v2-strict-hd:exact-10,exact-10,PRIMARY,15.0,1,FEASIBLE,0a1de939bf9711b04d7c0c603464e994d96df4d7dd08a628d21cf6f6910f0420,f6159e9e18b37f8c5797043ba58d636bc5f35a73eb7d274531466b83c3734f23,ee570c715a0df06f400a3815f8b508637698ad2fa314679ce6539656d9a9cfcf,2026-09-18T08:49:24.583530+00:00,results/raw/baseline-vroom-exact-10-15s-1-d3955b9d45c447a7.json,100,100,0,10,0,100.0,4,190.527,187.51666666666668,714.2166666666667,490.0,0,0,,,,,,96.79359999972803,0.37369999972725054,2863.734100000329,84.4765625,2281.25,10,0,,,,,,,,pyvroom-1.15.2,,,,306,3,0,STATIC_PRIMARY_FRESH_PROCESS,True,,,,,,,,,,
static,vroom,beeline-car-no-breaks-v2-strict-hd:exact-15,exact-15,PRIMARY,15.0,1,FEASIBLE,0a1de939bf9711b04d7c0c603464e994d96df4d7dd08a628d21cf6f6910f0420,f6159e9e18b37f8c5797043ba58d636bc5f35a73eb7d274531466b83c3734f23,ee570c715a0df06f400a3815f8b508637698ad2fa314679ce6539656d9a9cfcf,2026-09-18T08:49:31.670159+00:00,results/raw/baseline-vroom-exact-15-15s-1-0d425b3c1c99aa82.json,100,100,0,15,0,100.0,5,260.101,260.5833333333333,729.1666666666666,680.0,0,0,,,,,,57.294500000352855,0.35290000050736126,2072.7141999996093,87.4296875,1812.5,15,0,,,,,,,,pyvroom-1.15.2,,,,306,3,0,STATIC_PRIMARY_FRESH_PROCESS,True,,,,,,,,,,
static,vroom,beeline-car-no-breaks-v2-strict-hd:exact-20,exact-20,PRIMARY,15.0,1,FEASIBLE,0a1de939bf9711b04d7c0c603464e994d96df4d7dd08a628d21cf6f6910f0420,f6159e9e18b37f8c5797043ba58d636bc5f35a73eb7d274531466b83c3734f23,ee570c715a0df06f400a3815f8b508637698ad2fa314679ce6539656d9a9cfcf,2026-09-18T08:53:25.498993+00:00,results/raw/baseline-vroom-exact-20-15s-1-9d442e74630c1903.json,100,100,0,20,0,100.0,6,279.202,298.3333333333333,878.2,960.0,0,0,,,,,,69.2644000000655,0.27430000045569614,1770.9144000000379,87.875,1484.375,20,0,,,,,,,,pyvroom-1.15.2,,,,306,3,0,STATIC_PRIMARY_FRESH_PROCESS,True,,,,,,,,,,
static,vroom,beeline-car-no-breaks-v2-strict-hd:exact-5,exact-5,PRIMARY,15.0,1,FEASIBLE,0a1de939bf9711b04d7c0c603464e994d96df4d7dd08a628d21cf6f6910f0420,f6159e9e18b37f8c5797043ba58d636bc5f35a73eb7d274531466b83c3734f23,ee570c715a0df06f400a3815f8b508637698ad2fa314679ce6539656d9a9cfcf,2026-09-18T08:45:48.248314+00:00,results/raw/baseline-vroom-exact-5-15s-1-e8ad0f2e2bef3f13.json,100,100,0,5,0,100.0,2,116.674,108.58333333333333,163.08333333333334,310.0,0,0,,,,,,45.72289999941859,0.2021000000240747,3174.684700000398,87.37109375,2359.375,5,0,,,,,,,,pyvroom-1.15.2,,,,306,3,0,STATIC_PRIMARY_FRESH_PROCESS,True,,,,,,,,,,
static,vroom,beeline-car-no-breaks-v2-strict-hd:southcentral,southcentral,PRIMARY,1.0,1,FEASIBLE,7efb0276744e0adb3cdd33a9837be2afa41163fbe82e12498e3d99fb5c495326,f6159e9e18b37f8c5797043ba58d636bc5f35a73eb7d274531466b83c3734f23,ee570c715a0df06f400a3815f8b508637698ad2fa314679ce6539656d9a9cfcf,2026-09-18T05:45:16.906413+00:00,results/raw/baseline-vroom-southcentral-1s-1-2eef07d200a5a61c.json,100,100,0,56,0,100.0,7,189.479,327.98333333333335,858.6333333333333,2830.0,0,0,,,,,,402.3111000000199,0.4892999999128733,1769.410300000004,85.51953125,1562.5,56,0,,,,,,,,pyvroom-1.15.2,,,,306,3,0,STATIC_PRIMARY_FRESH_PROCESS,True,,,,,,,,,,
static,vroom,beeline-car-no-breaks-v2-strict-hd:southcentral,southcentral,PRIMARY,5.0,1,FEASIBLE,7efb0276744e0adb3cdd33a9837be2afa41163fbe82e12498e3d99fb5c495326,f6159e9e18b37f8c5797043ba58d636bc5f35a73eb7d274531466b83c3734f23,ee570c715a0df06f400a3815f8b508637698ad2fa314679ce6539656d9a9cfcf,2026-09-18T05:45:44.668679+00:00,results/raw/baseline-vroom-southcentral-5s-1-18e247698ad689a5.json,100,100,0,56,0,100.0,7,189.479,327.98333333333335,858.6333333333333,2830.0,0,0,,,,,,302.13340000000244,0.4353000000492102,1699.933900000019,85.390625,1531.25,56,0,,,,,,,,pyvroom-1.15.2,,,,306,3,0,STATIC_PRIMARY_FRESH_PROCESS,True,,,,,,,,,,
static,vroom,beeline-car-no-breaks-v2-strict-hd:southeast,southeast,PRIMARY,1.0,1,FEASIBLE,7efb0276744e0adb3cdd33a9837be2afa41163fbe82e12498e3d99fb5c495326,f6159e9e18b37f8c5797043ba58d636bc5f35a73eb7d274531466b83c3734f23,ee570c715a0df06f400a3815f8b508637698ad2fa314679ce6539656d9a9cfcf,2026-09-18T05:43:39.165068+00:00,results/raw/baseline-vroom-southeast-1s-1-1427e160ba26fa15.json,100,100,0,81,0,100.0,10,566.07,673.9333333333333,297.35,4430.0,12,0,445.49861111111113,496.95000000000005,660.1166666666667,525.4986111111111,740.1166666666667,716.5709999999308,0.6582999999409367,1904.2947000000368,85.625,1781.25,81,12,,,,,,,,pyvroom-1.15.2,,,,306,3,0,STATIC_PRIMARY_FRESH_PROCESS,True,,,,,,,,,,
static,vroom,beeline-car-no-breaks-v2-strict-hd:southeast,southeast,PRIMARY,5.0,1,FEASIBLE,7efb0276744e0adb3cdd33a9837be2afa41163fbe82e12498e3d99fb5c495326,f6159e9e18b37f8c5797043ba58d636bc5f35a73eb7d274531466b83c3734f23,ee570c715a0df06f400a3815f8b508637698ad2fa314679ce6539656d9a9cfcf,2026-09-18T05:44:13.804454+00:00,results/raw/baseline-vroom-southeast-5s-1-9c069c31d6e21360.json,100,100,0,81,0,100.0,10,544.489,647.2,376.78333333333336,4430.0,12,0,456.72222222222223,498.18333333333334,660.1166666666667,536.7222222222222,740.1166666666667,1474.643799999967,0.8130999999593769,2826.595599999905,85.953125,2562.5,81,12,,,,,,,,pyvroom-1.15.2,,,,306,3,0,STATIC_PRIMARY_FRESH_PROCESS,True,,,,,,,,,,
dynamic,alns,,cancellation,POLICY_FAST_RESPONSE,5.0,1,FEASIBLE,3abfa623e7a78223e66f860e9b8dfd2e452f68682cda51a7e8790238b8f4f985,f6159e9e18b37f8c5797043ba58d636bc5f35a73eb7d274531466b83c3734f23,ee570c715a0df06f400a3815f8b508637698ad2fa314679ce6539656d9a9cfcf,2026-09-18T05:55:10.482744+00:00,results\raw\policy-alns-cancellation-POLICY_FAST_RESPONSE-5s-1-7d2f9b210bf67aa3.json,100,100,0,173,0,100.0,27,1146.154,1473.85,2893.65,9200.0,14,0,287.2714285714286,287.95000000000005,466.35,367.2714285714286,546.35,5009.913799999822,2.279300000054718,6276.570900000024,119.83984375,6000.0,173,14,42,42,21,77,1,1,431.21666666666664,7.0.0,,,,543,3,0,,True,29,202,,241308,,,,,,
dynamic,alns,,cancellation,POLICY_MIN_STAFF,5.0,1,FEASIBLE,3abfa623e7a78223e66f860e9b8dfd2e452f68682cda51a7e8790238b8f4f985,f6159e9e18b37f8c5797043ba58d636bc5f35a73eb7d274531466b83c3734f23,ee570c715a0df06f400a3815f8b508637698ad2fa314679ce6539656d9a9cfcf,2026-09-18T05:55:16.922523+00:00,results\raw\policy-alns-cancellation-POLICY_MIN_STAFF-5s-1-15dc4f3e772dab6c.json,100,100,0,173,0,100.0,25,1185.195,1499.4166666666667,2318.1,9200.0,14,0,363.6047619047619,356.26666666666665,605.5,443.6047619047619,685.5,5027.614399999948,1.231400000051508,6413.359700000001,119.73046875,6140.625,173,14,41,41,26,96,1,0,431.21666666666664,7.0.0,,,,543,3,0,,True,29,202,,305428,,,,,,
dynamic,alns,,cancellation,PRIMARY,5.0,1,FEASIBLE,3abfa623e7a78223e66f860e9b8dfd2e452f68682cda51a7e8790238b8f4f985,f6159e9e18b37f8c5797043ba58d636bc5f35a73eb7d274531466b83c3734f23,ee570c715a0df06f400a3815f8b508637698ad2fa314679ce6539656d9a9cfcf,2026-09-18T05:55:04.061995+00:00,results\raw\policy-alns-cancellation-PRIMARY-5s-1-d671886485a246fe.json,100,100,0,173,0,100.0,26,798.834,1157.7,2622.9,9200.0,14,0,453.56904761904764,498.08333333333337,697.2833333333333,533.5690476190476,777.2833333333333,5010.23639999994,2.3353000001407054,6279.424500000005,118.3828125,6031.25,173,14,16,16,4,26,1,0,350.05,7.0.0,,,,543,3,0,,True,29,202,,380998,,,,,,
dynamic,alns,,initial,POLICY_FAST_RESPONSE,5.0,1,FEASIBLE,3abfa623e7a78223e66f860e9b8dfd2e452f68682cda51a7e8790238b8f4f985,f6159e9e18b37f8c5797043ba58d636bc5f35a73eb7d274531466b83c3734f23,ee570c715a0df06f400a3815f8b508637698ad2fa314679ce6539656d9a9cfcf,2026-09-18T05:53:21.099595+00:00,results\raw\policy-alns-initial-POLICY_FAST_RESPONSE-5s-1-1b0abecaada38fe9.json,100,100,0,203,0,100.0,27,1747.03,2087.9666666666667,3891.5,10820.0,15,0,174.51111111111112,165.0,404.73333333333335,254.51111111111112,484.73333333333335,5010.004799999933,2.666099999942162,6593.81499999995,119.54296875,6265.625,203,15,,,,,,,,7.0.0,,,,543,3,0,,True,0,203,,157060,,,,,,
dynamic,alns,,initial,POLICY_MIN_STAFF,5.0,1,FEASIBLE,3abfa623e7a78223e66f860e9b8dfd2e452f68682cda51a7e8790238b8f4f985,f6159e9e18b37f8c5797043ba58d636bc5f35a73eb7d274531466b83c3734f23,ee570c715a0df06f400a3815f8b508637698ad2fa314679ce6539656d9a9cfcf,2026-09-18T05:53:27.839535+00:00,results\raw\policy-alns-initial-POLICY_MIN_STAFF-5s-1-9dd78add0be708ca.json,100,100,0,203,0,100.0,27,1851.303,2164.1,3793.5333333333333,10820.0,15,0,169.69666666666666,150.58333333333334,452.3,249.69666666666666,532.3,5009.776800000054,3.185600000051636,6820.724899999959,119.921875,6390.625,203,15,,,,,,,,7.0.0,,,,543,3,0,,True,0,203,,152727,,,,,,
dynamic,alns,,manual_assignment,POLICY_FAST_RESPONSE,5.0,1,FEASIBLE,3abfa623e7a78223e66f860e9b8dfd2e452f68682cda51a7e8790238b8f4f985,f6159e9e18b37f8c5797043ba58d636bc5f35a73eb7d274531466b83c3734f23,ee570c715a0df06f400a3815f8b508637698ad2fa314679ce6539656d9a9cfcf,2026-09-18T05:57:10.361470+00:00,results\raw\policy-alns-manual_assignment-POLICY_FAST_RESPONSE-5s-1-e1141ff0dfbc9c4f.json,100,100,0,174,0,100.0,28,906.252,1288.9,3058.1,9230.0,14,0,298.1619047619048,277.275,521.1166666666667,378.1619047619048,601.1166666666667,5007.372899999837,1.6445999999632477,6549.927300000036,120.4296875,6203.125,174,14,48,48,26,108,0,2,431.21666666666664,7.0.0,,,,543,3,0,,True,29,203,,250456,,,,,,
dynamic,alns,,manual_assignment,POLICY_MIN_STAFF,5.0,1,FEASIBLE,3abfa623e7a78223e66f860e9b8dfd2e452f68682cda51a7e8790238b8f4f985,f6159e9e18b37f8c5797043ba58d636bc5f35a73eb7d274531466b83c3734f23,ee570c715a0df06f400a3815f8b508637698ad2fa314679ce6539656d9a9cfcf,2026-09-18T05:57:17.048224+00:00,results\raw\policy-alns-manual_assignment-POLICY_MIN_STAFF-5s-1-cf46d02df0360ded.json,100,100,0,174,0,100.0,26,1004.513,1372.7,2398.45,9230.0,14,0,314.3654761904762,301.7833333333333,521.3833333333333,394.3654761904762,601.3833333333333,5013.7842999999975,1.6175000000657747,6533.485599999949,120.1953125,6281.25,174,14,44,44,17,96,0,0,431.21666666666664,7.0.0,,,,543,3,0,,True,29,203,,264067,,,,,,
dynamic,alns,,manual_assignment,PRIMARY,5.0,1,FEASIBLE,3abfa623e7a78223e66f860e9b8dfd2e452f68682cda51a7e8790238b8f4f985,f6159e9e18b37f8c5797043ba58d636bc5f35a73eb7d274531466b83c3734f23,ee570c715a0df06f400a3815f8b508637698ad2fa314679ce6539656d9a9cfcf,2026-09-18T05:57:03.641026+00:00,results\raw\policy-alns-manual_assignment-PRIMARY-5s-1-9e3e07cfb8740090.json,100,100,0,174,0,100.0,26,818.527,1194.2333333333333,2495.75,9230.0,14,0,430.0702380952381,464.10833333333335,678.0833333333334,510.0702380952381,758.0833333333334,5067.448199999944,1.7417999999906897,6616.333599999962,118.76953125,6343.75,174,14,19,19,12,43,0,0,117.4,7.0.0,,,,543,3,0,,True,29,203,,361259,,,,,,
dynamic,alns,,manual_time,POLICY_FAST_RESPONSE,5.0,1,FEASIBLE,3abfa623e7a78223e66f860e9b8dfd2e452f68682cda51a7e8790238b8f4f985,f6159e9e18b37f8c5797043ba58d636bc5f35a73eb7d274531466b83c3734f23,ee570c715a0df06f400a3815f8b508637698ad2fa314679ce6539656d9a9cfcf,2026-09-18T05:58:09.878083+00:00,results\raw\policy-alns-manual_time-POLICY_FAST_RESPONSE-5s-1-98b110979315ced6.json,100,100,0,174,0,100.0,27,1124.55,1470.1,2535.95,9230.0,14,0,278.0607142857143,278.025,446.48333333333335,358.0607142857143,526.4833333333333,5011.249200000066,1.606699999911143,6550.508699999909,119.1171875,6265.625,174,14,50,50,21,88,0,1,431.21666666666664,7.0.0,,,,543,3,0,,True,29,203,,233571,,,,,,
dynamic,alns,,manual_time,POLICY_MIN_STAFF,5.0,1,FEASIBLE,3abfa623e7a78223e66f860e9b8dfd2e452f68682cda51a7e8790238b8f4f985,f6159e9e18b37f8c5797043ba58d636bc5f35a73eb7d274531466b83c3734f23,ee570c715a0df06f400a3815f8b508637698ad2fa314679ce6539656d9a9cfcf,2026-09-18T05:58:16.569637+00:00,results\raw\policy-alns-manual_time-POLICY_MIN_STAFF-5s-1-184a7bf1510a9587.json,100,100,0,174,0,100.0,25,1199.288,1521.5166666666667,2271.45,9230.0,14,0,363.6047619047619,356.26666666666665,605.5,443.6047619047619,685.5,5019.238600000108,2.829099999871687,6610.630199999832,119.21875,6296.875,174,14,38,38,28,93,0,0,431.21666666666664,7.0.0,,,,543,3,0,,True,29,203,,305428,,,,,,
dynamic,alns,,manual_time,PRIMARY,5.0,1,FEASIBLE,3abfa623e7a78223e66f860e9b8dfd2e452f68682cda51a7e8790238b8f4f985,f6159e9e18b37f8c5797043ba58d636bc5f35a73eb7d274531466b83c3734f23,ee570c715a0df06f400a3815f8b508637698ad2fa314679ce6539656d9a9cfcf,2026-09-18T05:58:03.187687+00:00,results\raw\policy-alns-manual_time-PRIMARY-5s-1-81738280f91e90c0.json,100,100,0,174,0,100.0,26,799.227,1158.7666666666667,2591.8333333333335,9230.0,14,0,453.56904761904764,498.08333333333337,697.2833333333333,533.5690476190476,777.2833333333333,5008.096300000034,103.72320000010404,6545.2631999999085,118.3671875,6250.0,174,14,16,16,4,27,0,0,350.05,7.0.0,,,,543,3,0,,True,29,203,,380998,,,,,,
dynamic,alns,,new_emergency,POLICY_FAST_RESPONSE,5.0,1,FEASIBLE,3abfa623e7a78223e66f860e9b8dfd2e452f68682cda51a7e8790238b8f4f985,f6159e9e18b37f8c5797043ba58d636bc5f35a73eb7d274531466b83c3734f23,ee570c715a0df06f400a3815f8b508637698ad2fa314679ce6539656d9a9cfcf,2026-09-18T05:54:13.074057+00:00,results\raw\policy-alns-new_emergency-POLICY_FAST_RESPONSE-5s-1-8a8ad9e0c4b3f961.json,100,100,0,175,0,100.0,28,1164.304,1479.4,2919.3333333333335,9310.0,15,0,272.77,263.95,475.56666666666666,352.77,555.5666666666667,5017.349499999909,1.5975999999682244,6374.68530000001,121.46484375,6062.5,175,15,57,57,15,100,0,2,441.2,7.0.0,,,,543,3,0,,True,29,204,95.71666666666667,245493,,,,,,
dynamic,alns,,new_emergency,POLICY_MIN_STAFF,5.0,1,FEASIBLE,3abfa623e7a78223e66f860e9b8dfd2e452f68682cda51a7e8790238b8f4f985,f6159e9e18b37f8c5797043ba58d636bc5f35a73eb7d274531466b83c3734f23,ee570c715a0df06f400a3815f8b508637698ad2fa314679ce6539656d9a9cfcf,2026-09-18T05:54:19.612995+00:00,results\raw\policy-alns-new_emergency-POLICY_MIN_STAFF-5s-1-38cbf26200b0358f.json,100,100,0,175,0,100.0,25,1139.102,1443.6,2174.8,9310.0,15,0,347.63444444444445,324.81666666666666,601.5333333333333,427.63444444444445,681.5333333333333,5019.499400000086,1.8218000000160828,6450.44340000004,118.93359375,6250.0,175,15,38,38,22,82,0,0,431.21666666666664,7.0.0,,,,543,3,0,,True,29,204,5.666666666666667,312871,,,,,,
dynamic,alns,,new_emergency,PRIMARY,5.0,1,FEASIBLE,3abfa623e7a78223e66f860e9b8dfd2e452f68682cda51a7e8790238b8f4f985,f6159e9e18b37f8c5797043ba58d636bc5f35a73eb7d274531466b83c3734f23,ee570c715a0df06f400a3815f8b508637698ad2fa314679ce6539656d9a9cfcf,2026-09-18T05:54:06.453946+00:00,results\raw\policy-alns-new_emergency-PRIMARY-5s-1-3acaa0923bc39bda.json,100,100,0,175,0,100.0,26,858.707,1213.9666666666667,2511.2,9310.0,15,0,414.7033333333333,444.1,686.4333333333333,494.7033333333333,766.4333333333333,5009.977200000094,1.3370000001486915,6475.149900000133,119.3984375,6296.875,175,15,12,12,5,31,0,0,95.8,7.0.0,,,,543,3,0,,True,29,204,95.66666666666667,373233,,,,,,
dynamic,alns,,worker_unavailability,POLICY_FAST_RESPONSE,5.0,1,FEASIBLE,3abfa623e7a78223e66f860e9b8dfd2e452f68682cda51a7e8790238b8f4f985,f6159e9e18b37f8c5797043ba58d636bc5f35a73eb7d274531466b83c3734f23,ee570c715a0df06f400a3815f8b508637698ad2fa314679ce6539656d9a9cfcf,2026-09-18T05:56:09.779425+00:00,results\raw\policy-alns-worker_unavailability-POLICY_FAST_RESPONSE-5s-1-8fcf88321feead3a.json,100,0,0,173,1,99.42528735632185,29,1227.579,1524.6666666666667,2990.366666666667,9200.0,14,0,285.83214285714286,277.6333333333333,458.1666666666667,365.83214285714286,538.1666666666666,5015.2002000002085,2.1553000001404143,6797.716499999979,120.4375,5937.5,174,14,51,51,27,105,1,3,431.21666666666664,7.0.0,,,,543,3,0,,True,29,202,,240099,,,,,,
dynamic,alns,,worker_unavailability,POLICY_MIN_STAFF,5.0,1,FEASIBLE,3abfa623e7a78223e66f860e9b8dfd2e452f68682cda51a7e8790238b8f4f985,f6159e9e18b37f8c5797043ba58d636bc5f35a73eb7d274531466b83c3734f23,ee570c715a0df06f400a3815f8b508637698ad2fa314679ce6539656d9a9cfcf,2026-09-18T05:56:16.833739+00:00,results\raw\policy-alns-worker_unavailability-POLICY_MIN_STAFF-5s-1-c381819bada01398.json,100,0,0,173,1,99.42528735632185,27,1176.052,1479.05,2830.8333333333335,9200.0,14,0,371.6428571428571,373.925,636.65,451.6428571428571,716.65,5036.575299999868,2.2178000001531473,6991.644699999824,118.6875,6359.375,174,14,50,50,22,95,1,2,431.21666666666664,7.0.0,,,,543,3,0,,True,29,202,,312180,,,,,,
dynamic,alns,,worker_unavailability,PRIMARY,5.0,1,FEASIBLE,3abfa623e7a78223e66f860e9b8dfd2e452f68682cda51a7e8790238b8f4f985,f6159e9e18b37f8c5797043ba58d636bc5f35a73eb7d274531466b83c3734f23,ee570c715a0df06f400a3815f8b508637698ad2fa314679ce6539656d9a9cfcf,2026-09-18T05:56:02.424820+00:00,results\raw\policy-alns-worker_unavailability-PRIMARY-5s-1-5778c29f7fcd5c3d.json,100,0,0,173,1,99.42528735632185,28,794.594,1155.85,3058.616666666667,9200.0,14,0,428.5654761904762,463.95000000000005,686.4333333333333,508.5654761904762,766.4333333333333,5013.1613000000925,1.3317999998889718,7271.49089999989,118.26171875,6296.875,174,14,26,26,9,47,1,2,110.13333333333334,7.0.0,,,,543,3,0,,True,29,202,,359995,,,,,,
dynamic,ortools_routing,,cancellation,POLICY_FAST_RESPONSE,5.0,1,FEASIBLE,c64dcd6c089bb5da3fa33c6453859f06344bf39fc8afb5c4d0982f43743e4308,f6159e9e18b37f8c5797043ba58d636bc5f35a73eb7d274531466b83c3734f23,ee570c715a0df06f400a3815f8b508637698ad2fa314679ce6539656d9a9cfcf,2026-09-18T05:54:52.509797+00:00,results\raw\policy-ortools_routing-cancellation-POLICY_FAST_RESPONSE-5s-1-adf391abae4a0715.json,100,100,0,173,0,100.0,28,1003.044,1326.6333333333334,3081.85,9200.0,14,0,325.2345238095238,308.65,567.5333333333333,405.2345238095238,647.5333333333333,5146.221100000048,1.98909999994612,5582.241100000147,60.18359375,5343.75,173,14,22,22,14,50,1,2,363.8833333333333,9.15.6755,,,,487,3,0,,True,29,202,,273197,,,,,,
dynamic,ortools_routing,,cancellation,POLICY_MIN_STAFF,5.0,1,FEASIBLE,c64dcd6c089bb5da3fa33c6453859f06344bf39fc8afb5c4d0982f43743e4308,f6159e9e18b37f8c5797043ba58d636bc5f35a73eb7d274531466b83c3734f23,ee570c715a0df06f400a3815f8b508637698ad2fa314679ce6539656d9a9cfcf,2026-09-18T05:54:58.280627+00:00,results\raw\policy-ortools_routing-cancellation-POLICY_MIN_STAFF-5s-1-88b4091e7a324b96.json,100,100,0,173,0,100.0,26,897.324,1260.3333333333333,2402.5666666666666,9200.0,14,0,334.4940476190476,325.0083333333333,572.6666666666666,414.4940476190476,652.6666666666666,5126.619099999971,1.6107999999803724,5653.332200000023,60.390625,5406.25,173,14,8,8,16,37,1,0,431.21666666666664,9.15.6755,,,,487,3,0,,True,29,202,,280975,,,,,,
dynamic,ortools_routing,,cancellation,PRIMARY,5.0,1,FEASIBLE,c64dcd6c089bb5da3fa33c6453859f06344bf39fc8afb5c4d0982f43743e4308,f6159e9e18b37f8c5797043ba58d636bc5f35a73eb7d274531466b83c3734f23,ee570c715a0df06f400a3815f8b508637698ad2fa314679ce6539656d9a9cfcf,2026-09-18T05:54:46.781247+00:00,results\raw\policy-ortools_routing-cancellation-PRIMARY-5s-1-0fed5b7875e1ece2.json,100,100,0,173,0,100.0,26,869.796,1222.7333333333333,2576.2166666666667,9200.0,14,0,428.5654761904762,463.95000000000005,686.4333333333333,508.5654761904762,766.4333333333333,5103.612799999837,1.6012999999475142,5608.382199999824,60.62890625,5343.75,173,14,0,0,0,0,1,0,0.0,9.15.6755,,,,487,3,0,,True,29,202,,359995,,,,,,
dynamic,ortools_routing,,initial,POLICY_FAST_RESPONSE,5.0,1,FEASIBLE,c64dcd6c089bb5da3fa33c6453859f06344bf39fc8afb5c4d0982f43743e4308,f6159e9e18b37f8c5797043ba58d636bc5f35a73eb7d274531466b83c3734f23,ee570c715a0df06f400a3815f8b508637698ad2fa314679ce6539656d9a9cfcf,2026-09-18T05:53:09.441211+00:00,results\raw\policy-ortools_routing-initial-POLICY_FAST_RESPONSE-5s-1-6200e3cb72c85461.json,100,100,0,203,0,100.0,27,1369.87,1775.4833333333333,4244.566666666667,10820.0,15,0,198.82555555555555,186.61666666666667,494.18333333333334,278.8255555555556,574.1833333333333,5130.622899999935,3.229300000157309,5656.298499999821,61.53515625,5281.25,203,15,,,,,,,,9.15.6755,,,,487,3,0,,True,0,203,,178943,,,,,,
dynamic,ortools_routing,,initial,POLICY_MIN_STAFF,5.0,1,FEASIBLE,c64dcd6c089bb5da3fa33c6453859f06344bf39fc8afb5c4d0982f43743e4308,f6159e9e18b37f8c5797043ba58d636bc5f35a73eb7d274531466b83c3734f23,ee570c715a0df06f400a3815f8b508637698ad2fa314679ce6539656d9a9cfcf,2026-09-18T05:53:15.253697+00:00,results\raw\policy-ortools_routing-initial-POLICY_MIN_STAFF-5s-1-b1c867ba177cf1b8.json,100,100,0,203,0,100.0,25,1413.587,1831.1,3335.116666666667,10820.0,15,0,224.14111111111112,186.61666666666667,536.3166666666667,304.1411111111111,616.3166666666667,5136.203699999896,2.221899999995003,5677.987900000062,61.53125,5203.125,203,15,,,,,,,,9.15.6755,,,,487,3,0,,True,0,203,,201727,,,,,,
dynamic,ortools_routing,,manual_assignment,POLICY_FAST_RESPONSE,5.0,1,FEASIBLE,c64dcd6c089bb5da3fa33c6453859f06344bf39fc8afb5c4d0982f43743e4308,f6159e9e18b37f8c5797043ba58d636bc5f35a73eb7d274531466b83c3734f23,ee570c715a0df06f400a3815f8b508637698ad2fa314679ce6539656d9a9cfcf,2026-09-18T05:56:52.000570+00:00,results\raw\policy-ortools_routing-manual_assignment-POLICY_FAST_RESPONSE-5s-1-35e03aaed84295ed.json,100,100,0,174,0,100.0,28,830.381,1207.0333333333333,2936.3166666666666,9230.0,14,0,323.3392857142857,293.01666666666665,572.0,403.3392857142857,652.0,5115.058999999974,2.1509999999125284,5699.138299999959,60.171875,5343.75,174,14,43,43,20,82,0,2,363.8833333333333,9.15.6755,,,,487,3,0,,True,29,203,,271605,,,,,,
dynamic,ortools_routing,,manual_assignment,POLICY_MIN_STAFF,5.0,1,FEASIBLE,c64dcd6c089bb5da3fa33c6453859f06344bf39fc8afb5c4d0982f43743e4308,f6159e9e18b37f8c5797043ba58d636bc5f35a73eb7d274531466b83c3734f23,ee570c715a0df06f400a3815f8b508637698ad2fa314679ce6539656d9a9cfcf,2026-09-18T05:56:57.815339+00:00,results\raw\policy-ortools_routing-manual_assignment-POLICY_MIN_STAFF-5s-1-1270273bcde62b70.json,100,100,0,174,0,100.0,26,945.886,1310.45,2503.8333333333335,9230.0,14,0,324.40238095238095,300.95833333333337,541.9166666666666,404.40238095238095,621.9166666666666,5106.719000000112,1.5174000000115484,5693.985999999995,60.30078125,5312.5,174,14,55,55,12,88,0,1,441.2,9.15.6755,,,,487,3,0,,True,29,203,,272498,,,,,,
dynamic,ortools_routing,,manual_assignment,PRIMARY,5.0,1,FEASIBLE,c64dcd6c089bb5da3fa33c6453859f06344bf39fc8afb5c4d0982f43743e4308,f6159e9e18b37f8c5797043ba58d636bc5f35a73eb7d274531466b83c3734f23,ee570c715a0df06f400a3815f8b508637698ad2fa314679ce6539656d9a9cfcf,2026-09-18T05:56:46.128747+00:00,results\raw\policy-ortools_routing-manual_assignment-PRIMARY-5s-1-7889c585143f91e2.json,100,100,0,174,0,100.0,27,797.097,1162.4166666666667,3004.55,9230.0,14,0,417.01428571428573,424.4083333333333,686.4333333333333,497.01428571428573,766.4333333333333,5138.643099999854,1.8359999999120191,5747.701900000038,59.921875,5265.625,174,14,42,42,12,57,0,1,161.71666666666667,9.15.6755,,,,487,3,0,,True,29,203,,350292,,,,,,
dynamic,ortools_routing,,manual_time,POLICY_FAST_RESPONSE,5.0,1,FEASIBLE,c64dcd6c089bb5da3fa33c6453859f06344bf39fc8afb5c4d0982f43743e4308,f6159e9e18b37f8c5797043ba58d636bc5f35a73eb7d274531466b83c3734f23,ee570c715a0df06f400a3815f8b508637698ad2fa314679ce6539656d9a9cfcf,2026-09-18T05:57:51.372830+00:00,results\raw\policy-ortools_routing-manual_time-POLICY_FAST_RESPONSE-5s-1-8e5d5f482e840d55.json,100,100,0,174,0,100.0,28,1003.437,1327.7,3050.7833333333333,9230.0,14,0,325.2345238095238,308.65,567.5333333333333,405.2345238095238,647.5333333333333,5157.003199999963,1.6554000001178792,5892.070999999987,60.4765625,5421.875,174,14,22,22,14,51,0,2,363.8833333333333,9.15.6755,,,,487,3,0,,True,29,203,,273197,,,,,,
dynamic,ortools_routing,,manual_time,POLICY_MIN_STAFF,5.0,1,FEASIBLE,c64dcd6c089bb5da3fa33c6453859f06344bf39fc8afb5c4d0982f43743e4308,f6159e9e18b37f8c5797043ba58d636bc5f35a73eb7d274531466b83c3734f23,ee570c715a0df06f400a3815f8b508637698ad2fa314679ce6539656d9a9cfcf,2026-09-18T05:57:57.350448+00:00,results\raw\policy-ortools_routing-manual_time-POLICY_MIN_STAFF-5s-1-9267b95adc2152b2.json,100,100,0,174,0,100.0,26,897.717,1261.4,2371.5,9230.0,14,0,334.4940476190476,325.0083333333333,572.6666666666666,414.4940476190476,652.6666666666666,5111.258599999928,1.5831000000616768,5698.539600000004,60.53125,5375.0,174,14,8,8,16,38,0,0,431.21666666666664,9.15.6755,,,,487,3,0,,True,29,203,,280975,,,,,,
dynamic,ortools_routing,,manual_time,PRIMARY,5.0,1,FEASIBLE,c64dcd6c089bb5da3fa33c6453859f06344bf39fc8afb5c4d0982f43743e4308,f6159e9e18b37f8c5797043ba58d636bc5f35a73eb7d274531466b83c3734f23,ee570c715a0df06f400a3815f8b508637698ad2fa314679ce6539656d9a9cfcf,2026-09-18T05:57:45.281510+00:00,results\raw\policy-ortools_routing-manual_time-PRIMARY-5s-1-852d8e4803107a87.json,100,100,0,174,0,100.0,26,870.189,1223.8,2545.15,9230.0,14,0,428.5654761904762,463.95000000000005,686.4333333333333,508.5654761904762,766.4333333333333,5142.079299999978,2.6299000001017703,5875.296700000035,60.14453125,5031.25,174,14,0,0,0,1,0,0,5.0,9.15.6755,,,,487,3,0,,True,29,203,,359995,,,,,,
dynamic,ortools_routing,,new_emergency,POLICY_FAST_RESPONSE,5.0,1,FEASIBLE,c64dcd6c089bb5da3fa33c6453859f06344bf39fc8afb5c4d0982f43743e4308,f6159e9e18b37f8c5797043ba58d636bc5f35a73eb7d274531466b83c3734f23,ee570c715a0df06f400a3815f8b508637698ad2fa314679ce6539656d9a9cfcf,2026-09-18T05:53:54.743821+00:00,results\raw\policy-ortools_routing-new_emergency-POLICY_FAST_RESPONSE-5s-1-427e86d917b936c5.json,100,100,0,175,0,100.0,28,1009.725,1339.0833333333333,2951.9333333333334,9310.0,15,0,309.95666666666665,292.1,567.5333333333333,389.95666666666665,647.5333333333333,5108.082599999989,2.5832000001173583,5619.814399999996,60.24609375,5359.375,175,15,25,25,16,53,0,2,431.21666666666664,9.15.6755,,,,487,3,0,,True,29,204,85.66666666666667,278961,,,,,,
dynamic,ortools_routing,,new_emergency,POLICY_MIN_STAFF,5.0,1,FEASIBLE,c64dcd6c089bb5da3fa33c6453859f06344bf39fc8afb5c4d0982f43743e4308,f6159e9e18b37f8c5797043ba58d636bc5f35a73eb7d274531466b83c3734f23,ee570c715a0df06f400a3815f8b508637698ad2fa314679ce6539656d9a9cfcf,2026-09-18T05:54:00.529094+00:00,results\raw\policy-ortools_routing-new_emergency-POLICY_MIN_STAFF-5s-1-7cb845d0b4dda3d5.json,100,100,0,175,0,100.0,26,897.431,1259.85,2351.116666666667,9310.0,15,0,323.2388888888889,324.81666666666666,572.6666666666666,403.2388888888889,652.6666666666666,5159.27210000018,1.4050000002043816,5765.073999999913,60.58203125,5437.5,175,15,13,13,13,39,0,0,431.21666666666664,9.15.6755,,,,487,3,0,,True,29,204,5.666666666666667,290915,,,,,,
dynamic,ortools_routing,,new_emergency,PRIMARY,5.0,1,FEASIBLE,c64dcd6c089bb5da3fa33c6453859f06344bf39fc8afb5c4d0982f43743e4308,f6159e9e18b37f8c5797043ba58d636bc5f35a73eb7d274531466b83c3734f23,ee570c715a0df06f400a3815f8b508637698ad2fa314679ce6539656d9a9cfcf,2026-09-18T05:53:49.064571+00:00,results\raw\policy-ortools_routing-new_emergency-PRIMARY-5s-1-a4190e61b4a79bff.json,100,100,0,175,0,100.0,26,872.711,1227.1166666666666,2487.2166666666667,9310.0,15,0,401.3977777777778,444.1,686.4333333333333,481.3977777777778,766.4333333333333,5103.128799999922,1.2469000000692176,5580.160399999841,60.26171875,5390.625,175,15,2,2,4,8,0,0,109.78333333333333,9.15.6755,,,,487,3,0,,True,29,204,5.666666666666667,361258,,,,,,
dynamic,ortools_routing,,worker_unavailability,POLICY_FAST_RESPONSE,5.0,1,FEASIBLE,c64dcd6c089bb5da3fa33c6453859f06344bf39fc8afb5c4d0982f43743e4308,f6159e9e18b37f8c5797043ba58d636bc5f35a73eb7d274531466b83c3734f23,ee570c715a0df06f400a3815f8b508637698ad2fa314679ce6539656d9a9cfcf,2026-09-18T05:55:50.596023+00:00,results\raw\policy-ortools_routing-worker_unavailability-POLICY_FAST_RESPONSE-5s-1-983a1dfe9305aa93.json,100,0,0,173,1,99.42528735632185,30,802.345,1161.1166666666666,3465.4,9200.0,14,0,323.3392857142857,293.01666666666665,572.0,403.3392857142857,652.0,5122.225800000024,1.8923000000086176,5697.38940000002,60.2578125,5390.625,174,14,60,60,20,103,1,4,363.8833333333333,9.15.6755,,,,487,3,0,,True,29,202,,271605,,,,,,
dynamic,ortools_routing,,worker_unavailability,POLICY_MIN_STAFF,5.0,1,FEASIBLE,c64dcd6c089bb5da3fa33c6453859f06344bf39fc8afb5c4d0982f43743e4308,f6159e9e18b37f8c5797043ba58d636bc5f35a73eb7d274531466b83c3734f23,ee570c715a0df06f400a3815f8b508637698ad2fa314679ce6539656d9a9cfcf,2026-09-18T05:55:56.442222+00:00,results\raw\policy-ortools_routing-worker_unavailability-POLICY_MIN_STAFF-5s-1-a815810f1af793d4.json,100,0,0,173,1,99.42528735632185,29,889.129,1228.9833333333333,3420.883333333333,9200.0,14,0,324.36785714285713,300.95833333333337,541.9166666666666,404.36785714285713,621.9166666666666,5126.148000000057,2.295999999887499,5751.430300000038,60.16796875,4921.875,174,14,70,70,16,110,1,4,363.8833333333333,9.15.6755,,,,487,3,0,,True,29,202,,272469,,,,,,
dynamic,ortools_routing,,worker_unavailability,PRIMARY,5.0,1,FEASIBLE,c64dcd6c089bb5da3fa33c6453859f06344bf39fc8afb5c4d0982f43743e4308,f6159e9e18b37f8c5797043ba58d636bc5f35a73eb7d274531466b83c3734f23,ee570c715a0df06f400a3815f8b508637698ad2fa314679ce6539656d9a9cfcf,2026-09-18T05:55:44.760415+00:00,results\raw\policy-ortools_routing-worker_unavailability-PRIMARY-5s-1-1abe2ae0bbda521e.json,100,0,0,173,1,99.42528735632185,29,771.279,1117.8,3454.0833333333335,9200.0,14,0,441.2369047619048,463.95000000000005,686.4333333333333,521.2369047619047,766.4333333333333,5135.481000000027,1.8875000000662112,5803.31840000008,60.01953125,5484.375,174,14,65,65,8,88,1,3,185.3,9.15.6755,,,,487,3,0,,True,29,202,,370639,,,,,,
dynamic,timefold,,cancellation,POLICY_FAST_RESPONSE,5.0,1,FEASIBLE,8d250ed43457e16bf066f55ee1850510402ae8c4d4a6deb6157b105ce528248d,f6159e9e18b37f8c5797043ba58d636bc5f35a73eb7d274531466b83c3734f23,ee570c715a0df06f400a3815f8b508637698ad2fa314679ce6539656d9a9cfcf,2026-09-18T05:55:30.604678+00:00,results\raw\policy-timefold-cancellation-POLICY_FAST_RESPONSE-5s-1-63a46714c7812d84.json,100,100,0,173,0,100.0,34,1630.852,2045.4833333333333,4924.8,9200.0,14,0,410.9404761904762,430.125,628.95,490.9404761904762,708.95,6600.206600000092,2.4505000001227017,6951.467599999887,287.97265625,10875.0,173,14,83,83,12,115,1,8,352.0833333333333,2.6.0,,,,355,3,0,,True,29,202,,345190,,,,,,
dynamic,timefold,,cancellation,POLICY_MIN_STAFF,5.0,1,FEASIBLE,8d250ed43457e16bf066f55ee1850510402ae8c4d4a6deb6157b105ce528248d,f6159e9e18b37f8c5797043ba58d636bc5f35a73eb7d274531466b83c3734f23,ee570c715a0df06f400a3815f8b508637698ad2fa314679ce6539656d9a9cfcf,2026-09-18T05:55:37.664936+00:00,results\raw\policy-timefold-cancellation-POLICY_MIN_STAFF-5s-1-461bcd9e4e2a80b7.json,100,100,0,173,0,100.0,26,1380.018,1812.6833333333334,2228.116666666667,9200.0,14,0,397.23214285714283,404.21666666666664,687.1666666666666,477.23214285714283,767.1666666666666,6477.968200000078,1.8605999998726475,6873.293899999908,287.57421875,10343.75,173,14,48,48,13,101,1,0,373.95,2.6.0,,,,355,3,0,,True,29,202,,333675,,,,,,
dynamic,timefold,,cancellation,PRIMARY,5.0,1,FEASIBLE,8d250ed43457e16bf066f55ee1850510402ae8c4d4a6deb6157b105ce528248d,f6159e9e18b37f8c5797043ba58d636bc5f35a73eb7d274531466b83c3734f23,ee570c715a0df06f400a3815f8b508637698ad2fa314679ce6539656d9a9cfcf,2026-09-18T05:55:23.469596+00:00,results\raw\policy-timefold-cancellation-PRIMARY-5s-1-35a7038878ed3e73.json,100,100,0,173,0,100.0,26,869.796,1222.7333333333333,2576.2166666666667,9200.0,14,0,428.5654761904762,463.95000000000005,686.4333333333333,508.5654761904762,766.4333333333333,6628.149400000211,2.5676000000203203,7027.763499999992,278.3515625,9781.25,173,14,0,0,0,0,1,0,0.0,2.6.0,,,,355,3,0,,True,29,202,,359995,,,,,,
dynamic,timefold,,initial,POLICY_FAST_RESPONSE,5.0,1,FEASIBLE,8d250ed43457e16bf066f55ee1850510402ae8c4d4a6deb6157b105ce528248d,f6159e9e18b37f8c5797043ba58d636bc5f35a73eb7d274531466b83c3734f23,ee570c715a0df06f400a3815f8b508637698ad2fa314679ce6539656d9a9cfcf,2026-09-18T05:53:34.763326+00:00,results\raw\policy-timefold-initial-POLICY_FAST_RESPONSE-5s-1-4164d4c055332724.json,100,0,0,186,17,91.6256157635468,27,1733.485,2140.616666666667,4632.216666666666,10280.0,15,0,326.79555555555555,389.6666666666667,630.9833333333333,406.79555555555555,710.9833333333333,6609.736000000112,2.8339999998934218,6978.010799999993,282.34375,10375.0,203,15,,,,,,,,2.6.0,,,,355,3,0,,True,0,186,,294116,,,,,,
dynamic,timefold,,initial,POLICY_MIN_STAFF,5.0,1,FEASIBLE,8d250ed43457e16bf066f55ee1850510402ae8c4d4a6deb6157b105ce528248d,f6159e9e18b37f8c5797043ba58d636bc5f35a73eb7d274531466b83c3734f23,ee570c715a0df06f400a3815f8b508637698ad2fa314679ce6539656d9a9cfcf,2026-09-18T05:53:41.877895+00:00,results\raw\policy-timefold-initial-POLICY_MIN_STAFF-5s-1-8d2cea1783aa2429.json,100,0,0,194,9,95.56650246305419,26,1793.655,2228.55,4073.3166666666666,10570.0,15,0,344.09444444444443,389.6666666666667,630.9833333333333,424.09444444444443,710.9833333333333,6702.0036999999775,3.1261000001450157,7067.572900000187,278.359375,9890.625,203,15,,,,,,,,2.6.0,,,,355,3,0,,True,0,194,,309685,,,,,,
dynamic,timefold,,manual_assignment,POLICY_FAST_RESPONSE,5.0,1,FEASIBLE,8d250ed43457e16bf066f55ee1850510402ae8c4d4a6deb6157b105ce528248d,f6159e9e18b37f8c5797043ba58d636bc5f35a73eb7d274531466b83c3734f23,ee570c715a0df06f400a3815f8b508637698ad2fa314679ce6539656d9a9cfcf,2026-09-18T05:57:30.996976+00:00,results\raw\policy-timefold-manual_assignment-POLICY_FAST_RESPONSE-5s-1-f960b7f18a7be05d.json,100,100,0,174,0,100.0,34,1718.869,2132.0833333333335,5075.8,9230.0,14,0,393.42857142857144,392.0,617.85,473.42857142857144,697.85,6480.285200000026,5.072899999959191,6886.456800000133,284.07421875,10406.25,174,14,91,91,20,140,0,8,441.2,2.6.0,,,,355,3,0,,True,29,203,,330480,,,,,,
dynamic,timefold,,manual_assignment,POLICY_MIN_STAFF,5.0,1,FEASIBLE,8d250ed43457e16bf066f55ee1850510402ae8c4d4a6deb6157b105ce528248d,f6159e9e18b37f8c5797043ba58d636bc5f35a73eb7d274531466b83c3734f23,ee570c715a0df06f400a3815f8b508637698ad2fa314679ce6539656d9a9cfcf,2026-09-18T05:57:38.018522+00:00,results\raw\policy-timefold-manual_assignment-POLICY_MIN_STAFF-5s-1-8942ed457d77458d.json,100,100,0,174,0,100.0,26,893.628,1258.0666666666666,2426.85,9230.0,14,0,409.8702380952381,444.8,648.1333333333333,489.8702380952381,728.1333333333333,6697.782799999914,3.120000000080836,7098.975800000062,287.1015625,10625.0,174,14,3,3,4,13,0,0,77.86666666666666,2.6.0,,,,355,3,0,,True,29,203,,344291,,,,,,
dynamic,timefold,,manual_assignment,PRIMARY,5.0,1,FEASIBLE,8d250ed43457e16bf066f55ee1850510402ae8c4d4a6deb6157b105ce528248d,f6159e9e18b37f8c5797043ba58d636bc5f35a73eb7d274531466b83c3734f23,ee570c715a0df06f400a3815f8b508637698ad2fa314679ce6539656d9a9cfcf,2026-09-18T05:57:23.734282+00:00,results\raw\policy-timefold-manual_assignment-PRIMARY-5s-1-222f74e8690b0fb9.json,100,100,0,174,0,100.0,26,893.627,1258.3,2464.9166666666665,9230.0,14,0,428.5654761904762,463.95000000000005,686.4333333333333,508.5654761904762,766.4333333333333,6732.814899999994,3.507800000079442,7141.555299999936,283.8515625,10437.5,174,14,3,3,2,6,0,0,77.86666666666666,2.6.0,,,,355,3,0,,True,29,203,,359995,,,,,,
dynamic,timefold,,manual_time,POLICY_FAST_RESPONSE,5.0,1,FEASIBLE,8d250ed43457e16bf066f55ee1850510402ae8c4d4a6deb6157b105ce528248d,f6159e9e18b37f8c5797043ba58d636bc5f35a73eb7d274531466b83c3734f23,ee570c715a0df06f400a3815f8b508637698ad2fa314679ce6539656d9a9cfcf,2026-09-18T05:58:31.028845+00:00,results\raw\policy-timefold-manual_time-POLICY_FAST_RESPONSE-5s-1-f255ea9ec6bb9e85.json,100,100,0,174,0,100.0,32,1475.511,1897.8166666666666,4025.7,9230.0,14,0,409.75119047619046,404.67499999999995,688.6333333333333,489.75119047619046,768.6333333333333,6745.891499999971,4.770700000108263,7177.954900000032,280.6875,9765.625,174,14,61,61,12,119,0,6,283.95,2.6.0,,,,355,3,0,,True,29,203,,344191,,,,,,
dynamic,timefold,,manual_time,POLICY_MIN_STAFF,5.0,1,FEASIBLE,8d250ed43457e16bf066f55ee1850510402ae8c4d4a6deb6157b105ce528248d,f6159e9e18b37f8c5797043ba58d636bc5f35a73eb7d274531466b83c3734f23,ee570c715a0df06f400a3815f8b508637698ad2fa314679ce6539656d9a9cfcf,2026-09-18T05:58:38.412560+00:00,results\raw\policy-timefold-manual_time-POLICY_MIN_STAFF-5s-1-081a463d867f5b62.json,100,100,0,174,0,100.0,26,888.079,1246.7666666666667,2510.8,9230.0,14,0,427.752380952381,463.95000000000005,686.4333333333333,507.752380952381,766.4333333333333,7000.758200000064,2.7721999999812397,7484.887300000082,270.54296875,10000.0,174,14,1,1,0,4,0,0,40.43333333333333,2.6.0,,,,355,3,0,,True,29,203,,359312,,,,,,
dynamic,timefold,,manual_time,PRIMARY,5.0,1,FEASIBLE,8d250ed43457e16bf066f55ee1850510402ae8c4d4a6deb6157b105ce528248d,f6159e9e18b37f8c5797043ba58d636bc5f35a73eb7d274531466b83c3734f23,ee570c715a0df06f400a3815f8b508637698ad2fa314679ce6539656d9a9cfcf,2026-09-18T05:58:23.365924+00:00,results\raw\policy-timefold-manual_time-PRIMARY-5s-1-daba97d2f4f149a3.json,100,100,0,174,0,100.0,26,870.189,1223.8,2545.15,9230.0,14,0,428.5654761904762,463.95000000000005,686.4333333333333,508.5654761904762,766.4333333333333,7087.7081000001,3.378099999963524,7508.569500000021,287.72265625,10546.875,174,14,0,0,0,1,0,0,5.0,2.6.0,,,,355,3,0,,True,29,203,,359995,,,,,,
dynamic,timefold,,new_emergency,POLICY_FAST_RESPONSE,5.0,1,FEASIBLE,8d250ed43457e16bf066f55ee1850510402ae8c4d4a6deb6157b105ce528248d,f6159e9e18b37f8c5797043ba58d636bc5f35a73eb7d274531466b83c3734f23,ee570c715a0df06f400a3815f8b508637698ad2fa314679ce6539656d9a9cfcf,2026-09-18T05:54:33.142043+00:00,results\raw\policy-timefold-new_emergency-POLICY_FAST_RESPONSE-5s-1-3d52c4db89492867.json,100,100,0,175,0,100.0,27,1109.375,1462.25,2808.733333333333,9310.0,15,0,363.93333333333334,347.23333333333335,648.35,443.93333333333334,728.35,6321.891000000051,2.3794000001089444,6666.534100000035,281.13671875,10187.5,175,15,20,20,14,54,0,1,373.95,2.6.0,,,,355,3,0,,True,29,204,15.716666666666667,327540,,,,,,
dynamic,timefold,,new_emergency,POLICY_MIN_STAFF,5.0,1,FEASIBLE,8d250ed43457e16bf066f55ee1850510402ae8c4d4a6deb6157b105ce528248d,f6159e9e18b37f8c5797043ba58d636bc5f35a73eb7d274531466b83c3734f23,ee570c715a0df06f400a3815f8b508637698ad2fa314679ce6539656d9a9cfcf,2026-09-18T05:54:39.963906+00:00,results\raw\policy-timefold-new_emergency-POLICY_MIN_STAFF-5s-1-555bddde895c35ca.json,100,100,0,175,0,100.0,26,1111.099,1466.0333333333333,2314.95,9310.0,15,0,363.93333333333334,347.23333333333335,648.35,443.93333333333334,728.35,6304.257000000007,2.6866999999128893,6687.3243,294.01953125,10484.375,175,15,19,19,18,57,0,0,373.95,2.6.0,,,,355,3,0,,True,29,204,15.716666666666667,327540,,,,,,
dynamic,timefold,,new_emergency,PRIMARY,5.0,1,FEASIBLE,8d250ed43457e16bf066f55ee1850510402ae8c4d4a6deb6157b105ce528248d,f6159e9e18b37f8c5797043ba58d636bc5f35a73eb7d274531466b83c3734f23,ee570c715a0df06f400a3815f8b508637698ad2fa314679ce6539656d9a9cfcf,2026-09-18T05:54:26.206438+00:00,results\raw\policy-timefold-new_emergency-PRIMARY-5s-1-a947dce089a3fc49.json,100,100,0,175,0,100.0,26,875.078,1230.95,2467.016666666667,9310.0,15,0,402.5022222222222,444.1,686.4333333333333,482.5022222222222,766.4333333333333,6429.202700000133,1.926099999991493,6773.928099999921,291.68359375,10109.375,175,15,0,0,0,7,0,0,41.06666666666667,2.6.0,,,,355,3,0,,True,29,204,15.716666666666667,362252,,,,,,
dynamic,timefold,,worker_unavailability,POLICY_FAST_RESPONSE,5.0,1,FEASIBLE,8d250ed43457e16bf066f55ee1850510402ae8c4d4a6deb6157b105ce528248d,f6159e9e18b37f8c5797043ba58d636bc5f35a73eb7d274531466b83c3734f23,ee570c715a0df06f400a3815f8b508637698ad2fa314679ce6539656d9a9cfcf,2026-09-18T05:56:31.743636+00:00,results\raw\policy-timefold-worker_unavailability-POLICY_FAST_RESPONSE-5s-1-021a6d1bb85b72f6.json,100,0,0,173,1,99.42528735632185,35,1293.848,1721.4833333333333,4795.4,9200.0,14,0,400.1654761904762,393.9916666666667,681.15,480.16547619047617,761.15,6722.440099999858,3.4976000001734064,7112.1508999999605,279.98828125,10156.25,174,14,71,71,15,111,1,9,373.95,2.6.0,,,,355,3,0,,True,29,202,,336139,,,,,,
dynamic,timefold,,worker_unavailability,POLICY_MIN_STAFF,5.0,1,FEASIBLE,8d250ed43457e16bf066f55ee1850510402ae8c4d4a6deb6157b105ce528248d,f6159e9e18b37f8c5797043ba58d636bc5f35a73eb7d274531466b83c3734f23,ee570c715a0df06f400a3815f8b508637698ad2fa314679ce6539656d9a9cfcf,2026-09-18T05:56:38.989474+00:00,results\raw\policy-timefold-worker_unavailability-POLICY_MIN_STAFF-5s-1-4f55dce78d13761b.json,100,0,0,173,1,99.42528735632185,29,1332.819,1748.8,3406.9,9200.0,14,0,384.43095238095236,379.9666666666667,677.05,464.43095238095236,757.05,6577.978499999972,3.2360000000153377,6979.752799999915,285.45703125,10750.0,174,14,72,72,22,124,1,3,441.2,2.6.0,,,,355,3,0,,True,29,202,,322922,,,,,,
dynamic,timefold,,worker_unavailability,PRIMARY,5.0,1,FEASIBLE,8d250ed43457e16bf066f55ee1850510402ae8c4d4a6deb6157b105ce528248d,f6159e9e18b37f8c5797043ba58d636bc5f35a73eb7d274531466b83c3734f23,ee570c715a0df06f400a3815f8b508637698ad2fa314679ce6539656d9a9cfcf,2026-09-18T05:56:24.048888+00:00,results\raw\policy-timefold-worker_unavailability-PRIMARY-5s-1-79e468559a07aa2b.json,100,0,0,173,1,99.42528735632185,29,889.675,1249.45,3070.35,9200.0,14,0,428.5654761904762,463.95000000000005,686.4333333333333,508.5654761904762,766.4333333333333,7137.7950000000965,2.4587000000337866,7702.868599999874,285.703125,10562.5,174,14,10,10,2,14,1,3,79.03333333333333,2.6.0,,,,355,3,0,,True,29,202,,359995,,,,,,
scaling,alns,,1000,PRIMARY,15.0,1,FEASIBLE,4f21d11498707bfda3aff3bccca6551135050a7866c243e1fd8326d83480665f,aa246041d2cf5731051cd72aa3871b9266f6d2c0ba01a4285558aed35e15236e,ee570c715a0df06f400a3815f8b508637698ad2fa314679ce6539656d9a9cfcf,2026-09-18T09:07:18.673163+00:00,results\raw\scale-alns-1000-15s-1-15739e0170e1f9d4.json,100,100,0,1000,0,100.0,121,6213.899,7123.683333333333,17042.7,53160.0,70,0,386.67357142857145,426.79999999999995,697.3,466.67357142857145,777.3,15018.451699999787,7.5007000004916335,17701.248100000157,137.54296875,16500.0,1000,70,,,,,,,,7.0.0,,,,543,3,0,,True,,,,,274,50,6144,,,
scaling,alns,,500,PRIMARY,15.0,1,FEASIBLE,4f21d11498707bfda3aff3bccca6551135050a7866c243e1fd8326d83480665f,22686b39cbc2c929a2cbbd6de70d1aa4ca2ba950312fed417f809774a83daf79,ee570c715a0df06f400a3815f8b508637698ad2fa314679ce6539656d9a9cfcf,2026-09-18T08:59:40.297427+00:00,results\raw\scale-alns-500-15s-1-7084ec90a3367756.json,100,100,0,500,0,100.0,57,2882.125,3543.0333333333333,7104.883333333333,27080.0,34,0,415.7274509803922,480.1,681.2333333333333,495.7274509803922,761.2333333333333,15021.069600000374,5.051100000855513,17234.088399999564,131.72265625,16343.75,500,34,,,,,,,,7.0.0,,,,543,3,0,,True,,,,,256,50,6144,,,
scaling,cbc,,1000,PRIMARY,15.0,1,RESOURCE_LIMIT,480ca8e6dea8a06bedc97f0e9c653e32fe9392fa6d0726b82f639f29a9381c6d,aa246041d2cf5731051cd72aa3871b9266f6d2c0ba01a4285558aed35e15236e,ee570c715a0df06f400a3815f8b508637698ad2fa314679ce6539656d9a9cfcf,2026-09-18T09:11:06.643218+00:00,results\raw\scale-cbc-1000-15s-1-b19358077c5f97eb.json,0,0,,,,,,,,,,,,,,,,,,,105066.39280000035,2925.98046875,101500.0,1000,,,,,,,,,,,,,239,5,0,,,,,,,1608,50,6144,PROCESS_WALL_WATCHDOG,,
scaling,cbc,,500,PRIMARY,15.0,1,RESOURCE_LIMIT,480ca8e6dea8a06bedc97f0e9c653e32fe9392fa6d0726b82f639f29a9381c6d,22686b39cbc2c929a2cbbd6de70d1aa4ca2ba950312fed417f809774a83daf79,ee570c715a0df06f400a3815f8b508637698ad2fa314679ce6539656d9a9cfcf,2026-09-18T09:02:40.435412+00:00,results\raw\scale-cbc-500-15s-1-d5252a5d34d3e445.json,0,0,,,,,,,,,,,,,,,,,,,105039.60029999961,2975.08984375,95250.0,500,,,,,,,,,,,,,239,5,0,,,,,,,1501,50,6144,PROCESS_WALL_WATCHDOG,,
scaling,choco,,1000,PRIMARY,15.0,1,RUNTIME_ERROR,2528b8ff370cda70eb9a5b24cece6aa37fbc9ff45556ab9ba7499e260a1d0d5e,aa246041d2cf5731051cd72aa3871b9266f6d2c0ba01a4285558aed35e15236e,ee570c715a0df06f400a3815f8b508637698ad2fa314679ce6539656d9a9cfcf,2026-09-18T09:06:43.101306+00:00,results\raw\scale-choco-1000-15s-1-89eb5f242b4d8450.json,0,0,,,,,,,,,,,,,,,,,,,35331.58809999986,2283.79296875,202468.75,1000,,,,,,,,,6.0.1,,,,214,3,0,,,,,,,189,50,6144,,RuntimeError,choco exit 1; native log: C:\Users\vadim\Documents\MMI - проект\algorithm-research\benchmark\.cache\choco\1789722403212344300\native.log
scaling,choco,,500,PRIMARY,15.0,1,NO_SOLUTION_FOUND,2528b8ff370cda70eb9a5b24cece6aa37fbc9ff45556ab9ba7499e260a1d0d5e,22686b39cbc2c929a2cbbd6de70d1aa4ca2ba950312fed417f809774a83daf79,ee570c715a0df06f400a3815f8b508637698ad2fa314679ce6539656d9a9cfcf,2026-09-18T08:59:11.923926+00:00,results\raw\scale-choco-500-15s-1-f0e71376767a1cf6.json,0,0,,,,,,,,,,,,,,,,,27699.314700000286,,28254.157100000157,1949.24609375,59609.375,500,,,,,,,,,6.0.1,,,,214,3,0,,,,,,,347,50,6144,,,
scaling,cpsat,,1000,PRIMARY,15.0,1,RESOURCE_LIMIT,338af6f0b9d19bee2a7cd30bf3c8528418799d67d0c9f4d8fc16d88fcef1c95d,aa246041d2cf5731051cd72aa3871b9266f6d2c0ba01a4285558aed35e15236e,ee570c715a0df06f400a3815f8b508637698ad2fa314679ce6539656d9a9cfcf,2026-09-18T09:06:42.215005+00:00,results\raw\scale-cpsat-1000-15s-1-23e9ec119384db29.json,0,0,,,,,,,,,,,,,,,,,,,105013.65559999977,2173.99609375,98921.875,1000,,,,,,,,,,,,,239,3,0,,,,,,,1589,50,6144,PROCESS_WALL_WATCHDOG,,
scaling,cpsat,,500,PRIMARY,15.0,1,NO_SOLUTION_FOUND,338af6f0b9d19bee2a7cd30bf3c8528418799d67d0c9f4d8fc16d88fcef1c95d,22686b39cbc2c929a2cbbd6de70d1aa4ca2ba950312fed417f809774a83daf79,ee570c715a0df06f400a3815f8b508637698ad2fa314679ce6539656d9a9cfcf,2026-09-18T08:58:05.910292+00:00,results\raw\scale-cpsat-500-15s-1-45c3af5a15d76c37.json,0,0,,,,,,,,,,,,,,,,,63277.352000000064,,65742.98480000015,1094.765625,58984.375,500,,,,,,,,,9.15.6755,0.0,,,239,3,0,,,,,,,920,50,6144,,,
scaling,jsprit,,1000,PRIMARY,15.0,1,RUNTIME_ERROR,9f2010bdea168a6f471c5756258d704a5ff5d61443fff284e5c53fccdd2bb5ae,aa246041d2cf5731051cd72aa3871b9266f6d2c0ba01a4285558aed35e15236e,ee570c715a0df06f400a3815f8b508637698ad2fa314679ce6539656d9a9cfcf,2026-09-18T09:03:03.744539+00:00,results\raw\scale-jsprit-1000-15s-1-41ea78a1e9e454d9.json,0,0,,,,,,,,,,,,,,,,,,,75759.97389999975,323.84375,79031.25,1000,,,,,,,,,2.0.0,,,,205,4,0,,,,,,,1079,50,6144,,TimeoutExpired,"Command '['C:\\Users\\vadim\\Documents\\MMI - проект\\algorithm-research\\benchmark\\runtime\\jdk-21.0.12.1+1\\bin\\java.exe', '-Xmx2g', '-Dorg.slf4j.simpleLogger.defaultLogLevel=warn', '-cp', 'C:\\Users\\vadim\\Documents\\MMI - проект\\algorithm-research\\benchmark\\runtime\\java-build\\classes;C:\\Users\\vadim\\Documents\\MMI - проект\\algorithm-research\\benchmark\\.cache\\maven\\com\\graphhopper\\jsprit-core\\2.0.0\\jsprit-core-2.0.0.jar;C:\\Users\\vadim\\Documents\\MMI - проект\\algorithm-research\\benchmark\\.cache\\maven\\net\\sf\\trove4j\\trove4j\\3.0.3\\trove4j-3.0.3.jar;C:\\Users\\vadim\\Documents\\MMI - проект\\algorithm-research\\benchmark\\.cache\\maven\\org\\apache\\commons\\commons-math3\\3.6.1\\commons-math3-3.6.1.jar;C:\\Users\\vadim\\Documents\\MMI - проект\\algorithm-research\\benchmark\\.cache\\maven\\ai\\timefold\\solver\\timefold-solver-core\\2.6.0\\timefold-solver-core-2.6.0.jar;C:\\Users\\vadim\\Documents\\MMI - проект\\algorithm-research\\benchmark\\.cache\\maven\\io\\quarkus\\gizmo\\gizmo2\\2.1.1\\gizmo2-2.1.1.jar;C:\\Users\\vadim\\Documents\\MMI - проект\\algorithm-research\\benchmark\\.cache\\maven\\io\\smallrye\\classfile\\jdk-classfile-backport\\26\\jdk-classfile-backport-26.jar;C:\\Users\\vadim\\Documents\\MMI - проект\\algorithm-research\\benchmark\\.cache\\maven\\io\\smallrye\\common\\smallrye-common-constraint\\2.16.0\\smallrye-common-constraint-2.16.0.jar;C:\\Users\\vadim\\Documents\\MMI - проект\\algorithm-research\\benchmark\\.cache\\maven\\org\\jboss\\logging\\jboss-logging\\3.6.0.Final\\jboss-logging-3.6.0.Final.jar;C:\\Users\\vadim\\Documents\\MMI - проект\\algorithm-research\\benchmark\\.cache\\maven\\io\\smallrye\\common\\smallrye-common-resource\\2.16.0\\smallrye-common-resource-2.16.0.jar;C:\\Users\\vadim\\Documents\\MMI - проект\\algorithm-research\\benchmark\\.cache\\maven\\io\\micrometer\\micrometer-core\\1.17.0\\micrometer-core-1.17.0.jar;C:\\Users\\vadim\\Documents\\MMI - проект\\algorithm-research\\benchmark\\.cache\\maven\\io\\micrometer\\micrometer-commons\\1.17.0\\micrometer-commons-1.17.0.jar;C:\\Users\\vadim\\Documents\\MMI - проект\\algorithm-research\\benchmark\\.cache\\maven\\io\\micrometer\\micrometer-observation\\1.17.0\\micrometer-observation-1.17.0.jar;C:\\Users\\vadim\\Documents\\MMI - проект\\algorithm-research\\benchmark\\.cache\\maven\\org\\hdrhistogram\\HdrHistogram\\2.2.2\\HdrHistogram-2.2.2.jar;C:\\Users\\vadim\\Documents\\MMI - проект\\algorithm-research\\benchmark\\.cache\\maven\\jakarta\\xml\\bind\\jakarta.xml.bind-api\\4.0.5\\jakarta.xml.bind-api-4.0.5.jar;C:\\Users\\vadim\\Documents\\MMI - проект\\algorithm-research\\benchmark\\.cache\\maven\\jakarta\\activation\\jakarta.activation-api\\2.1.4\\jakarta.activation-api-2.1.4.jar;C:\\Users\\vadim\\Documents\\MMI - проект\\algorithm-research\\benchmark\\.cache\\maven\\org\\glassfish\\jaxb\\jaxb-runtime\\4.0.9\\jaxb-runtime-4.0.9.jar;C:\\Users\\vadim\\Documents\\MMI - проект\\algorithm-research\\benchmark\\.cache\\maven\\org\\glassfish\\jaxb\\jaxb-core\\4.0.9\\jaxb-core-4.0.9.jar;C:\\Users\\vadim\\Documents\\MMI - проект\\algorithm-research\\benchmark\\.cache\\maven\\org\\eclipse\\angus\\angus-activation\\2.0.3\\angus-activation-2.0.3.jar;C:\\Users\\vadim\\Documents\\MMI - проект\\algorithm-research\\benchmark\\.cache\\maven\\org\\glassfish\\jaxb\\txw2\\4.0.9\\txw2-4.0.9.jar;C:\\Users\\vadim\\Documents\\MMI - проект\\algorithm-research\\benchmark\\.cache\\maven\\com\\sun\\istack\\istack-commons-runtime\\4.1.2\\istack-commons-runtime-4.1.2.jar;C:\\Users\\vadim\\Documents\\MMI - проект\\algorithm-research\\benchmark\\.cache\\maven\\org\\jspecify\\jspecify\\1.0.1\\jspecify-1.0.1.jar;C:\\Users\\vadim\\Documents\\MMI - проект\\algorithm-research\\benchmark\\.cache\\maven\\org\\choco-solver\\choco-solver\\6.0.1\\choco-solver-6.0.1.jar;C:\\Users\\vadim\\Documents\\MMI - проект\\algorithm-research\\benchmark\\.cache\\maven\\dk\\brics\\automaton\\automaton\\1.11-8\\automaton-1.11-8.jar;C:\\Users\\vadim\\Documents\\MMI - проект\\algorithm-research\\benchmark\\.cache\\maven\\org\\jgrapht\\jgrapht-core\\1.5.3\\jgrapht-core-1.5.3.jar;C:\\Users\\vadim\\Documents\\MMI - проект\\algorithm-research\\benchmark\\.cache\\maven\\org\\jheaps\\jheaps\\0.14\\jheaps-0.14.jar;C:\\Users\\vadim\\Documents\\MMI - проект\\algorithm-research\\benchmark\\.cache\\maven\\org\\apfloat\\apfloat\\1.14.0\\apfloat-1.14.0.jar;C:\\Users\\vadim\\Documents\\MMI - проект\\algorithm-research\\benchmark\\.cache\\maven\\org\\ehcache\\sizeof\\0.4.4\\sizeof-0.4.4.jar;C:\\Users\\vadim\\Documents\\MMI - проект\\algorithm-research\\benchmark\\.cache\\maven\\args4j\\args4j\\2.37\\args4j-2.37.jar;C:\\Users\\vadim\\Documents\\MMI - проект\\algorithm-research\\benchmark\\.cache\\maven\\com\\google\\code\\gson\\gson\\2.13.2\\gson-2.13.2.jar;C:\\Users\\vadim\\Documents\\MMI - проект\\algorithm-research\\benchmark\\.cache\\maven\\com\\google\\errorprone\\error_prone_annotations\\2.41.0\\error_prone_annotations-2.41.0.jar;C:\\Users\\vadim\\Documents\\MMI - проект\\algorithm-research\\benchmark\\.cache\\maven\\org\\slf4j\\slf4j-simple\\2.0.17\\slf4j-simple-2.0.17.jar;C:\\Users\\vadim\\Documents\\MMI - проект\\algorithm-research\\benchmark\\.cache\\maven\\org\\slf4j\\slf4j-api\\2.0.17\\slf4j-api-2.0.17.jar', 'research.Bridge', 'jsprit', 'C:\\Users\\vadim\\Documents\\MMI - проект\\algorithm-research\\benchmark\\.cache\\jsprit\\1789722183839924300\\input.json', 'C:\\Users\\vadim\\Documents\\MMI - проект\\algorithm-research\\benchmark\\.cache\\jsprit\\1789722183839924300\\output.json', '15.0', '1']' timed out after 75.0 seconds"
scaling,jsprit,,500,PRIMARY,15.0,1,RUNTIME_ERROR,9f2010bdea168a6f471c5756258d704a5ff5d61443fff284e5c53fccdd2bb5ae,22686b39cbc2c929a2cbbd6de70d1aa4ca2ba950312fed417f809774a83daf79,ee570c715a0df06f400a3815f8b508637698ad2fa314679ce6539656d9a9cfcf,2026-09-18T08:56:13.239047+00:00,results\raw\scale-jsprit-500-15s-1-7f09cb464a13b44c.json,0,0,,,,,,,,,,,,,,,,,,,75823.72699999996,287.4609375,73250.0,500,,,,,,,,,2.0.0,,,,205,4,0,,,,,,,997,50,6144,,TimeoutExpired,"Command '['C:\\Users\\vadim\\Documents\\MMI - проект\\algorithm-research\\benchmark\\runtime\\jdk-21.0.12.1+1\\bin\\java.exe', '-Xmx2g', '-Dorg.slf4j.simpleLogger.defaultLogLevel=warn', '-cp', 'C:\\Users\\vadim\\Documents\\MMI - проект\\algorithm-research\\benchmark\\runtime\\java-build\\classes;C:\\Users\\vadim\\Documents\\MMI - проект\\algorithm-research\\benchmark\\.cache\\maven\\com\\graphhopper\\jsprit-core\\2.0.0\\jsprit-core-2.0.0.jar;C:\\Users\\vadim\\Documents\\MMI - проект\\algorithm-research\\benchmark\\.cache\\maven\\net\\sf\\trove4j\\trove4j\\3.0.3\\trove4j-3.0.3.jar;C:\\Users\\vadim\\Documents\\MMI - проект\\algorithm-research\\benchmark\\.cache\\maven\\org\\apache\\commons\\commons-math3\\3.6.1\\commons-math3-3.6.1.jar;C:\\Users\\vadim\\Documents\\MMI - проект\\algorithm-research\\benchmark\\.cache\\maven\\ai\\timefold\\solver\\timefold-solver-core\\2.6.0\\timefold-solver-core-2.6.0.jar;C:\\Users\\vadim\\Documents\\MMI - проект\\algorithm-research\\benchmark\\.cache\\maven\\io\\quarkus\\gizmo\\gizmo2\\2.1.1\\gizmo2-2.1.1.jar;C:\\Users\\vadim\\Documents\\MMI - проект\\algorithm-research\\benchmark\\.cache\\maven\\io\\smallrye\\classfile\\jdk-classfile-backport\\26\\jdk-classfile-backport-26.jar;C:\\Users\\vadim\\Documents\\MMI - проект\\algorithm-research\\benchmark\\.cache\\maven\\io\\smallrye\\common\\smallrye-common-constraint\\2.16.0\\smallrye-common-constraint-2.16.0.jar;C:\\Users\\vadim\\Documents\\MMI - проект\\algorithm-research\\benchmark\\.cache\\maven\\org\\jboss\\logging\\jboss-logging\\3.6.0.Final\\jboss-logging-3.6.0.Final.jar;C:\\Users\\vadim\\Documents\\MMI - проект\\algorithm-research\\benchmark\\.cache\\maven\\io\\smallrye\\common\\smallrye-common-resource\\2.16.0\\smallrye-common-resource-2.16.0.jar;C:\\Users\\vadim\\Documents\\MMI - проект\\algorithm-research\\benchmark\\.cache\\maven\\io\\micrometer\\micrometer-core\\1.17.0\\micrometer-core-1.17.0.jar;C:\\Users\\vadim\\Documents\\MMI - проект\\algorithm-research\\benchmark\\.cache\\maven\\io\\micrometer\\micrometer-commons\\1.17.0\\micrometer-commons-1.17.0.jar;C:\\Users\\vadim\\Documents\\MMI - проект\\algorithm-research\\benchmark\\.cache\\maven\\io\\micrometer\\micrometer-observation\\1.17.0\\micrometer-observation-1.17.0.jar;C:\\Users\\vadim\\Documents\\MMI - проект\\algorithm-research\\benchmark\\.cache\\maven\\org\\hdrhistogram\\HdrHistogram\\2.2.2\\HdrHistogram-2.2.2.jar;C:\\Users\\vadim\\Documents\\MMI - проект\\algorithm-research\\benchmark\\.cache\\maven\\jakarta\\xml\\bind\\jakarta.xml.bind-api\\4.0.5\\jakarta.xml.bind-api-4.0.5.jar;C:\\Users\\vadim\\Documents\\MMI - проект\\algorithm-research\\benchmark\\.cache\\maven\\jakarta\\activation\\jakarta.activation-api\\2.1.4\\jakarta.activation-api-2.1.4.jar;C:\\Users\\vadim\\Documents\\MMI - проект\\algorithm-research\\benchmark\\.cache\\maven\\org\\glassfish\\jaxb\\jaxb-runtime\\4.0.9\\jaxb-runtime-4.0.9.jar;C:\\Users\\vadim\\Documents\\MMI - проект\\algorithm-research\\benchmark\\.cache\\maven\\org\\glassfish\\jaxb\\jaxb-core\\4.0.9\\jaxb-core-4.0.9.jar;C:\\Users\\vadim\\Documents\\MMI - проект\\algorithm-research\\benchmark\\.cache\\maven\\org\\eclipse\\angus\\angus-activation\\2.0.3\\angus-activation-2.0.3.jar;C:\\Users\\vadim\\Documents\\MMI - проект\\algorithm-research\\benchmark\\.cache\\maven\\org\\glassfish\\jaxb\\txw2\\4.0.9\\txw2-4.0.9.jar;C:\\Users\\vadim\\Documents\\MMI - проект\\algorithm-research\\benchmark\\.cache\\maven\\com\\sun\\istack\\istack-commons-runtime\\4.1.2\\istack-commons-runtime-4.1.2.jar;C:\\Users\\vadim\\Documents\\MMI - проект\\algorithm-research\\benchmark\\.cache\\maven\\org\\jspecify\\jspecify\\1.0.1\\jspecify-1.0.1.jar;C:\\Users\\vadim\\Documents\\MMI - проект\\algorithm-research\\benchmark\\.cache\\maven\\org\\choco-solver\\choco-solver\\6.0.1\\choco-solver-6.0.1.jar;C:\\Users\\vadim\\Documents\\MMI - проект\\algorithm-research\\benchmark\\.cache\\maven\\dk\\brics\\automaton\\automaton\\1.11-8\\automaton-1.11-8.jar;C:\\Users\\vadim\\Documents\\MMI - проект\\algorithm-research\\benchmark\\.cache\\maven\\org\\jgrapht\\jgrapht-core\\1.5.3\\jgrapht-core-1.5.3.jar;C:\\Users\\vadim\\Documents\\MMI - проект\\algorithm-research\\benchmark\\.cache\\maven\\org\\jheaps\\jheaps\\0.14\\jheaps-0.14.jar;C:\\Users\\vadim\\Documents\\MMI - проект\\algorithm-research\\benchmark\\.cache\\maven\\org\\apfloat\\apfloat\\1.14.0\\apfloat-1.14.0.jar;C:\\Users\\vadim\\Documents\\MMI - проект\\algorithm-research\\benchmark\\.cache\\maven\\org\\ehcache\\sizeof\\0.4.4\\sizeof-0.4.4.jar;C:\\Users\\vadim\\Documents\\MMI - проект\\algorithm-research\\benchmark\\.cache\\maven\\args4j\\args4j\\2.37\\args4j-2.37.jar;C:\\Users\\vadim\\Documents\\MMI - проект\\algorithm-research\\benchmark\\.cache\\maven\\com\\google\\code\\gson\\gson\\2.13.2\\gson-2.13.2.jar;C:\\Users\\vadim\\Documents\\MMI - проект\\algorithm-research\\benchmark\\.cache\\maven\\com\\google\\errorprone\\error_prone_annotations\\2.41.0\\error_prone_annotations-2.41.0.jar;C:\\Users\\vadim\\Documents\\MMI - проект\\algorithm-research\\benchmark\\.cache\\maven\\org\\slf4j\\slf4j-simple\\2.0.17\\slf4j-simple-2.0.17.jar;C:\\Users\\vadim\\Documents\\MMI - проект\\algorithm-research\\benchmark\\.cache\\maven\\org\\slf4j\\slf4j-api\\2.0.17\\slf4j-api-2.0.17.jar', 'research.Bridge', 'jsprit', 'C:\\Users\\vadim\\Documents\\MMI - проект\\algorithm-research\\benchmark\\.cache\\jsprit\\1789721773354405400\\input.json', 'C:\\Users\\vadim\\Documents\\MMI - проект\\algorithm-research\\benchmark\\.cache\\jsprit\\1789721773354405400\\output.json', '15.0', '1']' timed out after 75.0 seconds"
scaling,ortools_routing,,1000,PRIMARY,15.0,1,FEASIBLE,4cca666a01510ed955a46960414e8f1e05064b9980ce0d11125a3118fa760f75,aa246041d2cf5731051cd72aa3871b9266f6d2c0ba01a4285558aed35e15236e,ee570c715a0df06f400a3815f8b508637698ad2fa314679ce6539656d9a9cfcf,2026-09-18T09:02:41.274846+00:00,results\raw\scale-ortools_routing-1000-15s-1-aae3766301d63232.json,100,100,0,1000,0,100.0,120,5431.676,6251.183333333333,15111.033333333333,53160.0,70,0,355.7004761904762,367.98333333333335,697.9333333333333,435.7004761904762,777.9333333333333,18868.81959999937,9.856100000433798,20007.351899999776,99.23828125,18109.375,1000,70,,,,,,,,9.15.6755,,,,487,3,0,,True,,,,,288,50,6144,,,
scaling,ortools_routing,,500,PRIMARY,15.0,1,FEASIBLE,4cca666a01510ed955a46960414e8f1e05064b9980ce0d11125a3118fa760f75,22686b39cbc2c929a2cbbd6de70d1aa4ca2ba950312fed417f809774a83daf79,ee570c715a0df06f400a3815f8b508637698ad2fa314679ce6539656d9a9cfcf,2026-09-18T08:55:54.072104+00:00,results\raw\scale-ortools_routing-500-15s-1-2b81ccf584b6cfe6.json,100,100,0,500,0,100.0,61,2461.407,2879.233333333333,9092.766666666666,27080.0,34,0,417.3622549019608,456.4916666666667,694.4,497.3622549019608,774.4,15870.28090000058,7.123600000340957,16674.830299999485,77.08203125,15656.25,500,34,,,,,,,,9.15.6755,,,,487,3,0,,True,,,,,243,50,6144,,,
scaling,pyvrp,,1000,PRIMARY,15.0,1,NO_SOLUTION_FOUND,5202e910a4c9edb60825fd06043ce736b9d8ef99bab5c4e73d74042c6ccbb9ab,aa246041d2cf5731051cd72aa3871b9266f6d2c0ba01a4285558aed35e15236e,ee570c715a0df06f400a3815f8b508637698ad2fa314679ce6539656d9a9cfcf,2026-09-18T09:04:19.518849+00:00,results\raw\scale-pyvrp-1000-15s-1-a0b52720f681304f.json,0,0,,,,,,,,,,,,,,,,,19124.976699999934,,19984.488600000077,209.81640625,16921.875,1000,,,,,,,,,0.14.0,,,,81,5,0,,,,,,,279,50,6144,,,
scaling,pyvrp,,500,PRIMARY,15.0,1,FEASIBLE,5202e910a4c9edb60825fd06043ce736b9d8ef99bab5c4e73d74042c6ccbb9ab,22686b39cbc2c929a2cbbd6de70d1aa4ca2ba950312fed417f809774a83daf79,ee570c715a0df06f400a3815f8b508637698ad2fa314679ce6539656d9a9cfcf,2026-09-18T08:57:29.573930+00:00,results\raw\scale-pyvrp-500-15s-1-c69fd52f6e8c6439.json,100,100,0,500,0,100.0,64,1666.626,2154.866666666667,4891.4,27080.0,34,0,412.075,456.7166666666667,699.3833333333333,492.075,779.3833333333333,16464.484099999936,11.164600000483915,18156.71040000052,138.0859375,16406.25,500,34,,,,,,,,0.14.0,,,,81,5,0,,True,,,,,260,50,6144,,,
scaling,scip,,1000,PRIMARY,15.0,1,RESOURCE_LIMIT,3f78321ca01a84846439931507cec34f341821bd1ccf2d71e430c1187229fd8d,aa246041d2cf5731051cd72aa3871b9266f6d2c0ba01a4285558aed35e15236e,ee570c715a0df06f400a3815f8b508637698ad2fa314679ce6539656d9a9cfcf,2026-09-18T09:09:21.206544+00:00,results\raw\scale-scip-1000-15s-1-0aa16c806bd8108f.json,0,0,,,,,,,,,,,,,,,,,,,105049.49889999989,5979.1484375,102203.125,1000,,,,,,,,,,,,,239,3,0,,,,,,,1616,50,6144,PROCESS_WALL_WATCHDOG,,
scaling,scip,,500,PRIMARY,15.0,1,FEASIBLE,3f78321ca01a84846439931507cec34f341821bd1ccf2d71e430c1187229fd8d,22686b39cbc2c929a2cbbd6de70d1aa4ca2ba950312fed417f809774a83daf79,ee570c715a0df06f400a3815f8b508637698ad2fa314679ce6539656d9a9cfcf,2026-09-18T08:59:57.690220+00:00,results\raw\scale-scip-500-15s-1-bddbde86f6b89070.json,100,0,0,0,500,0.0,0,0.0,0.0,0.0,0.0,0,34,,,,,,46504.86079999973,0.691000000188069,57836.06409999993,4190.19921875,53765.625,500,34,,,,,,,,10.0.2,-1e+20,,,239,3,0,,True,,,,,847,50,6144,,,
scaling,timefold,,1000,PRIMARY,15.0,1,FEASIBLE,0af1862a10bec66d3cf0fc94d3a66a3c74022c8b040347638c078e0acd6e4cfd,aa246041d2cf5731051cd72aa3871b9266f6d2c0ba01a4285558aed35e15236e,ee570c715a0df06f400a3815f8b508637698ad2fa314679ce6539656d9a9cfcf,2026-09-18T09:04:39.749169+00:00,results\raw\scale-timefold-1000-15s-1-20175ebd3b38434e.json,100,0,0,288,712,28.8,36,989.338,1572.4,6338.45,15170.0,14,56,320.50714285714287,328.94166666666666,680.7833333333333,400.50714285714287,760.7833333333333,16888.56290000058,4.585699999552162,17428.447100000085,212.48046875,21093.75,1000,70,,,,,,,,2.6.0,,,,355,3,0,,True,,,,,263,50,6144,,,
scaling,timefold,,500,PRIMARY,15.0,1,FEASIBLE,0af1862a10bec66d3cf0fc94d3a66a3c74022c8b040347638c078e0acd6e4cfd,22686b39cbc2c929a2cbbd6de70d1aa4ca2ba950312fed417f809774a83daf79,ee570c715a0df06f400a3815f8b508637698ad2fa314679ce6539656d9a9cfcf,2026-09-18T08:57:47.617067+00:00,results\raw\scale-timefold-500-15s-1-a6b8ab50e7639cab.json,100,0,0,298,202,59.6,35,1258.956,1970.6333333333334,6200.016666666666,16060.0,8,26,479.32708333333335,599.7666666666667,682.75,559.3270833333333,762.75,17602.377700000034,5.7884999996531405,18173.23789999955,206.18359375,22906.25,500,34,,,,,,,,2.6.0,,,,355,3,0,,True,,,,,261,50,6144,,,
scaling,vroom,,1000,PRIMARY,15.0,1,RUNTIME_ERROR,0a1de939bf9711b04d7c0c603464e994d96df4d7dd08a628d21cf6f6910f0420,aa246041d2cf5731051cd72aa3871b9266f6d2c0ba01a4285558aed35e15236e,ee570c715a0df06f400a3815f8b508637698ad2fa314679ce6539656d9a9cfcf,2026-09-18T09:03:01.426097+00:00,results\raw\scale-vroom-1000-15s-1-9af3029c2a825d11.json,0,0,,,,,,,,,,,,,,,,,,,1827.7234000006501,87.2109375,1328.125,1000,,,,,,,,,pyvroom-1.15.2,,,,306,3,0,,,,,,,27,50,6144,,ValueError,VROOM user/scaled cost would overflow; cannot preserve objective safely
scaling,vroom,,500,PRIMARY,15.0,1,RUNTIME_ERROR,0a1de939bf9711b04d7c0c603464e994d96df4d7dd08a628d21cf6f6910f0420,22686b39cbc2c929a2cbbd6de70d1aa4ca2ba950312fed417f809774a83daf79,ee570c715a0df06f400a3815f8b508637698ad2fa314679ce6539656d9a9cfcf,2026-09-18T08:56:10.983835+00:00,results\raw\scale-vroom-500-15s-1-c11a8f25f79bfa9c.json,0,0,,,,,,,,,,,,,,,,,,,1896.6520000003584,85.9453125,1593.75,500,,,,,,,,,pyvroom-1.15.2,,,,306,3,0,,,,,,,27,50,6144,,ValueError,VROOM user/scaled cost would overflow; cannot preserve objective safely
