solver,scope,policy,timeLimitSec,metric,attempts,validPlans,n,minimum,median,maximum,mean,sampleStd
alns,cancellation,POLICY_FAST_RESPONSE,5.0,validPlanReturnedPercent,1,1,1,100,100,100,100,
alns,cancellation,POLICY_FAST_RESPONSE,5.0,fullCoverageReturnedPercent,1,1,1,100,100,100,100,
alns,cancellation,POLICY_FAST_RESPONSE,5.0,hardViolations,1,1,1,0,0,0,0,
alns,cancellation,POLICY_FAST_RESPONSE,5.0,served,1,1,1,173,173,173,173,
alns,cancellation,POLICY_FAST_RESPONSE,5.0,unassigned,1,1,1,0,0,0,0,
alns,cancellation,POLICY_FAST_RESPONSE,5.0,servedPercent,1,1,1,100.0,100.0,100.0,100.0,
alns,cancellation,POLICY_FAST_RESPONSE,5.0,workersUsed,1,1,1,27,27,27,27,
alns,cancellation,POLICY_FAST_RESPONSE,5.0,distanceKm,1,1,1,1146.154,1146.154,1146.154,1146.154,
alns,cancellation,POLICY_FAST_RESPONSE,5.0,travelMinutes,1,1,1,1473.85,1473.85,1473.85,1473.85,
alns,cancellation,POLICY_FAST_RESPONSE,5.0,waitingMinutes,1,1,1,2893.65,2893.65,2893.65,2893.65,
alns,cancellation,POLICY_FAST_RESPONSE,5.0,serviceMinutes,1,1,1,9200.0,9200.0,9200.0,9200.0,
alns,cancellation,POLICY_FAST_RESPONSE,5.0,emergencyServed,1,1,1,14,14,14,14,
alns,cancellation,POLICY_FAST_RESPONSE,5.0,emergencyUnassigned,1,1,1,0,0,0,0,
alns,cancellation,POLICY_FAST_RESPONSE,5.0,meanResponseDelay,1,1,1,287.2714285714286,287.2714285714286,287.2714285714286,287.2714285714286,
alns,cancellation,POLICY_FAST_RESPONSE,5.0,medianResponseDelay,1,1,1,287.95000000000005,287.95000000000005,287.95000000000005,287.95000000000005,
alns,cancellation,POLICY_FAST_RESPONSE,5.0,maxResponseDelay,1,1,1,466.35,466.35,466.35,466.35,
alns,cancellation,POLICY_FAST_RESPONSE,5.0,meanCompletionDelay,1,1,1,367.2714285714286,367.2714285714286,367.2714285714286,367.2714285714286,
alns,cancellation,POLICY_FAST_RESPONSE,5.0,maxCompletionDelay,1,1,1,546.35,546.35,546.35,546.35,
alns,cancellation,POLICY_FAST_RESPONSE,5.0,solverWallTimeMs,1,1,1,5009.913799999822,5009.913799999822,5009.913799999822,5009.913799999822,
alns,cancellation,POLICY_FAST_RESPONSE,5.0,validationTimeMs,1,1,1,2.279300000054718,2.279300000054718,2.279300000054718,2.279300000054718,
alns,cancellation,POLICY_FAST_RESPONSE,5.0,processWallTimeMs,1,1,1,6276.570900000024,6276.570900000024,6276.570900000024,6276.570900000024,
alns,cancellation,POLICY_FAST_RESPONSE,5.0,peakMemoryMb,1,1,1,119.83984375,119.83984375,119.83984375,119.83984375,
alns,cancellation,POLICY_FAST_RESPONSE,5.0,cpuTimeSampledMs,1,1,1,6000.0,6000.0,6000.0,6000.0,
alns,cancellation,POLICY_FAST_RESPONSE,5.0,workerChanges,1,1,1,42,42,42,42,
alns,cancellation,POLICY_FAST_RESPONSE,5.0,orderChanges,1,1,1,21,21,21,21,
alns,cancellation,POLICY_FAST_RESPONSE,5.0,scheduleChanges,1,1,1,77,77,77,77,
alns,cancellation,POLICY_FAST_RESPONSE,5.0,removedAssignments,1,1,1,1,1,1,1,
alns,cancellation,POLICY_FAST_RESPONSE,5.0,newWorkersActivated,1,1,1,1,1,1,1,
alns,cancellation,POLICY_FAST_RESPONSE,5.0,maxScheduleShiftMinutes,1,1,1,431.21666666666664,431.21666666666664,431.21666666666664,431.21666666666664,
alns,cancellation,POLICY_MIN_STAFF,5.0,validPlanReturnedPercent,1,1,1,100,100,100,100,
alns,cancellation,POLICY_MIN_STAFF,5.0,fullCoverageReturnedPercent,1,1,1,100,100,100,100,
alns,cancellation,POLICY_MIN_STAFF,5.0,hardViolations,1,1,1,0,0,0,0,
alns,cancellation,POLICY_MIN_STAFF,5.0,served,1,1,1,173,173,173,173,
alns,cancellation,POLICY_MIN_STAFF,5.0,unassigned,1,1,1,0,0,0,0,
alns,cancellation,POLICY_MIN_STAFF,5.0,servedPercent,1,1,1,100.0,100.0,100.0,100.0,
alns,cancellation,POLICY_MIN_STAFF,5.0,workersUsed,1,1,1,25,25,25,25,
alns,cancellation,POLICY_MIN_STAFF,5.0,distanceKm,1,1,1,1185.195,1185.195,1185.195,1185.195,
alns,cancellation,POLICY_MIN_STAFF,5.0,travelMinutes,1,1,1,1499.4166666666667,1499.4166666666667,1499.4166666666667,1499.4166666666667,
alns,cancellation,POLICY_MIN_STAFF,5.0,waitingMinutes,1,1,1,2318.1,2318.1,2318.1,2318.1,
alns,cancellation,POLICY_MIN_STAFF,5.0,serviceMinutes,1,1,1,9200.0,9200.0,9200.0,9200.0,
alns,cancellation,POLICY_MIN_STAFF,5.0,emergencyServed,1,1,1,14,14,14,14,
alns,cancellation,POLICY_MIN_STAFF,5.0,emergencyUnassigned,1,1,1,0,0,0,0,
alns,cancellation,POLICY_MIN_STAFF,5.0,meanResponseDelay,1,1,1,363.6047619047619,363.6047619047619,363.6047619047619,363.6047619047619,
alns,cancellation,POLICY_MIN_STAFF,5.0,medianResponseDelay,1,1,1,356.26666666666665,356.26666666666665,356.26666666666665,356.26666666666665,
alns,cancellation,POLICY_MIN_STAFF,5.0,maxResponseDelay,1,1,1,605.5,605.5,605.5,605.5,
alns,cancellation,POLICY_MIN_STAFF,5.0,meanCompletionDelay,1,1,1,443.6047619047619,443.6047619047619,443.6047619047619,443.6047619047619,
alns,cancellation,POLICY_MIN_STAFF,5.0,maxCompletionDelay,1,1,1,685.5,685.5,685.5,685.5,
alns,cancellation,POLICY_MIN_STAFF,5.0,solverWallTimeMs,1,1,1,5027.614399999948,5027.614399999948,5027.614399999948,5027.614399999948,
alns,cancellation,POLICY_MIN_STAFF,5.0,validationTimeMs,1,1,1,1.231400000051508,1.231400000051508,1.231400000051508,1.231400000051508,
alns,cancellation,POLICY_MIN_STAFF,5.0,processWallTimeMs,1,1,1,6413.359700000001,6413.359700000001,6413.359700000001,6413.359700000001,
alns,cancellation,POLICY_MIN_STAFF,5.0,peakMemoryMb,1,1,1,119.73046875,119.73046875,119.73046875,119.73046875,
alns,cancellation,POLICY_MIN_STAFF,5.0,cpuTimeSampledMs,1,1,1,6140.625,6140.625,6140.625,6140.625,
alns,cancellation,POLICY_MIN_STAFF,5.0,workerChanges,1,1,1,41,41,41,41,
alns,cancellation,POLICY_MIN_STAFF,5.0,orderChanges,1,1,1,26,26,26,26,
alns,cancellation,POLICY_MIN_STAFF,5.0,scheduleChanges,1,1,1,96,96,96,96,
alns,cancellation,POLICY_MIN_STAFF,5.0,removedAssignments,1,1,1,1,1,1,1,
alns,cancellation,POLICY_MIN_STAFF,5.0,newWorkersActivated,1,1,1,0,0,0,0,
alns,cancellation,POLICY_MIN_STAFF,5.0,maxScheduleShiftMinutes,1,1,1,431.21666666666664,431.21666666666664,431.21666666666664,431.21666666666664,
alns,cancellation,PRIMARY,5.0,validPlanReturnedPercent,1,1,1,100,100,100,100,
alns,cancellation,PRIMARY,5.0,fullCoverageReturnedPercent,1,1,1,100,100,100,100,
alns,cancellation,PRIMARY,5.0,hardViolations,1,1,1,0,0,0,0,
alns,cancellation,PRIMARY,5.0,served,1,1,1,173,173,173,173,
alns,cancellation,PRIMARY,5.0,unassigned,1,1,1,0,0,0,0,
alns,cancellation,PRIMARY,5.0,servedPercent,1,1,1,100.0,100.0,100.0,100.0,
alns,cancellation,PRIMARY,5.0,workersUsed,1,1,1,26,26,26,26,
alns,cancellation,PRIMARY,5.0,distanceKm,1,1,1,798.834,798.834,798.834,798.834,
alns,cancellation,PRIMARY,5.0,travelMinutes,1,1,1,1157.7,1157.7,1157.7,1157.7,
alns,cancellation,PRIMARY,5.0,waitingMinutes,1,1,1,2622.9,2622.9,2622.9,2622.9,
alns,cancellation,PRIMARY,5.0,serviceMinutes,1,1,1,9200.0,9200.0,9200.0,9200.0,
alns,cancellation,PRIMARY,5.0,emergencyServed,1,1,1,14,14,14,14,
alns,cancellation,PRIMARY,5.0,emergencyUnassigned,1,1,1,0,0,0,0,
alns,cancellation,PRIMARY,5.0,meanResponseDelay,1,1,1,453.56904761904764,453.56904761904764,453.56904761904764,453.56904761904764,
alns,cancellation,PRIMARY,5.0,medianResponseDelay,1,1,1,498.08333333333337,498.08333333333337,498.08333333333337,498.08333333333337,
alns,cancellation,PRIMARY,5.0,maxResponseDelay,1,1,1,697.2833333333333,697.2833333333333,697.2833333333333,697.2833333333333,
alns,cancellation,PRIMARY,5.0,meanCompletionDelay,1,1,1,533.5690476190476,533.5690476190476,533.5690476190476,533.5690476190476,
alns,cancellation,PRIMARY,5.0,maxCompletionDelay,1,1,1,777.2833333333333,777.2833333333333,777.2833333333333,777.2833333333333,
alns,cancellation,PRIMARY,5.0,solverWallTimeMs,1,1,1,5010.23639999994,5010.23639999994,5010.23639999994,5010.23639999994,
alns,cancellation,PRIMARY,5.0,validationTimeMs,1,1,1,2.3353000001407054,2.3353000001407054,2.3353000001407054,2.3353000001407054,
alns,cancellation,PRIMARY,5.0,processWallTimeMs,1,1,1,6279.424500000005,6279.424500000005,6279.424500000005,6279.424500000005,
alns,cancellation,PRIMARY,5.0,peakMemoryMb,1,1,1,118.3828125,118.3828125,118.3828125,118.3828125,
alns,cancellation,PRIMARY,5.0,cpuTimeSampledMs,1,1,1,6031.25,6031.25,6031.25,6031.25,
alns,cancellation,PRIMARY,5.0,workerChanges,1,1,1,16,16,16,16,
alns,cancellation,PRIMARY,5.0,orderChanges,1,1,1,4,4,4,4,
alns,cancellation,PRIMARY,5.0,scheduleChanges,1,1,1,26,26,26,26,
alns,cancellation,PRIMARY,5.0,removedAssignments,1,1,1,1,1,1,1,
alns,cancellation,PRIMARY,5.0,newWorkersActivated,1,1,1,0,0,0,0,
alns,cancellation,PRIMARY,5.0,maxScheduleShiftMinutes,1,1,1,350.05,350.05,350.05,350.05,
alns,initial,POLICY_FAST_RESPONSE,5.0,validPlanReturnedPercent,1,1,1,100,100,100,100,
alns,initial,POLICY_FAST_RESPONSE,5.0,fullCoverageReturnedPercent,1,1,1,100,100,100,100,
alns,initial,POLICY_FAST_RESPONSE,5.0,hardViolations,1,1,1,0,0,0,0,
alns,initial,POLICY_FAST_RESPONSE,5.0,served,1,1,1,203,203,203,203,
alns,initial,POLICY_FAST_RESPONSE,5.0,unassigned,1,1,1,0,0,0,0,
alns,initial,POLICY_FAST_RESPONSE,5.0,servedPercent,1,1,1,100.0,100.0,100.0,100.0,
alns,initial,POLICY_FAST_RESPONSE,5.0,workersUsed,1,1,1,27,27,27,27,
alns,initial,POLICY_FAST_RESPONSE,5.0,distanceKm,1,1,1,1747.03,1747.03,1747.03,1747.03,
alns,initial,POLICY_FAST_RESPONSE,5.0,travelMinutes,1,1,1,2087.9666666666667,2087.9666666666667,2087.9666666666667,2087.9666666666667,
alns,initial,POLICY_FAST_RESPONSE,5.0,waitingMinutes,1,1,1,3891.5,3891.5,3891.5,3891.5,
alns,initial,POLICY_FAST_RESPONSE,5.0,serviceMinutes,1,1,1,10820.0,10820.0,10820.0,10820.0,
alns,initial,POLICY_FAST_RESPONSE,5.0,emergencyServed,1,1,1,15,15,15,15,
alns,initial,POLICY_FAST_RESPONSE,5.0,emergencyUnassigned,1,1,1,0,0,0,0,
alns,initial,POLICY_FAST_RESPONSE,5.0,meanResponseDelay,1,1,1,174.51111111111112,174.51111111111112,174.51111111111112,174.51111111111112,
alns,initial,POLICY_FAST_RESPONSE,5.0,medianResponseDelay,1,1,1,165.0,165.0,165.0,165.0,
alns,initial,POLICY_FAST_RESPONSE,5.0,maxResponseDelay,1,1,1,404.73333333333335,404.73333333333335,404.73333333333335,404.73333333333335,
alns,initial,POLICY_FAST_RESPONSE,5.0,meanCompletionDelay,1,1,1,254.51111111111112,254.51111111111112,254.51111111111112,254.51111111111112,
alns,initial,POLICY_FAST_RESPONSE,5.0,maxCompletionDelay,1,1,1,484.73333333333335,484.73333333333335,484.73333333333335,484.73333333333335,
alns,initial,POLICY_FAST_RESPONSE,5.0,solverWallTimeMs,1,1,1,5010.004799999933,5010.004799999933,5010.004799999933,5010.004799999933,
alns,initial,POLICY_FAST_RESPONSE,5.0,validationTimeMs,1,1,1,2.666099999942162,2.666099999942162,2.666099999942162,2.666099999942162,
alns,initial,POLICY_FAST_RESPONSE,5.0,processWallTimeMs,1,1,1,6593.81499999995,6593.81499999995,6593.81499999995,6593.81499999995,
alns,initial,POLICY_FAST_RESPONSE,5.0,peakMemoryMb,1,1,1,119.54296875,119.54296875,119.54296875,119.54296875,
alns,initial,POLICY_FAST_RESPONSE,5.0,cpuTimeSampledMs,1,1,1,6265.625,6265.625,6265.625,6265.625,
alns,initial,POLICY_MIN_STAFF,5.0,validPlanReturnedPercent,1,1,1,100,100,100,100,
alns,initial,POLICY_MIN_STAFF,5.0,fullCoverageReturnedPercent,1,1,1,100,100,100,100,
alns,initial,POLICY_MIN_STAFF,5.0,hardViolations,1,1,1,0,0,0,0,
alns,initial,POLICY_MIN_STAFF,5.0,served,1,1,1,203,203,203,203,
alns,initial,POLICY_MIN_STAFF,5.0,unassigned,1,1,1,0,0,0,0,
alns,initial,POLICY_MIN_STAFF,5.0,servedPercent,1,1,1,100.0,100.0,100.0,100.0,
alns,initial,POLICY_MIN_STAFF,5.0,workersUsed,1,1,1,27,27,27,27,
alns,initial,POLICY_MIN_STAFF,5.0,distanceKm,1,1,1,1851.303,1851.303,1851.303,1851.303,
alns,initial,POLICY_MIN_STAFF,5.0,travelMinutes,1,1,1,2164.1,2164.1,2164.1,2164.1,
alns,initial,POLICY_MIN_STAFF,5.0,waitingMinutes,1,1,1,3793.5333333333333,3793.5333333333333,3793.5333333333333,3793.5333333333333,
alns,initial,POLICY_MIN_STAFF,5.0,serviceMinutes,1,1,1,10820.0,10820.0,10820.0,10820.0,
alns,initial,POLICY_MIN_STAFF,5.0,emergencyServed,1,1,1,15,15,15,15,
alns,initial,POLICY_MIN_STAFF,5.0,emergencyUnassigned,1,1,1,0,0,0,0,
alns,initial,POLICY_MIN_STAFF,5.0,meanResponseDelay,1,1,1,169.69666666666666,169.69666666666666,169.69666666666666,169.69666666666666,
alns,initial,POLICY_MIN_STAFF,5.0,medianResponseDelay,1,1,1,150.58333333333334,150.58333333333334,150.58333333333334,150.58333333333334,
alns,initial,POLICY_MIN_STAFF,5.0,maxResponseDelay,1,1,1,452.3,452.3,452.3,452.3,
alns,initial,POLICY_MIN_STAFF,5.0,meanCompletionDelay,1,1,1,249.69666666666666,249.69666666666666,249.69666666666666,249.69666666666666,
alns,initial,POLICY_MIN_STAFF,5.0,maxCompletionDelay,1,1,1,532.3,532.3,532.3,532.3,
alns,initial,POLICY_MIN_STAFF,5.0,solverWallTimeMs,1,1,1,5009.776800000054,5009.776800000054,5009.776800000054,5009.776800000054,
alns,initial,POLICY_MIN_STAFF,5.0,validationTimeMs,1,1,1,3.185600000051636,3.185600000051636,3.185600000051636,3.185600000051636,
alns,initial,POLICY_MIN_STAFF,5.0,processWallTimeMs,1,1,1,6820.724899999959,6820.724899999959,6820.724899999959,6820.724899999959,
alns,initial,POLICY_MIN_STAFF,5.0,peakMemoryMb,1,1,1,119.921875,119.921875,119.921875,119.921875,
alns,initial,POLICY_MIN_STAFF,5.0,cpuTimeSampledMs,1,1,1,6390.625,6390.625,6390.625,6390.625,
alns,manual_assignment,POLICY_FAST_RESPONSE,5.0,validPlanReturnedPercent,1,1,1,100,100,100,100,
alns,manual_assignment,POLICY_FAST_RESPONSE,5.0,fullCoverageReturnedPercent,1,1,1,100,100,100,100,
alns,manual_assignment,POLICY_FAST_RESPONSE,5.0,hardViolations,1,1,1,0,0,0,0,
alns,manual_assignment,POLICY_FAST_RESPONSE,5.0,served,1,1,1,174,174,174,174,
alns,manual_assignment,POLICY_FAST_RESPONSE,5.0,unassigned,1,1,1,0,0,0,0,
alns,manual_assignment,POLICY_FAST_RESPONSE,5.0,servedPercent,1,1,1,100.0,100.0,100.0,100.0,
alns,manual_assignment,POLICY_FAST_RESPONSE,5.0,workersUsed,1,1,1,28,28,28,28,
alns,manual_assignment,POLICY_FAST_RESPONSE,5.0,distanceKm,1,1,1,906.252,906.252,906.252,906.252,
alns,manual_assignment,POLICY_FAST_RESPONSE,5.0,travelMinutes,1,1,1,1288.9,1288.9,1288.9,1288.9,
alns,manual_assignment,POLICY_FAST_RESPONSE,5.0,waitingMinutes,1,1,1,3058.1,3058.1,3058.1,3058.1,
alns,manual_assignment,POLICY_FAST_RESPONSE,5.0,serviceMinutes,1,1,1,9230.0,9230.0,9230.0,9230.0,
alns,manual_assignment,POLICY_FAST_RESPONSE,5.0,emergencyServed,1,1,1,14,14,14,14,
alns,manual_assignment,POLICY_FAST_RESPONSE,5.0,emergencyUnassigned,1,1,1,0,0,0,0,
alns,manual_assignment,POLICY_FAST_RESPONSE,5.0,meanResponseDelay,1,1,1,298.1619047619048,298.1619047619048,298.1619047619048,298.1619047619048,
alns,manual_assignment,POLICY_FAST_RESPONSE,5.0,medianResponseDelay,1,1,1,277.275,277.275,277.275,277.275,
alns,manual_assignment,POLICY_FAST_RESPONSE,5.0,maxResponseDelay,1,1,1,521.1166666666667,521.1166666666667,521.1166666666667,521.1166666666667,
alns,manual_assignment,POLICY_FAST_RESPONSE,5.0,meanCompletionDelay,1,1,1,378.1619047619048,378.1619047619048,378.1619047619048,378.1619047619048,
alns,manual_assignment,POLICY_FAST_RESPONSE,5.0,maxCompletionDelay,1,1,1,601.1166666666667,601.1166666666667,601.1166666666667,601.1166666666667,
alns,manual_assignment,POLICY_FAST_RESPONSE,5.0,solverWallTimeMs,1,1,1,5007.372899999837,5007.372899999837,5007.372899999837,5007.372899999837,
alns,manual_assignment,POLICY_FAST_RESPONSE,5.0,validationTimeMs,1,1,1,1.6445999999632477,1.6445999999632477,1.6445999999632477,1.6445999999632477,
alns,manual_assignment,POLICY_FAST_RESPONSE,5.0,processWallTimeMs,1,1,1,6549.927300000036,6549.927300000036,6549.927300000036,6549.927300000036,
alns,manual_assignment,POLICY_FAST_RESPONSE,5.0,peakMemoryMb,1,1,1,120.4296875,120.4296875,120.4296875,120.4296875,
alns,manual_assignment,POLICY_FAST_RESPONSE,5.0,cpuTimeSampledMs,1,1,1,6203.125,6203.125,6203.125,6203.125,
alns,manual_assignment,POLICY_FAST_RESPONSE,5.0,workerChanges,1,1,1,48,48,48,48,
alns,manual_assignment,POLICY_FAST_RESPONSE,5.0,orderChanges,1,1,1,26,26,26,26,
alns,manual_assignment,POLICY_FAST_RESPONSE,5.0,scheduleChanges,1,1,1,108,108,108,108,
alns,manual_assignment,POLICY_FAST_RESPONSE,5.0,removedAssignments,1,1,1,0,0,0,0,
alns,manual_assignment,POLICY_FAST_RESPONSE,5.0,newWorkersActivated,1,1,1,2,2,2,2,
alns,manual_assignment,POLICY_FAST_RESPONSE,5.0,maxScheduleShiftMinutes,1,1,1,431.21666666666664,431.21666666666664,431.21666666666664,431.21666666666664,
alns,manual_assignment,POLICY_MIN_STAFF,5.0,validPlanReturnedPercent,1,1,1,100,100,100,100,
alns,manual_assignment,POLICY_MIN_STAFF,5.0,fullCoverageReturnedPercent,1,1,1,100,100,100,100,
alns,manual_assignment,POLICY_MIN_STAFF,5.0,hardViolations,1,1,1,0,0,0,0,
alns,manual_assignment,POLICY_MIN_STAFF,5.0,served,1,1,1,174,174,174,174,
alns,manual_assignment,POLICY_MIN_STAFF,5.0,unassigned,1,1,1,0,0,0,0,
alns,manual_assignment,POLICY_MIN_STAFF,5.0,servedPercent,1,1,1,100.0,100.0,100.0,100.0,
alns,manual_assignment,POLICY_MIN_STAFF,5.0,workersUsed,1,1,1,26,26,26,26,
alns,manual_assignment,POLICY_MIN_STAFF,5.0,distanceKm,1,1,1,1004.513,1004.513,1004.513,1004.513,
alns,manual_assignment,POLICY_MIN_STAFF,5.0,travelMinutes,1,1,1,1372.7,1372.7,1372.7,1372.7,
alns,manual_assignment,POLICY_MIN_STAFF,5.0,waitingMinutes,1,1,1,2398.45,2398.45,2398.45,2398.45,
alns,manual_assignment,POLICY_MIN_STAFF,5.0,serviceMinutes,1,1,1,9230.0,9230.0,9230.0,9230.0,
alns,manual_assignment,POLICY_MIN_STAFF,5.0,emergencyServed,1,1,1,14,14,14,14,
alns,manual_assignment,POLICY_MIN_STAFF,5.0,emergencyUnassigned,1,1,1,0,0,0,0,
alns,manual_assignment,POLICY_MIN_STAFF,5.0,meanResponseDelay,1,1,1,314.3654761904762,314.3654761904762,314.3654761904762,314.3654761904762,
alns,manual_assignment,POLICY_MIN_STAFF,5.0,medianResponseDelay,1,1,1,301.7833333333333,301.7833333333333,301.7833333333333,301.7833333333333,
alns,manual_assignment,POLICY_MIN_STAFF,5.0,maxResponseDelay,1,1,1,521.3833333333333,521.3833333333333,521.3833333333333,521.3833333333333,
alns,manual_assignment,POLICY_MIN_STAFF,5.0,meanCompletionDelay,1,1,1,394.3654761904762,394.3654761904762,394.3654761904762,394.3654761904762,
alns,manual_assignment,POLICY_MIN_STAFF,5.0,maxCompletionDelay,1,1,1,601.3833333333333,601.3833333333333,601.3833333333333,601.3833333333333,
alns,manual_assignment,POLICY_MIN_STAFF,5.0,solverWallTimeMs,1,1,1,5013.7842999999975,5013.7842999999975,5013.7842999999975,5013.7842999999975,
alns,manual_assignment,POLICY_MIN_STAFF,5.0,validationTimeMs,1,1,1,1.6175000000657747,1.6175000000657747,1.6175000000657747,1.6175000000657747,
alns,manual_assignment,POLICY_MIN_STAFF,5.0,processWallTimeMs,1,1,1,6533.485599999949,6533.485599999949,6533.485599999949,6533.485599999949,
alns,manual_assignment,POLICY_MIN_STAFF,5.0,peakMemoryMb,1,1,1,120.1953125,120.1953125,120.1953125,120.1953125,
alns,manual_assignment,POLICY_MIN_STAFF,5.0,cpuTimeSampledMs,1,1,1,6281.25,6281.25,6281.25,6281.25,
alns,manual_assignment,POLICY_MIN_STAFF,5.0,workerChanges,1,1,1,44,44,44,44,
alns,manual_assignment,POLICY_MIN_STAFF,5.0,orderChanges,1,1,1,17,17,17,17,
alns,manual_assignment,POLICY_MIN_STAFF,5.0,scheduleChanges,1,1,1,96,96,96,96,
alns,manual_assignment,POLICY_MIN_STAFF,5.0,removedAssignments,1,1,1,0,0,0,0,
alns,manual_assignment,POLICY_MIN_STAFF,5.0,newWorkersActivated,1,1,1,0,0,0,0,
alns,manual_assignment,POLICY_MIN_STAFF,5.0,maxScheduleShiftMinutes,1,1,1,431.21666666666664,431.21666666666664,431.21666666666664,431.21666666666664,
alns,manual_assignment,PRIMARY,5.0,validPlanReturnedPercent,1,1,1,100,100,100,100,
alns,manual_assignment,PRIMARY,5.0,fullCoverageReturnedPercent,1,1,1,100,100,100,100,
alns,manual_assignment,PRIMARY,5.0,hardViolations,1,1,1,0,0,0,0,
alns,manual_assignment,PRIMARY,5.0,served,1,1,1,174,174,174,174,
alns,manual_assignment,PRIMARY,5.0,unassigned,1,1,1,0,0,0,0,
alns,manual_assignment,PRIMARY,5.0,servedPercent,1,1,1,100.0,100.0,100.0,100.0,
alns,manual_assignment,PRIMARY,5.0,workersUsed,1,1,1,26,26,26,26,
alns,manual_assignment,PRIMARY,5.0,distanceKm,1,1,1,818.527,818.527,818.527,818.527,
alns,manual_assignment,PRIMARY,5.0,travelMinutes,1,1,1,1194.2333333333333,1194.2333333333333,1194.2333333333333,1194.2333333333333,
alns,manual_assignment,PRIMARY,5.0,waitingMinutes,1,1,1,2495.75,2495.75,2495.75,2495.75,
alns,manual_assignment,PRIMARY,5.0,serviceMinutes,1,1,1,9230.0,9230.0,9230.0,9230.0,
alns,manual_assignment,PRIMARY,5.0,emergencyServed,1,1,1,14,14,14,14,
alns,manual_assignment,PRIMARY,5.0,emergencyUnassigned,1,1,1,0,0,0,0,
alns,manual_assignment,PRIMARY,5.0,meanResponseDelay,1,1,1,430.0702380952381,430.0702380952381,430.0702380952381,430.0702380952381,
alns,manual_assignment,PRIMARY,5.0,medianResponseDelay,1,1,1,464.10833333333335,464.10833333333335,464.10833333333335,464.10833333333335,
alns,manual_assignment,PRIMARY,5.0,maxResponseDelay,1,1,1,678.0833333333334,678.0833333333334,678.0833333333334,678.0833333333334,
alns,manual_assignment,PRIMARY,5.0,meanCompletionDelay,1,1,1,510.0702380952381,510.0702380952381,510.0702380952381,510.0702380952381,
alns,manual_assignment,PRIMARY,5.0,maxCompletionDelay,1,1,1,758.0833333333334,758.0833333333334,758.0833333333334,758.0833333333334,
alns,manual_assignment,PRIMARY,5.0,solverWallTimeMs,1,1,1,5067.448199999944,5067.448199999944,5067.448199999944,5067.448199999944,
alns,manual_assignment,PRIMARY,5.0,validationTimeMs,1,1,1,1.7417999999906897,1.7417999999906897,1.7417999999906897,1.7417999999906897,
alns,manual_assignment,PRIMARY,5.0,processWallTimeMs,1,1,1,6616.333599999962,6616.333599999962,6616.333599999962,6616.333599999962,
alns,manual_assignment,PRIMARY,5.0,peakMemoryMb,1,1,1,118.76953125,118.76953125,118.76953125,118.76953125,
alns,manual_assignment,PRIMARY,5.0,cpuTimeSampledMs,1,1,1,6343.75,6343.75,6343.75,6343.75,
alns,manual_assignment,PRIMARY,5.0,workerChanges,1,1,1,19,19,19,19,
alns,manual_assignment,PRIMARY,5.0,orderChanges,1,1,1,12,12,12,12,
alns,manual_assignment,PRIMARY,5.0,scheduleChanges,1,1,1,43,43,43,43,
alns,manual_assignment,PRIMARY,5.0,removedAssignments,1,1,1,0,0,0,0,
alns,manual_assignment,PRIMARY,5.0,newWorkersActivated,1,1,1,0,0,0,0,
alns,manual_assignment,PRIMARY,5.0,maxScheduleShiftMinutes,1,1,1,117.4,117.4,117.4,117.4,
alns,manual_time,POLICY_FAST_RESPONSE,5.0,validPlanReturnedPercent,1,1,1,100,100,100,100,
alns,manual_time,POLICY_FAST_RESPONSE,5.0,fullCoverageReturnedPercent,1,1,1,100,100,100,100,
alns,manual_time,POLICY_FAST_RESPONSE,5.0,hardViolations,1,1,1,0,0,0,0,
alns,manual_time,POLICY_FAST_RESPONSE,5.0,served,1,1,1,174,174,174,174,
alns,manual_time,POLICY_FAST_RESPONSE,5.0,unassigned,1,1,1,0,0,0,0,
alns,manual_time,POLICY_FAST_RESPONSE,5.0,servedPercent,1,1,1,100.0,100.0,100.0,100.0,
alns,manual_time,POLICY_FAST_RESPONSE,5.0,workersUsed,1,1,1,27,27,27,27,
alns,manual_time,POLICY_FAST_RESPONSE,5.0,distanceKm,1,1,1,1124.55,1124.55,1124.55,1124.55,
alns,manual_time,POLICY_FAST_RESPONSE,5.0,travelMinutes,1,1,1,1470.1,1470.1,1470.1,1470.1,
alns,manual_time,POLICY_FAST_RESPONSE,5.0,waitingMinutes,1,1,1,2535.95,2535.95,2535.95,2535.95,
alns,manual_time,POLICY_FAST_RESPONSE,5.0,serviceMinutes,1,1,1,9230.0,9230.0,9230.0,9230.0,
alns,manual_time,POLICY_FAST_RESPONSE,5.0,emergencyServed,1,1,1,14,14,14,14,
alns,manual_time,POLICY_FAST_RESPONSE,5.0,emergencyUnassigned,1,1,1,0,0,0,0,
alns,manual_time,POLICY_FAST_RESPONSE,5.0,meanResponseDelay,1,1,1,278.0607142857143,278.0607142857143,278.0607142857143,278.0607142857143,
alns,manual_time,POLICY_FAST_RESPONSE,5.0,medianResponseDelay,1,1,1,278.025,278.025,278.025,278.025,
alns,manual_time,POLICY_FAST_RESPONSE,5.0,maxResponseDelay,1,1,1,446.48333333333335,446.48333333333335,446.48333333333335,446.48333333333335,
alns,manual_time,POLICY_FAST_RESPONSE,5.0,meanCompletionDelay,1,1,1,358.0607142857143,358.0607142857143,358.0607142857143,358.0607142857143,
alns,manual_time,POLICY_FAST_RESPONSE,5.0,maxCompletionDelay,1,1,1,526.4833333333333,526.4833333333333,526.4833333333333,526.4833333333333,
alns,manual_time,POLICY_FAST_RESPONSE,5.0,solverWallTimeMs,1,1,1,5011.249200000066,5011.249200000066,5011.249200000066,5011.249200000066,
alns,manual_time,POLICY_FAST_RESPONSE,5.0,validationTimeMs,1,1,1,1.606699999911143,1.606699999911143,1.606699999911143,1.606699999911143,
alns,manual_time,POLICY_FAST_RESPONSE,5.0,processWallTimeMs,1,1,1,6550.508699999909,6550.508699999909,6550.508699999909,6550.508699999909,
alns,manual_time,POLICY_FAST_RESPONSE,5.0,peakMemoryMb,1,1,1,119.1171875,119.1171875,119.1171875,119.1171875,
alns,manual_time,POLICY_FAST_RESPONSE,5.0,cpuTimeSampledMs,1,1,1,6265.625,6265.625,6265.625,6265.625,
alns,manual_time,POLICY_FAST_RESPONSE,5.0,workerChanges,1,1,1,50,50,50,50,
alns,manual_time,POLICY_FAST_RESPONSE,5.0,orderChanges,1,1,1,21,21,21,21,
alns,manual_time,POLICY_FAST_RESPONSE,5.0,scheduleChanges,1,1,1,88,88,88,88,
alns,manual_time,POLICY_FAST_RESPONSE,5.0,removedAssignments,1,1,1,0,0,0,0,
alns,manual_time,POLICY_FAST_RESPONSE,5.0,newWorkersActivated,1,1,1,1,1,1,1,
alns,manual_time,POLICY_FAST_RESPONSE,5.0,maxScheduleShiftMinutes,1,1,1,431.21666666666664,431.21666666666664,431.21666666666664,431.21666666666664,
alns,manual_time,POLICY_MIN_STAFF,5.0,validPlanReturnedPercent,1,1,1,100,100,100,100,
alns,manual_time,POLICY_MIN_STAFF,5.0,fullCoverageReturnedPercent,1,1,1,100,100,100,100,
alns,manual_time,POLICY_MIN_STAFF,5.0,hardViolations,1,1,1,0,0,0,0,
alns,manual_time,POLICY_MIN_STAFF,5.0,served,1,1,1,174,174,174,174,
alns,manual_time,POLICY_MIN_STAFF,5.0,unassigned,1,1,1,0,0,0,0,
alns,manual_time,POLICY_MIN_STAFF,5.0,servedPercent,1,1,1,100.0,100.0,100.0,100.0,
alns,manual_time,POLICY_MIN_STAFF,5.0,workersUsed,1,1,1,25,25,25,25,
alns,manual_time,POLICY_MIN_STAFF,5.0,distanceKm,1,1,1,1199.288,1199.288,1199.288,1199.288,
alns,manual_time,POLICY_MIN_STAFF,5.0,travelMinutes,1,1,1,1521.5166666666667,1521.5166666666667,1521.5166666666667,1521.5166666666667,
alns,manual_time,POLICY_MIN_STAFF,5.0,waitingMinutes,1,1,1,2271.45,2271.45,2271.45,2271.45,
alns,manual_time,POLICY_MIN_STAFF,5.0,serviceMinutes,1,1,1,9230.0,9230.0,9230.0,9230.0,
alns,manual_time,POLICY_MIN_STAFF,5.0,emergencyServed,1,1,1,14,14,14,14,
alns,manual_time,POLICY_MIN_STAFF,5.0,emergencyUnassigned,1,1,1,0,0,0,0,
alns,manual_time,POLICY_MIN_STAFF,5.0,meanResponseDelay,1,1,1,363.6047619047619,363.6047619047619,363.6047619047619,363.6047619047619,
alns,manual_time,POLICY_MIN_STAFF,5.0,medianResponseDelay,1,1,1,356.26666666666665,356.26666666666665,356.26666666666665,356.26666666666665,
alns,manual_time,POLICY_MIN_STAFF,5.0,maxResponseDelay,1,1,1,605.5,605.5,605.5,605.5,
alns,manual_time,POLICY_MIN_STAFF,5.0,meanCompletionDelay,1,1,1,443.6047619047619,443.6047619047619,443.6047619047619,443.6047619047619,
alns,manual_time,POLICY_MIN_STAFF,5.0,maxCompletionDelay,1,1,1,685.5,685.5,685.5,685.5,
alns,manual_time,POLICY_MIN_STAFF,5.0,solverWallTimeMs,1,1,1,5019.238600000108,5019.238600000108,5019.238600000108,5019.238600000108,
alns,manual_time,POLICY_MIN_STAFF,5.0,validationTimeMs,1,1,1,2.829099999871687,2.829099999871687,2.829099999871687,2.829099999871687,
alns,manual_time,POLICY_MIN_STAFF,5.0,processWallTimeMs,1,1,1,6610.630199999832,6610.630199999832,6610.630199999832,6610.630199999832,
alns,manual_time,POLICY_MIN_STAFF,5.0,peakMemoryMb,1,1,1,119.21875,119.21875,119.21875,119.21875,
alns,manual_time,POLICY_MIN_STAFF,5.0,cpuTimeSampledMs,1,1,1,6296.875,6296.875,6296.875,6296.875,
alns,manual_time,POLICY_MIN_STAFF,5.0,workerChanges,1,1,1,38,38,38,38,
alns,manual_time,POLICY_MIN_STAFF,5.0,orderChanges,1,1,1,28,28,28,28,
alns,manual_time,POLICY_MIN_STAFF,5.0,scheduleChanges,1,1,1,93,93,93,93,
alns,manual_time,POLICY_MIN_STAFF,5.0,removedAssignments,1,1,1,0,0,0,0,
alns,manual_time,POLICY_MIN_STAFF,5.0,newWorkersActivated,1,1,1,0,0,0,0,
alns,manual_time,POLICY_MIN_STAFF,5.0,maxScheduleShiftMinutes,1,1,1,431.21666666666664,431.21666666666664,431.21666666666664,431.21666666666664,
alns,manual_time,PRIMARY,5.0,validPlanReturnedPercent,1,1,1,100,100,100,100,
alns,manual_time,PRIMARY,5.0,fullCoverageReturnedPercent,1,1,1,100,100,100,100,
alns,manual_time,PRIMARY,5.0,hardViolations,1,1,1,0,0,0,0,
alns,manual_time,PRIMARY,5.0,served,1,1,1,174,174,174,174,
alns,manual_time,PRIMARY,5.0,unassigned,1,1,1,0,0,0,0,
alns,manual_time,PRIMARY,5.0,servedPercent,1,1,1,100.0,100.0,100.0,100.0,
alns,manual_time,PRIMARY,5.0,workersUsed,1,1,1,26,26,26,26,
alns,manual_time,PRIMARY,5.0,distanceKm,1,1,1,799.227,799.227,799.227,799.227,
alns,manual_time,PRIMARY,5.0,travelMinutes,1,1,1,1158.7666666666667,1158.7666666666667,1158.7666666666667,1158.7666666666667,
alns,manual_time,PRIMARY,5.0,waitingMinutes,1,1,1,2591.8333333333335,2591.8333333333335,2591.8333333333335,2591.8333333333335,
alns,manual_time,PRIMARY,5.0,serviceMinutes,1,1,1,9230.0,9230.0,9230.0,9230.0,
alns,manual_time,PRIMARY,5.0,emergencyServed,1,1,1,14,14,14,14,
alns,manual_time,PRIMARY,5.0,emergencyUnassigned,1,1,1,0,0,0,0,
alns,manual_time,PRIMARY,5.0,meanResponseDelay,1,1,1,453.56904761904764,453.56904761904764,453.56904761904764,453.56904761904764,
alns,manual_time,PRIMARY,5.0,medianResponseDelay,1,1,1,498.08333333333337,498.08333333333337,498.08333333333337,498.08333333333337,
alns,manual_time,PRIMARY,5.0,maxResponseDelay,1,1,1,697.2833333333333,697.2833333333333,697.2833333333333,697.2833333333333,
alns,manual_time,PRIMARY,5.0,meanCompletionDelay,1,1,1,533.5690476190476,533.5690476190476,533.5690476190476,533.5690476190476,
alns,manual_time,PRIMARY,5.0,maxCompletionDelay,1,1,1,777.2833333333333,777.2833333333333,777.2833333333333,777.2833333333333,
alns,manual_time,PRIMARY,5.0,solverWallTimeMs,1,1,1,5008.096300000034,5008.096300000034,5008.096300000034,5008.096300000034,
alns,manual_time,PRIMARY,5.0,validationTimeMs,1,1,1,103.72320000010404,103.72320000010404,103.72320000010404,103.72320000010404,
alns,manual_time,PRIMARY,5.0,processWallTimeMs,1,1,1,6545.2631999999085,6545.2631999999085,6545.2631999999085,6545.2631999999085,
alns,manual_time,PRIMARY,5.0,peakMemoryMb,1,1,1,118.3671875,118.3671875,118.3671875,118.3671875,
alns,manual_time,PRIMARY,5.0,cpuTimeSampledMs,1,1,1,6250.0,6250.0,6250.0,6250.0,
alns,manual_time,PRIMARY,5.0,workerChanges,1,1,1,16,16,16,16,
alns,manual_time,PRIMARY,5.0,orderChanges,1,1,1,4,4,4,4,
alns,manual_time,PRIMARY,5.0,scheduleChanges,1,1,1,27,27,27,27,
alns,manual_time,PRIMARY,5.0,removedAssignments,1,1,1,0,0,0,0,
alns,manual_time,PRIMARY,5.0,newWorkersActivated,1,1,1,0,0,0,0,
alns,manual_time,PRIMARY,5.0,maxScheduleShiftMinutes,1,1,1,350.05,350.05,350.05,350.05,
alns,new_emergency,POLICY_FAST_RESPONSE,5.0,validPlanReturnedPercent,1,1,1,100,100,100,100,
alns,new_emergency,POLICY_FAST_RESPONSE,5.0,fullCoverageReturnedPercent,1,1,1,100,100,100,100,
alns,new_emergency,POLICY_FAST_RESPONSE,5.0,hardViolations,1,1,1,0,0,0,0,
alns,new_emergency,POLICY_FAST_RESPONSE,5.0,served,1,1,1,175,175,175,175,
alns,new_emergency,POLICY_FAST_RESPONSE,5.0,unassigned,1,1,1,0,0,0,0,
alns,new_emergency,POLICY_FAST_RESPONSE,5.0,servedPercent,1,1,1,100.0,100.0,100.0,100.0,
alns,new_emergency,POLICY_FAST_RESPONSE,5.0,workersUsed,1,1,1,28,28,28,28,
alns,new_emergency,POLICY_FAST_RESPONSE,5.0,distanceKm,1,1,1,1164.304,1164.304,1164.304,1164.304,
alns,new_emergency,POLICY_FAST_RESPONSE,5.0,travelMinutes,1,1,1,1479.4,1479.4,1479.4,1479.4,
alns,new_emergency,POLICY_FAST_RESPONSE,5.0,waitingMinutes,1,1,1,2919.3333333333335,2919.3333333333335,2919.3333333333335,2919.3333333333335,
alns,new_emergency,POLICY_FAST_RESPONSE,5.0,serviceMinutes,1,1,1,9310.0,9310.0,9310.0,9310.0,
alns,new_emergency,POLICY_FAST_RESPONSE,5.0,emergencyServed,1,1,1,15,15,15,15,
alns,new_emergency,POLICY_FAST_RESPONSE,5.0,emergencyUnassigned,1,1,1,0,0,0,0,
alns,new_emergency,POLICY_FAST_RESPONSE,5.0,meanResponseDelay,1,1,1,272.77,272.77,272.77,272.77,
alns,new_emergency,POLICY_FAST_RESPONSE,5.0,medianResponseDelay,1,1,1,263.95,263.95,263.95,263.95,
alns,new_emergency,POLICY_FAST_RESPONSE,5.0,maxResponseDelay,1,1,1,475.56666666666666,475.56666666666666,475.56666666666666,475.56666666666666,
alns,new_emergency,POLICY_FAST_RESPONSE,5.0,meanCompletionDelay,1,1,1,352.77,352.77,352.77,352.77,
alns,new_emergency,POLICY_FAST_RESPONSE,5.0,maxCompletionDelay,1,1,1,555.5666666666667,555.5666666666667,555.5666666666667,555.5666666666667,
alns,new_emergency,POLICY_FAST_RESPONSE,5.0,solverWallTimeMs,1,1,1,5017.349499999909,5017.349499999909,5017.349499999909,5017.349499999909,
alns,new_emergency,POLICY_FAST_RESPONSE,5.0,validationTimeMs,1,1,1,1.5975999999682244,1.5975999999682244,1.5975999999682244,1.5975999999682244,
alns,new_emergency,POLICY_FAST_RESPONSE,5.0,processWallTimeMs,1,1,1,6374.68530000001,6374.68530000001,6374.68530000001,6374.68530000001,
alns,new_emergency,POLICY_FAST_RESPONSE,5.0,peakMemoryMb,1,1,1,121.46484375,121.46484375,121.46484375,121.46484375,
alns,new_emergency,POLICY_FAST_RESPONSE,5.0,cpuTimeSampledMs,1,1,1,6062.5,6062.5,6062.5,6062.5,
alns,new_emergency,POLICY_FAST_RESPONSE,5.0,workerChanges,1,1,1,57,57,57,57,
alns,new_emergency,POLICY_FAST_RESPONSE,5.0,orderChanges,1,1,1,15,15,15,15,
alns,new_emergency,POLICY_FAST_RESPONSE,5.0,scheduleChanges,1,1,1,100,100,100,100,
alns,new_emergency,POLICY_FAST_RESPONSE,5.0,removedAssignments,1,1,1,0,0,0,0,
alns,new_emergency,POLICY_FAST_RESPONSE,5.0,newWorkersActivated,1,1,1,2,2,2,2,
alns,new_emergency,POLICY_FAST_RESPONSE,5.0,maxScheduleShiftMinutes,1,1,1,441.2,441.2,441.2,441.2,
alns,new_emergency,POLICY_FAST_RESPONSE,5.0,injectedEmergencyResponseMinutes,1,1,1,95.71666666666667,95.71666666666667,95.71666666666667,95.71666666666667,
alns,new_emergency,POLICY_MIN_STAFF,5.0,validPlanReturnedPercent,1,1,1,100,100,100,100,
alns,new_emergency,POLICY_MIN_STAFF,5.0,fullCoverageReturnedPercent,1,1,1,100,100,100,100,
alns,new_emergency,POLICY_MIN_STAFF,5.0,hardViolations,1,1,1,0,0,0,0,
alns,new_emergency,POLICY_MIN_STAFF,5.0,served,1,1,1,175,175,175,175,
alns,new_emergency,POLICY_MIN_STAFF,5.0,unassigned,1,1,1,0,0,0,0,
alns,new_emergency,POLICY_MIN_STAFF,5.0,servedPercent,1,1,1,100.0,100.0,100.0,100.0,
alns,new_emergency,POLICY_MIN_STAFF,5.0,workersUsed,1,1,1,25,25,25,25,
alns,new_emergency,POLICY_MIN_STAFF,5.0,distanceKm,1,1,1,1139.102,1139.102,1139.102,1139.102,
alns,new_emergency,POLICY_MIN_STAFF,5.0,travelMinutes,1,1,1,1443.6,1443.6,1443.6,1443.6,
alns,new_emergency,POLICY_MIN_STAFF,5.0,waitingMinutes,1,1,1,2174.8,2174.8,2174.8,2174.8,
alns,new_emergency,POLICY_MIN_STAFF,5.0,serviceMinutes,1,1,1,9310.0,9310.0,9310.0,9310.0,
alns,new_emergency,POLICY_MIN_STAFF,5.0,emergencyServed,1,1,1,15,15,15,15,
alns,new_emergency,POLICY_MIN_STAFF,5.0,emergencyUnassigned,1,1,1,0,0,0,0,
alns,new_emergency,POLICY_MIN_STAFF,5.0,meanResponseDelay,1,1,1,347.63444444444445,347.63444444444445,347.63444444444445,347.63444444444445,
alns,new_emergency,POLICY_MIN_STAFF,5.0,medianResponseDelay,1,1,1,324.81666666666666,324.81666666666666,324.81666666666666,324.81666666666666,
alns,new_emergency,POLICY_MIN_STAFF,5.0,maxResponseDelay,1,1,1,601.5333333333333,601.5333333333333,601.5333333333333,601.5333333333333,
alns,new_emergency,POLICY_MIN_STAFF,5.0,meanCompletionDelay,1,1,1,427.63444444444445,427.63444444444445,427.63444444444445,427.63444444444445,
alns,new_emergency,POLICY_MIN_STAFF,5.0,maxCompletionDelay,1,1,1,681.5333333333333,681.5333333333333,681.5333333333333,681.5333333333333,
alns,new_emergency,POLICY_MIN_STAFF,5.0,solverWallTimeMs,1,1,1,5019.499400000086,5019.499400000086,5019.499400000086,5019.499400000086,
alns,new_emergency,POLICY_MIN_STAFF,5.0,validationTimeMs,1,1,1,1.8218000000160828,1.8218000000160828,1.8218000000160828,1.8218000000160828,
alns,new_emergency,POLICY_MIN_STAFF,5.0,processWallTimeMs,1,1,1,6450.44340000004,6450.44340000004,6450.44340000004,6450.44340000004,
alns,new_emergency,POLICY_MIN_STAFF,5.0,peakMemoryMb,1,1,1,118.93359375,118.93359375,118.93359375,118.93359375,
alns,new_emergency,POLICY_MIN_STAFF,5.0,cpuTimeSampledMs,1,1,1,6250.0,6250.0,6250.0,6250.0,
alns,new_emergency,POLICY_MIN_STAFF,5.0,workerChanges,1,1,1,38,38,38,38,
alns,new_emergency,POLICY_MIN_STAFF,5.0,orderChanges,1,1,1,22,22,22,22,
alns,new_emergency,POLICY_MIN_STAFF,5.0,scheduleChanges,1,1,1,82,82,82,82,
alns,new_emergency,POLICY_MIN_STAFF,5.0,removedAssignments,1,1,1,0,0,0,0,
alns,new_emergency,POLICY_MIN_STAFF,5.0,newWorkersActivated,1,1,1,0,0,0,0,
alns,new_emergency,POLICY_MIN_STAFF,5.0,maxScheduleShiftMinutes,1,1,1,431.21666666666664,431.21666666666664,431.21666666666664,431.21666666666664,
alns,new_emergency,POLICY_MIN_STAFF,5.0,injectedEmergencyResponseMinutes,1,1,1,5.666666666666667,5.666666666666667,5.666666666666667,5.666666666666667,
alns,new_emergency,PRIMARY,5.0,validPlanReturnedPercent,1,1,1,100,100,100,100,
alns,new_emergency,PRIMARY,5.0,fullCoverageReturnedPercent,1,1,1,100,100,100,100,
alns,new_emergency,PRIMARY,5.0,hardViolations,1,1,1,0,0,0,0,
alns,new_emergency,PRIMARY,5.0,served,1,1,1,175,175,175,175,
alns,new_emergency,PRIMARY,5.0,unassigned,1,1,1,0,0,0,0,
alns,new_emergency,PRIMARY,5.0,servedPercent,1,1,1,100.0,100.0,100.0,100.0,
alns,new_emergency,PRIMARY,5.0,workersUsed,1,1,1,26,26,26,26,
alns,new_emergency,PRIMARY,5.0,distanceKm,1,1,1,858.707,858.707,858.707,858.707,
alns,new_emergency,PRIMARY,5.0,travelMinutes,1,1,1,1213.9666666666667,1213.9666666666667,1213.9666666666667,1213.9666666666667,
alns,new_emergency,PRIMARY,5.0,waitingMinutes,1,1,1,2511.2,2511.2,2511.2,2511.2,
alns,new_emergency,PRIMARY,5.0,serviceMinutes,1,1,1,9310.0,9310.0,9310.0,9310.0,
alns,new_emergency,PRIMARY,5.0,emergencyServed,1,1,1,15,15,15,15,
alns,new_emergency,PRIMARY,5.0,emergencyUnassigned,1,1,1,0,0,0,0,
alns,new_emergency,PRIMARY,5.0,meanResponseDelay,1,1,1,414.7033333333333,414.7033333333333,414.7033333333333,414.7033333333333,
alns,new_emergency,PRIMARY,5.0,medianResponseDelay,1,1,1,444.1,444.1,444.1,444.1,
alns,new_emergency,PRIMARY,5.0,maxResponseDelay,1,1,1,686.4333333333333,686.4333333333333,686.4333333333333,686.4333333333333,
alns,new_emergency,PRIMARY,5.0,meanCompletionDelay,1,1,1,494.7033333333333,494.7033333333333,494.7033333333333,494.7033333333333,
alns,new_emergency,PRIMARY,5.0,maxCompletionDelay,1,1,1,766.4333333333333,766.4333333333333,766.4333333333333,766.4333333333333,
alns,new_emergency,PRIMARY,5.0,solverWallTimeMs,1,1,1,5009.977200000094,5009.977200000094,5009.977200000094,5009.977200000094,
alns,new_emergency,PRIMARY,5.0,validationTimeMs,1,1,1,1.3370000001486915,1.3370000001486915,1.3370000001486915,1.3370000001486915,
alns,new_emergency,PRIMARY,5.0,processWallTimeMs,1,1,1,6475.149900000133,6475.149900000133,6475.149900000133,6475.149900000133,
alns,new_emergency,PRIMARY,5.0,peakMemoryMb,1,1,1,119.3984375,119.3984375,119.3984375,119.3984375,
alns,new_emergency,PRIMARY,5.0,cpuTimeSampledMs,1,1,1,6296.875,6296.875,6296.875,6296.875,
alns,new_emergency,PRIMARY,5.0,workerChanges,1,1,1,12,12,12,12,
alns,new_emergency,PRIMARY,5.0,orderChanges,1,1,1,5,5,5,5,
alns,new_emergency,PRIMARY,5.0,scheduleChanges,1,1,1,31,31,31,31,
alns,new_emergency,PRIMARY,5.0,removedAssignments,1,1,1,0,0,0,0,
alns,new_emergency,PRIMARY,5.0,newWorkersActivated,1,1,1,0,0,0,0,
alns,new_emergency,PRIMARY,5.0,maxScheduleShiftMinutes,1,1,1,95.8,95.8,95.8,95.8,
alns,new_emergency,PRIMARY,5.0,injectedEmergencyResponseMinutes,1,1,1,95.66666666666667,95.66666666666667,95.66666666666667,95.66666666666667,
alns,worker_unavailability,POLICY_FAST_RESPONSE,5.0,validPlanReturnedPercent,1,1,1,100,100,100,100,
alns,worker_unavailability,POLICY_FAST_RESPONSE,5.0,fullCoverageReturnedPercent,1,1,1,0,0,0,0,
alns,worker_unavailability,POLICY_FAST_RESPONSE,5.0,hardViolations,1,1,1,0,0,0,0,
alns,worker_unavailability,POLICY_FAST_RESPONSE,5.0,served,1,1,1,173,173,173,173,
alns,worker_unavailability,POLICY_FAST_RESPONSE,5.0,unassigned,1,1,1,1,1,1,1,
alns,worker_unavailability,POLICY_FAST_RESPONSE,5.0,servedPercent,1,1,1,99.42528735632185,99.42528735632185,99.42528735632185,99.42528735632185,
alns,worker_unavailability,POLICY_FAST_RESPONSE,5.0,workersUsed,1,1,1,29,29,29,29,
alns,worker_unavailability,POLICY_FAST_RESPONSE,5.0,distanceKm,1,1,1,1227.579,1227.579,1227.579,1227.579,
alns,worker_unavailability,POLICY_FAST_RESPONSE,5.0,travelMinutes,1,1,1,1524.6666666666667,1524.6666666666667,1524.6666666666667,1524.6666666666667,
alns,worker_unavailability,POLICY_FAST_RESPONSE,5.0,waitingMinutes,1,1,1,2990.366666666667,2990.366666666667,2990.366666666667,2990.366666666667,
alns,worker_unavailability,POLICY_FAST_RESPONSE,5.0,serviceMinutes,1,1,1,9200.0,9200.0,9200.0,9200.0,
alns,worker_unavailability,POLICY_FAST_RESPONSE,5.0,emergencyServed,1,1,1,14,14,14,14,
alns,worker_unavailability,POLICY_FAST_RESPONSE,5.0,emergencyUnassigned,1,1,1,0,0,0,0,
alns,worker_unavailability,POLICY_FAST_RESPONSE,5.0,meanResponseDelay,1,1,1,285.83214285714286,285.83214285714286,285.83214285714286,285.83214285714286,
alns,worker_unavailability,POLICY_FAST_RESPONSE,5.0,medianResponseDelay,1,1,1,277.6333333333333,277.6333333333333,277.6333333333333,277.6333333333333,
alns,worker_unavailability,POLICY_FAST_RESPONSE,5.0,maxResponseDelay,1,1,1,458.1666666666667,458.1666666666667,458.1666666666667,458.1666666666667,
alns,worker_unavailability,POLICY_FAST_RESPONSE,5.0,meanCompletionDelay,1,1,1,365.83214285714286,365.83214285714286,365.83214285714286,365.83214285714286,
alns,worker_unavailability,POLICY_FAST_RESPONSE,5.0,maxCompletionDelay,1,1,1,538.1666666666666,538.1666666666666,538.1666666666666,538.1666666666666,
alns,worker_unavailability,POLICY_FAST_RESPONSE,5.0,solverWallTimeMs,1,1,1,5015.2002000002085,5015.2002000002085,5015.2002000002085,5015.2002000002085,
alns,worker_unavailability,POLICY_FAST_RESPONSE,5.0,validationTimeMs,1,1,1,2.1553000001404143,2.1553000001404143,2.1553000001404143,2.1553000001404143,
alns,worker_unavailability,POLICY_FAST_RESPONSE,5.0,processWallTimeMs,1,1,1,6797.716499999979,6797.716499999979,6797.716499999979,6797.716499999979,
alns,worker_unavailability,POLICY_FAST_RESPONSE,5.0,peakMemoryMb,1,1,1,120.4375,120.4375,120.4375,120.4375,
alns,worker_unavailability,POLICY_FAST_RESPONSE,5.0,cpuTimeSampledMs,1,1,1,5937.5,5937.5,5937.5,5937.5,
alns,worker_unavailability,POLICY_FAST_RESPONSE,5.0,workerChanges,1,1,1,51,51,51,51,
alns,worker_unavailability,POLICY_FAST_RESPONSE,5.0,orderChanges,1,1,1,27,27,27,27,
alns,worker_unavailability,POLICY_FAST_RESPONSE,5.0,scheduleChanges,1,1,1,105,105,105,105,
alns,worker_unavailability,POLICY_FAST_RESPONSE,5.0,removedAssignments,1,1,1,1,1,1,1,
alns,worker_unavailability,POLICY_FAST_RESPONSE,5.0,newWorkersActivated,1,1,1,3,3,3,3,
alns,worker_unavailability,POLICY_FAST_RESPONSE,5.0,maxScheduleShiftMinutes,1,1,1,431.21666666666664,431.21666666666664,431.21666666666664,431.21666666666664,
alns,worker_unavailability,POLICY_MIN_STAFF,5.0,validPlanReturnedPercent,1,1,1,100,100,100,100,
alns,worker_unavailability,POLICY_MIN_STAFF,5.0,fullCoverageReturnedPercent,1,1,1,0,0,0,0,
alns,worker_unavailability,POLICY_MIN_STAFF,5.0,hardViolations,1,1,1,0,0,0,0,
alns,worker_unavailability,POLICY_MIN_STAFF,5.0,served,1,1,1,173,173,173,173,
alns,worker_unavailability,POLICY_MIN_STAFF,5.0,unassigned,1,1,1,1,1,1,1,
alns,worker_unavailability,POLICY_MIN_STAFF,5.0,servedPercent,1,1,1,99.42528735632185,99.42528735632185,99.42528735632185,99.42528735632185,
alns,worker_unavailability,POLICY_MIN_STAFF,5.0,workersUsed,1,1,1,27,27,27,27,
alns,worker_unavailability,POLICY_MIN_STAFF,5.0,distanceKm,1,1,1,1176.052,1176.052,1176.052,1176.052,
alns,worker_unavailability,POLICY_MIN_STAFF,5.0,travelMinutes,1,1,1,1479.05,1479.05,1479.05,1479.05,
alns,worker_unavailability,POLICY_MIN_STAFF,5.0,waitingMinutes,1,1,1,2830.8333333333335,2830.8333333333335,2830.8333333333335,2830.8333333333335,
alns,worker_unavailability,POLICY_MIN_STAFF,5.0,serviceMinutes,1,1,1,9200.0,9200.0,9200.0,9200.0,
alns,worker_unavailability,POLICY_MIN_STAFF,5.0,emergencyServed,1,1,1,14,14,14,14,
alns,worker_unavailability,POLICY_MIN_STAFF,5.0,emergencyUnassigned,1,1,1,0,0,0,0,
alns,worker_unavailability,POLICY_MIN_STAFF,5.0,meanResponseDelay,1,1,1,371.6428571428571,371.6428571428571,371.6428571428571,371.6428571428571,
alns,worker_unavailability,POLICY_MIN_STAFF,5.0,medianResponseDelay,1,1,1,373.925,373.925,373.925,373.925,
alns,worker_unavailability,POLICY_MIN_STAFF,5.0,maxResponseDelay,1,1,1,636.65,636.65,636.65,636.65,
alns,worker_unavailability,POLICY_MIN_STAFF,5.0,meanCompletionDelay,1,1,1,451.6428571428571,451.6428571428571,451.6428571428571,451.6428571428571,
alns,worker_unavailability,POLICY_MIN_STAFF,5.0,maxCompletionDelay,1,1,1,716.65,716.65,716.65,716.65,
alns,worker_unavailability,POLICY_MIN_STAFF,5.0,solverWallTimeMs,1,1,1,5036.575299999868,5036.575299999868,5036.575299999868,5036.575299999868,
alns,worker_unavailability,POLICY_MIN_STAFF,5.0,validationTimeMs,1,1,1,2.2178000001531473,2.2178000001531473,2.2178000001531473,2.2178000001531473,
alns,worker_unavailability,POLICY_MIN_STAFF,5.0,processWallTimeMs,1,1,1,6991.644699999824,6991.644699999824,6991.644699999824,6991.644699999824,
alns,worker_unavailability,POLICY_MIN_STAFF,5.0,peakMemoryMb,1,1,1,118.6875,118.6875,118.6875,118.6875,
alns,worker_unavailability,POLICY_MIN_STAFF,5.0,cpuTimeSampledMs,1,1,1,6359.375,6359.375,6359.375,6359.375,
alns,worker_unavailability,POLICY_MIN_STAFF,5.0,workerChanges,1,1,1,50,50,50,50,
alns,worker_unavailability,POLICY_MIN_STAFF,5.0,orderChanges,1,1,1,22,22,22,22,
alns,worker_unavailability,POLICY_MIN_STAFF,5.0,scheduleChanges,1,1,1,95,95,95,95,
alns,worker_unavailability,POLICY_MIN_STAFF,5.0,removedAssignments,1,1,1,1,1,1,1,
alns,worker_unavailability,POLICY_MIN_STAFF,5.0,newWorkersActivated,1,1,1,2,2,2,2,
alns,worker_unavailability,POLICY_MIN_STAFF,5.0,maxScheduleShiftMinutes,1,1,1,431.21666666666664,431.21666666666664,431.21666666666664,431.21666666666664,
alns,worker_unavailability,PRIMARY,5.0,validPlanReturnedPercent,1,1,1,100,100,100,100,
alns,worker_unavailability,PRIMARY,5.0,fullCoverageReturnedPercent,1,1,1,0,0,0,0,
alns,worker_unavailability,PRIMARY,5.0,hardViolations,1,1,1,0,0,0,0,
alns,worker_unavailability,PRIMARY,5.0,served,1,1,1,173,173,173,173,
alns,worker_unavailability,PRIMARY,5.0,unassigned,1,1,1,1,1,1,1,
alns,worker_unavailability,PRIMARY,5.0,servedPercent,1,1,1,99.42528735632185,99.42528735632185,99.42528735632185,99.42528735632185,
alns,worker_unavailability,PRIMARY,5.0,workersUsed,1,1,1,28,28,28,28,
alns,worker_unavailability,PRIMARY,5.0,distanceKm,1,1,1,794.594,794.594,794.594,794.594,
alns,worker_unavailability,PRIMARY,5.0,travelMinutes,1,1,1,1155.85,1155.85,1155.85,1155.85,
alns,worker_unavailability,PRIMARY,5.0,waitingMinutes,1,1,1,3058.616666666667,3058.616666666667,3058.616666666667,3058.616666666667,
alns,worker_unavailability,PRIMARY,5.0,serviceMinutes,1,1,1,9200.0,9200.0,9200.0,9200.0,
alns,worker_unavailability,PRIMARY,5.0,emergencyServed,1,1,1,14,14,14,14,
alns,worker_unavailability,PRIMARY,5.0,emergencyUnassigned,1,1,1,0,0,0,0,
alns,worker_unavailability,PRIMARY,5.0,meanResponseDelay,1,1,1,428.5654761904762,428.5654761904762,428.5654761904762,428.5654761904762,
alns,worker_unavailability,PRIMARY,5.0,medianResponseDelay,1,1,1,463.95000000000005,463.95000000000005,463.95000000000005,463.95000000000005,
alns,worker_unavailability,PRIMARY,5.0,maxResponseDelay,1,1,1,686.4333333333333,686.4333333333333,686.4333333333333,686.4333333333333,
alns,worker_unavailability,PRIMARY,5.0,meanCompletionDelay,1,1,1,508.5654761904762,508.5654761904762,508.5654761904762,508.5654761904762,
alns,worker_unavailability,PRIMARY,5.0,maxCompletionDelay,1,1,1,766.4333333333333,766.4333333333333,766.4333333333333,766.4333333333333,
alns,worker_unavailability,PRIMARY,5.0,solverWallTimeMs,1,1,1,5013.1613000000925,5013.1613000000925,5013.1613000000925,5013.1613000000925,
alns,worker_unavailability,PRIMARY,5.0,validationTimeMs,1,1,1,1.3317999998889718,1.3317999998889718,1.3317999998889718,1.3317999998889718,
alns,worker_unavailability,PRIMARY,5.0,processWallTimeMs,1,1,1,7271.49089999989,7271.49089999989,7271.49089999989,7271.49089999989,
alns,worker_unavailability,PRIMARY,5.0,peakMemoryMb,1,1,1,118.26171875,118.26171875,118.26171875,118.26171875,
alns,worker_unavailability,PRIMARY,5.0,cpuTimeSampledMs,1,1,1,6296.875,6296.875,6296.875,6296.875,
alns,worker_unavailability,PRIMARY,5.0,workerChanges,1,1,1,26,26,26,26,
alns,worker_unavailability,PRIMARY,5.0,orderChanges,1,1,1,9,9,9,9,
alns,worker_unavailability,PRIMARY,5.0,scheduleChanges,1,1,1,47,47,47,47,
alns,worker_unavailability,PRIMARY,5.0,removedAssignments,1,1,1,1,1,1,1,
alns,worker_unavailability,PRIMARY,5.0,newWorkersActivated,1,1,1,2,2,2,2,
alns,worker_unavailability,PRIMARY,5.0,maxScheduleShiftMinutes,1,1,1,110.13333333333334,110.13333333333334,110.13333333333334,110.13333333333334,
ortools_routing,cancellation,POLICY_FAST_RESPONSE,5.0,validPlanReturnedPercent,1,1,1,100,100,100,100,
ortools_routing,cancellation,POLICY_FAST_RESPONSE,5.0,fullCoverageReturnedPercent,1,1,1,100,100,100,100,
ortools_routing,cancellation,POLICY_FAST_RESPONSE,5.0,hardViolations,1,1,1,0,0,0,0,
ortools_routing,cancellation,POLICY_FAST_RESPONSE,5.0,served,1,1,1,173,173,173,173,
ortools_routing,cancellation,POLICY_FAST_RESPONSE,5.0,unassigned,1,1,1,0,0,0,0,
ortools_routing,cancellation,POLICY_FAST_RESPONSE,5.0,servedPercent,1,1,1,100.0,100.0,100.0,100.0,
ortools_routing,cancellation,POLICY_FAST_RESPONSE,5.0,workersUsed,1,1,1,28,28,28,28,
ortools_routing,cancellation,POLICY_FAST_RESPONSE,5.0,distanceKm,1,1,1,1003.044,1003.044,1003.044,1003.044,
ortools_routing,cancellation,POLICY_FAST_RESPONSE,5.0,travelMinutes,1,1,1,1326.6333333333334,1326.6333333333334,1326.6333333333334,1326.6333333333334,
ortools_routing,cancellation,POLICY_FAST_RESPONSE,5.0,waitingMinutes,1,1,1,3081.85,3081.85,3081.85,3081.85,
ortools_routing,cancellation,POLICY_FAST_RESPONSE,5.0,serviceMinutes,1,1,1,9200.0,9200.0,9200.0,9200.0,
ortools_routing,cancellation,POLICY_FAST_RESPONSE,5.0,emergencyServed,1,1,1,14,14,14,14,
ortools_routing,cancellation,POLICY_FAST_RESPONSE,5.0,emergencyUnassigned,1,1,1,0,0,0,0,
ortools_routing,cancellation,POLICY_FAST_RESPONSE,5.0,meanResponseDelay,1,1,1,325.2345238095238,325.2345238095238,325.2345238095238,325.2345238095238,
ortools_routing,cancellation,POLICY_FAST_RESPONSE,5.0,medianResponseDelay,1,1,1,308.65,308.65,308.65,308.65,
ortools_routing,cancellation,POLICY_FAST_RESPONSE,5.0,maxResponseDelay,1,1,1,567.5333333333333,567.5333333333333,567.5333333333333,567.5333333333333,
ortools_routing,cancellation,POLICY_FAST_RESPONSE,5.0,meanCompletionDelay,1,1,1,405.2345238095238,405.2345238095238,405.2345238095238,405.2345238095238,
ortools_routing,cancellation,POLICY_FAST_RESPONSE,5.0,maxCompletionDelay,1,1,1,647.5333333333333,647.5333333333333,647.5333333333333,647.5333333333333,
ortools_routing,cancellation,POLICY_FAST_RESPONSE,5.0,solverWallTimeMs,1,1,1,5146.221100000048,5146.221100000048,5146.221100000048,5146.221100000048,
ortools_routing,cancellation,POLICY_FAST_RESPONSE,5.0,validationTimeMs,1,1,1,1.98909999994612,1.98909999994612,1.98909999994612,1.98909999994612,
ortools_routing,cancellation,POLICY_FAST_RESPONSE,5.0,processWallTimeMs,1,1,1,5582.241100000147,5582.241100000147,5582.241100000147,5582.241100000147,
ortools_routing,cancellation,POLICY_FAST_RESPONSE,5.0,peakMemoryMb,1,1,1,60.18359375,60.18359375,60.18359375,60.18359375,
ortools_routing,cancellation,POLICY_FAST_RESPONSE,5.0,cpuTimeSampledMs,1,1,1,5343.75,5343.75,5343.75,5343.75,
ortools_routing,cancellation,POLICY_FAST_RESPONSE,5.0,workerChanges,1,1,1,22,22,22,22,
ortools_routing,cancellation,POLICY_FAST_RESPONSE,5.0,orderChanges,1,1,1,14,14,14,14,
ortools_routing,cancellation,POLICY_FAST_RESPONSE,5.0,scheduleChanges,1,1,1,50,50,50,50,
ortools_routing,cancellation,POLICY_FAST_RESPONSE,5.0,removedAssignments,1,1,1,1,1,1,1,
ortools_routing,cancellation,POLICY_FAST_RESPONSE,5.0,newWorkersActivated,1,1,1,2,2,2,2,
ortools_routing,cancellation,POLICY_FAST_RESPONSE,5.0,maxScheduleShiftMinutes,1,1,1,363.8833333333333,363.8833333333333,363.8833333333333,363.8833333333333,
ortools_routing,cancellation,POLICY_MIN_STAFF,5.0,validPlanReturnedPercent,1,1,1,100,100,100,100,
ortools_routing,cancellation,POLICY_MIN_STAFF,5.0,fullCoverageReturnedPercent,1,1,1,100,100,100,100,
ortools_routing,cancellation,POLICY_MIN_STAFF,5.0,hardViolations,1,1,1,0,0,0,0,
ortools_routing,cancellation,POLICY_MIN_STAFF,5.0,served,1,1,1,173,173,173,173,
ortools_routing,cancellation,POLICY_MIN_STAFF,5.0,unassigned,1,1,1,0,0,0,0,
ortools_routing,cancellation,POLICY_MIN_STAFF,5.0,servedPercent,1,1,1,100.0,100.0,100.0,100.0,
ortools_routing,cancellation,POLICY_MIN_STAFF,5.0,workersUsed,1,1,1,26,26,26,26,
ortools_routing,cancellation,POLICY_MIN_STAFF,5.0,distanceKm,1,1,1,897.324,897.324,897.324,897.324,
ortools_routing,cancellation,POLICY_MIN_STAFF,5.0,travelMinutes,1,1,1,1260.3333333333333,1260.3333333333333,1260.3333333333333,1260.3333333333333,
ortools_routing,cancellation,POLICY_MIN_STAFF,5.0,waitingMinutes,1,1,1,2402.5666666666666,2402.5666666666666,2402.5666666666666,2402.5666666666666,
ortools_routing,cancellation,POLICY_MIN_STAFF,5.0,serviceMinutes,1,1,1,9200.0,9200.0,9200.0,9200.0,
ortools_routing,cancellation,POLICY_MIN_STAFF,5.0,emergencyServed,1,1,1,14,14,14,14,
ortools_routing,cancellation,POLICY_MIN_STAFF,5.0,emergencyUnassigned,1,1,1,0,0,0,0,
ortools_routing,cancellation,POLICY_MIN_STAFF,5.0,meanResponseDelay,1,1,1,334.4940476190476,334.4940476190476,334.4940476190476,334.4940476190476,
ortools_routing,cancellation,POLICY_MIN_STAFF,5.0,medianResponseDelay,1,1,1,325.0083333333333,325.0083333333333,325.0083333333333,325.0083333333333,
ortools_routing,cancellation,POLICY_MIN_STAFF,5.0,maxResponseDelay,1,1,1,572.6666666666666,572.6666666666666,572.6666666666666,572.6666666666666,
ortools_routing,cancellation,POLICY_MIN_STAFF,5.0,meanCompletionDelay,1,1,1,414.4940476190476,414.4940476190476,414.4940476190476,414.4940476190476,
ortools_routing,cancellation,POLICY_MIN_STAFF,5.0,maxCompletionDelay,1,1,1,652.6666666666666,652.6666666666666,652.6666666666666,652.6666666666666,
ortools_routing,cancellation,POLICY_MIN_STAFF,5.0,solverWallTimeMs,1,1,1,5126.619099999971,5126.619099999971,5126.619099999971,5126.619099999971,
ortools_routing,cancellation,POLICY_MIN_STAFF,5.0,validationTimeMs,1,1,1,1.6107999999803724,1.6107999999803724,1.6107999999803724,1.6107999999803724,
ortools_routing,cancellation,POLICY_MIN_STAFF,5.0,processWallTimeMs,1,1,1,5653.332200000023,5653.332200000023,5653.332200000023,5653.332200000023,
ortools_routing,cancellation,POLICY_MIN_STAFF,5.0,peakMemoryMb,1,1,1,60.390625,60.390625,60.390625,60.390625,
ortools_routing,cancellation,POLICY_MIN_STAFF,5.0,cpuTimeSampledMs,1,1,1,5406.25,5406.25,5406.25,5406.25,
ortools_routing,cancellation,POLICY_MIN_STAFF,5.0,workerChanges,1,1,1,8,8,8,8,
ortools_routing,cancellation,POLICY_MIN_STAFF,5.0,orderChanges,1,1,1,16,16,16,16,
ortools_routing,cancellation,POLICY_MIN_STAFF,5.0,scheduleChanges,1,1,1,37,37,37,37,
ortools_routing,cancellation,POLICY_MIN_STAFF,5.0,removedAssignments,1,1,1,1,1,1,1,
ortools_routing,cancellation,POLICY_MIN_STAFF,5.0,newWorkersActivated,1,1,1,0,0,0,0,
ortools_routing,cancellation,POLICY_MIN_STAFF,5.0,maxScheduleShiftMinutes,1,1,1,431.21666666666664,431.21666666666664,431.21666666666664,431.21666666666664,
ortools_routing,cancellation,PRIMARY,5.0,validPlanReturnedPercent,1,1,1,100,100,100,100,
ortools_routing,cancellation,PRIMARY,5.0,fullCoverageReturnedPercent,1,1,1,100,100,100,100,
ortools_routing,cancellation,PRIMARY,5.0,hardViolations,1,1,1,0,0,0,0,
ortools_routing,cancellation,PRIMARY,5.0,served,1,1,1,173,173,173,173,
ortools_routing,cancellation,PRIMARY,5.0,unassigned,1,1,1,0,0,0,0,
ortools_routing,cancellation,PRIMARY,5.0,servedPercent,1,1,1,100.0,100.0,100.0,100.0,
ortools_routing,cancellation,PRIMARY,5.0,workersUsed,1,1,1,26,26,26,26,
ortools_routing,cancellation,PRIMARY,5.0,distanceKm,1,1,1,869.796,869.796,869.796,869.796,
ortools_routing,cancellation,PRIMARY,5.0,travelMinutes,1,1,1,1222.7333333333333,1222.7333333333333,1222.7333333333333,1222.7333333333333,
ortools_routing,cancellation,PRIMARY,5.0,waitingMinutes,1,1,1,2576.2166666666667,2576.2166666666667,2576.2166666666667,2576.2166666666667,
ortools_routing,cancellation,PRIMARY,5.0,serviceMinutes,1,1,1,9200.0,9200.0,9200.0,9200.0,
ortools_routing,cancellation,PRIMARY,5.0,emergencyServed,1,1,1,14,14,14,14,
ortools_routing,cancellation,PRIMARY,5.0,emergencyUnassigned,1,1,1,0,0,0,0,
ortools_routing,cancellation,PRIMARY,5.0,meanResponseDelay,1,1,1,428.5654761904762,428.5654761904762,428.5654761904762,428.5654761904762,
ortools_routing,cancellation,PRIMARY,5.0,medianResponseDelay,1,1,1,463.95000000000005,463.95000000000005,463.95000000000005,463.95000000000005,
ortools_routing,cancellation,PRIMARY,5.0,maxResponseDelay,1,1,1,686.4333333333333,686.4333333333333,686.4333333333333,686.4333333333333,
ortools_routing,cancellation,PRIMARY,5.0,meanCompletionDelay,1,1,1,508.5654761904762,508.5654761904762,508.5654761904762,508.5654761904762,
ortools_routing,cancellation,PRIMARY,5.0,maxCompletionDelay,1,1,1,766.4333333333333,766.4333333333333,766.4333333333333,766.4333333333333,
ortools_routing,cancellation,PRIMARY,5.0,solverWallTimeMs,1,1,1,5103.612799999837,5103.612799999837,5103.612799999837,5103.612799999837,
ortools_routing,cancellation,PRIMARY,5.0,validationTimeMs,1,1,1,1.6012999999475142,1.6012999999475142,1.6012999999475142,1.6012999999475142,
ortools_routing,cancellation,PRIMARY,5.0,processWallTimeMs,1,1,1,5608.382199999824,5608.382199999824,5608.382199999824,5608.382199999824,
ortools_routing,cancellation,PRIMARY,5.0,peakMemoryMb,1,1,1,60.62890625,60.62890625,60.62890625,60.62890625,
ortools_routing,cancellation,PRIMARY,5.0,cpuTimeSampledMs,1,1,1,5343.75,5343.75,5343.75,5343.75,
ortools_routing,cancellation,PRIMARY,5.0,workerChanges,1,1,1,0,0,0,0,
ortools_routing,cancellation,PRIMARY,5.0,orderChanges,1,1,1,0,0,0,0,
ortools_routing,cancellation,PRIMARY,5.0,scheduleChanges,1,1,1,0,0,0,0,
ortools_routing,cancellation,PRIMARY,5.0,removedAssignments,1,1,1,1,1,1,1,
ortools_routing,cancellation,PRIMARY,5.0,newWorkersActivated,1,1,1,0,0,0,0,
ortools_routing,cancellation,PRIMARY,5.0,maxScheduleShiftMinutes,1,1,1,0.0,0.0,0.0,0.0,
ortools_routing,initial,POLICY_FAST_RESPONSE,5.0,validPlanReturnedPercent,1,1,1,100,100,100,100,
ortools_routing,initial,POLICY_FAST_RESPONSE,5.0,fullCoverageReturnedPercent,1,1,1,100,100,100,100,
ortools_routing,initial,POLICY_FAST_RESPONSE,5.0,hardViolations,1,1,1,0,0,0,0,
ortools_routing,initial,POLICY_FAST_RESPONSE,5.0,served,1,1,1,203,203,203,203,
ortools_routing,initial,POLICY_FAST_RESPONSE,5.0,unassigned,1,1,1,0,0,0,0,
ortools_routing,initial,POLICY_FAST_RESPONSE,5.0,servedPercent,1,1,1,100.0,100.0,100.0,100.0,
ortools_routing,initial,POLICY_FAST_RESPONSE,5.0,workersUsed,1,1,1,27,27,27,27,
ortools_routing,initial,POLICY_FAST_RESPONSE,5.0,distanceKm,1,1,1,1369.87,1369.87,1369.87,1369.87,
ortools_routing,initial,POLICY_FAST_RESPONSE,5.0,travelMinutes,1,1,1,1775.4833333333333,1775.4833333333333,1775.4833333333333,1775.4833333333333,
ortools_routing,initial,POLICY_FAST_RESPONSE,5.0,waitingMinutes,1,1,1,4244.566666666667,4244.566666666667,4244.566666666667,4244.566666666667,
ortools_routing,initial,POLICY_FAST_RESPONSE,5.0,serviceMinutes,1,1,1,10820.0,10820.0,10820.0,10820.0,
ortools_routing,initial,POLICY_FAST_RESPONSE,5.0,emergencyServed,1,1,1,15,15,15,15,
ortools_routing,initial,POLICY_FAST_RESPONSE,5.0,emergencyUnassigned,1,1,1,0,0,0,0,
ortools_routing,initial,POLICY_FAST_RESPONSE,5.0,meanResponseDelay,1,1,1,198.82555555555555,198.82555555555555,198.82555555555555,198.82555555555555,
ortools_routing,initial,POLICY_FAST_RESPONSE,5.0,medianResponseDelay,1,1,1,186.61666666666667,186.61666666666667,186.61666666666667,186.61666666666667,
ortools_routing,initial,POLICY_FAST_RESPONSE,5.0,maxResponseDelay,1,1,1,494.18333333333334,494.18333333333334,494.18333333333334,494.18333333333334,
ortools_routing,initial,POLICY_FAST_RESPONSE,5.0,meanCompletionDelay,1,1,1,278.8255555555556,278.8255555555556,278.8255555555556,278.8255555555556,
ortools_routing,initial,POLICY_FAST_RESPONSE,5.0,maxCompletionDelay,1,1,1,574.1833333333333,574.1833333333333,574.1833333333333,574.1833333333333,
ortools_routing,initial,POLICY_FAST_RESPONSE,5.0,solverWallTimeMs,1,1,1,5130.622899999935,5130.622899999935,5130.622899999935,5130.622899999935,
ortools_routing,initial,POLICY_FAST_RESPONSE,5.0,validationTimeMs,1,1,1,3.229300000157309,3.229300000157309,3.229300000157309,3.229300000157309,
ortools_routing,initial,POLICY_FAST_RESPONSE,5.0,processWallTimeMs,1,1,1,5656.298499999821,5656.298499999821,5656.298499999821,5656.298499999821,
ortools_routing,initial,POLICY_FAST_RESPONSE,5.0,peakMemoryMb,1,1,1,61.53515625,61.53515625,61.53515625,61.53515625,
ortools_routing,initial,POLICY_FAST_RESPONSE,5.0,cpuTimeSampledMs,1,1,1,5281.25,5281.25,5281.25,5281.25,
ortools_routing,initial,POLICY_MIN_STAFF,5.0,validPlanReturnedPercent,1,1,1,100,100,100,100,
ortools_routing,initial,POLICY_MIN_STAFF,5.0,fullCoverageReturnedPercent,1,1,1,100,100,100,100,
ortools_routing,initial,POLICY_MIN_STAFF,5.0,hardViolations,1,1,1,0,0,0,0,
ortools_routing,initial,POLICY_MIN_STAFF,5.0,served,1,1,1,203,203,203,203,
ortools_routing,initial,POLICY_MIN_STAFF,5.0,unassigned,1,1,1,0,0,0,0,
ortools_routing,initial,POLICY_MIN_STAFF,5.0,servedPercent,1,1,1,100.0,100.0,100.0,100.0,
ortools_routing,initial,POLICY_MIN_STAFF,5.0,workersUsed,1,1,1,25,25,25,25,
ortools_routing,initial,POLICY_MIN_STAFF,5.0,distanceKm,1,1,1,1413.587,1413.587,1413.587,1413.587,
ortools_routing,initial,POLICY_MIN_STAFF,5.0,travelMinutes,1,1,1,1831.1,1831.1,1831.1,1831.1,
ortools_routing,initial,POLICY_MIN_STAFF,5.0,waitingMinutes,1,1,1,3335.116666666667,3335.116666666667,3335.116666666667,3335.116666666667,
ortools_routing,initial,POLICY_MIN_STAFF,5.0,serviceMinutes,1,1,1,10820.0,10820.0,10820.0,10820.0,
ortools_routing,initial,POLICY_MIN_STAFF,5.0,emergencyServed,1,1,1,15,15,15,15,
ortools_routing,initial,POLICY_MIN_STAFF,5.0,emergencyUnassigned,1,1,1,0,0,0,0,
ortools_routing,initial,POLICY_MIN_STAFF,5.0,meanResponseDelay,1,1,1,224.14111111111112,224.14111111111112,224.14111111111112,224.14111111111112,
ortools_routing,initial,POLICY_MIN_STAFF,5.0,medianResponseDelay,1,1,1,186.61666666666667,186.61666666666667,186.61666666666667,186.61666666666667,
ortools_routing,initial,POLICY_MIN_STAFF,5.0,maxResponseDelay,1,1,1,536.3166666666667,536.3166666666667,536.3166666666667,536.3166666666667,
ortools_routing,initial,POLICY_MIN_STAFF,5.0,meanCompletionDelay,1,1,1,304.1411111111111,304.1411111111111,304.1411111111111,304.1411111111111,
ortools_routing,initial,POLICY_MIN_STAFF,5.0,maxCompletionDelay,1,1,1,616.3166666666667,616.3166666666667,616.3166666666667,616.3166666666667,
ortools_routing,initial,POLICY_MIN_STAFF,5.0,solverWallTimeMs,1,1,1,5136.203699999896,5136.203699999896,5136.203699999896,5136.203699999896,
ortools_routing,initial,POLICY_MIN_STAFF,5.0,validationTimeMs,1,1,1,2.221899999995003,2.221899999995003,2.221899999995003,2.221899999995003,
ortools_routing,initial,POLICY_MIN_STAFF,5.0,processWallTimeMs,1,1,1,5677.987900000062,5677.987900000062,5677.987900000062,5677.987900000062,
ortools_routing,initial,POLICY_MIN_STAFF,5.0,peakMemoryMb,1,1,1,61.53125,61.53125,61.53125,61.53125,
ortools_routing,initial,POLICY_MIN_STAFF,5.0,cpuTimeSampledMs,1,1,1,5203.125,5203.125,5203.125,5203.125,
ortools_routing,manual_assignment,POLICY_FAST_RESPONSE,5.0,validPlanReturnedPercent,1,1,1,100,100,100,100,
ortools_routing,manual_assignment,POLICY_FAST_RESPONSE,5.0,fullCoverageReturnedPercent,1,1,1,100,100,100,100,
ortools_routing,manual_assignment,POLICY_FAST_RESPONSE,5.0,hardViolations,1,1,1,0,0,0,0,
ortools_routing,manual_assignment,POLICY_FAST_RESPONSE,5.0,served,1,1,1,174,174,174,174,
ortools_routing,manual_assignment,POLICY_FAST_RESPONSE,5.0,unassigned,1,1,1,0,0,0,0,
ortools_routing,manual_assignment,POLICY_FAST_RESPONSE,5.0,servedPercent,1,1,1,100.0,100.0,100.0,100.0,
ortools_routing,manual_assignment,POLICY_FAST_RESPONSE,5.0,workersUsed,1,1,1,28,28,28,28,
ortools_routing,manual_assignment,POLICY_FAST_RESPONSE,5.0,distanceKm,1,1,1,830.381,830.381,830.381,830.381,
ortools_routing,manual_assignment,POLICY_FAST_RESPONSE,5.0,travelMinutes,1,1,1,1207.0333333333333,1207.0333333333333,1207.0333333333333,1207.0333333333333,
ortools_routing,manual_assignment,POLICY_FAST_RESPONSE,5.0,waitingMinutes,1,1,1,2936.3166666666666,2936.3166666666666,2936.3166666666666,2936.3166666666666,
ortools_routing,manual_assignment,POLICY_FAST_RESPONSE,5.0,serviceMinutes,1,1,1,9230.0,9230.0,9230.0,9230.0,
ortools_routing,manual_assignment,POLICY_FAST_RESPONSE,5.0,emergencyServed,1,1,1,14,14,14,14,
ortools_routing,manual_assignment,POLICY_FAST_RESPONSE,5.0,emergencyUnassigned,1,1,1,0,0,0,0,
ortools_routing,manual_assignment,POLICY_FAST_RESPONSE,5.0,meanResponseDelay,1,1,1,323.3392857142857,323.3392857142857,323.3392857142857,323.3392857142857,
ortools_routing,manual_assignment,POLICY_FAST_RESPONSE,5.0,medianResponseDelay,1,1,1,293.01666666666665,293.01666666666665,293.01666666666665,293.01666666666665,
ortools_routing,manual_assignment,POLICY_FAST_RESPONSE,5.0,maxResponseDelay,1,1,1,572.0,572.0,572.0,572.0,
ortools_routing,manual_assignment,POLICY_FAST_RESPONSE,5.0,meanCompletionDelay,1,1,1,403.3392857142857,403.3392857142857,403.3392857142857,403.3392857142857,
ortools_routing,manual_assignment,POLICY_FAST_RESPONSE,5.0,maxCompletionDelay,1,1,1,652.0,652.0,652.0,652.0,
ortools_routing,manual_assignment,POLICY_FAST_RESPONSE,5.0,solverWallTimeMs,1,1,1,5115.058999999974,5115.058999999974,5115.058999999974,5115.058999999974,
ortools_routing,manual_assignment,POLICY_FAST_RESPONSE,5.0,validationTimeMs,1,1,1,2.1509999999125284,2.1509999999125284,2.1509999999125284,2.1509999999125284,
ortools_routing,manual_assignment,POLICY_FAST_RESPONSE,5.0,processWallTimeMs,1,1,1,5699.138299999959,5699.138299999959,5699.138299999959,5699.138299999959,
ortools_routing,manual_assignment,POLICY_FAST_RESPONSE,5.0,peakMemoryMb,1,1,1,60.171875,60.171875,60.171875,60.171875,
ortools_routing,manual_assignment,POLICY_FAST_RESPONSE,5.0,cpuTimeSampledMs,1,1,1,5343.75,5343.75,5343.75,5343.75,
ortools_routing,manual_assignment,POLICY_FAST_RESPONSE,5.0,workerChanges,1,1,1,43,43,43,43,
ortools_routing,manual_assignment,POLICY_FAST_RESPONSE,5.0,orderChanges,1,1,1,20,20,20,20,
ortools_routing,manual_assignment,POLICY_FAST_RESPONSE,5.0,scheduleChanges,1,1,1,82,82,82,82,
ortools_routing,manual_assignment,POLICY_FAST_RESPONSE,5.0,removedAssignments,1,1,1,0,0,0,0,
ortools_routing,manual_assignment,POLICY_FAST_RESPONSE,5.0,newWorkersActivated,1,1,1,2,2,2,2,
ortools_routing,manual_assignment,POLICY_FAST_RESPONSE,5.0,maxScheduleShiftMinutes,1,1,1,363.8833333333333,363.8833333333333,363.8833333333333,363.8833333333333,
ortools_routing,manual_assignment,POLICY_MIN_STAFF,5.0,validPlanReturnedPercent,1,1,1,100,100,100,100,
ortools_routing,manual_assignment,POLICY_MIN_STAFF,5.0,fullCoverageReturnedPercent,1,1,1,100,100,100,100,
ortools_routing,manual_assignment,POLICY_MIN_STAFF,5.0,hardViolations,1,1,1,0,0,0,0,
ortools_routing,manual_assignment,POLICY_MIN_STAFF,5.0,served,1,1,1,174,174,174,174,
ortools_routing,manual_assignment,POLICY_MIN_STAFF,5.0,unassigned,1,1,1,0,0,0,0,
ortools_routing,manual_assignment,POLICY_MIN_STAFF,5.0,servedPercent,1,1,1,100.0,100.0,100.0,100.0,
ortools_routing,manual_assignment,POLICY_MIN_STAFF,5.0,workersUsed,1,1,1,26,26,26,26,
ortools_routing,manual_assignment,POLICY_MIN_STAFF,5.0,distanceKm,1,1,1,945.886,945.886,945.886,945.886,
ortools_routing,manual_assignment,POLICY_MIN_STAFF,5.0,travelMinutes,1,1,1,1310.45,1310.45,1310.45,1310.45,
ortools_routing,manual_assignment,POLICY_MIN_STAFF,5.0,waitingMinutes,1,1,1,2503.8333333333335,2503.8333333333335,2503.8333333333335,2503.8333333333335,
ortools_routing,manual_assignment,POLICY_MIN_STAFF,5.0,serviceMinutes,1,1,1,9230.0,9230.0,9230.0,9230.0,
ortools_routing,manual_assignment,POLICY_MIN_STAFF,5.0,emergencyServed,1,1,1,14,14,14,14,
ortools_routing,manual_assignment,POLICY_MIN_STAFF,5.0,emergencyUnassigned,1,1,1,0,0,0,0,
ortools_routing,manual_assignment,POLICY_MIN_STAFF,5.0,meanResponseDelay,1,1,1,324.40238095238095,324.40238095238095,324.40238095238095,324.40238095238095,
ortools_routing,manual_assignment,POLICY_MIN_STAFF,5.0,medianResponseDelay,1,1,1,300.95833333333337,300.95833333333337,300.95833333333337,300.95833333333337,
ortools_routing,manual_assignment,POLICY_MIN_STAFF,5.0,maxResponseDelay,1,1,1,541.9166666666666,541.9166666666666,541.9166666666666,541.9166666666666,
ortools_routing,manual_assignment,POLICY_MIN_STAFF,5.0,meanCompletionDelay,1,1,1,404.40238095238095,404.40238095238095,404.40238095238095,404.40238095238095,
ortools_routing,manual_assignment,POLICY_MIN_STAFF,5.0,maxCompletionDelay,1,1,1,621.9166666666666,621.9166666666666,621.9166666666666,621.9166666666666,
ortools_routing,manual_assignment,POLICY_MIN_STAFF,5.0,solverWallTimeMs,1,1,1,5106.719000000112,5106.719000000112,5106.719000000112,5106.719000000112,
ortools_routing,manual_assignment,POLICY_MIN_STAFF,5.0,validationTimeMs,1,1,1,1.5174000000115484,1.5174000000115484,1.5174000000115484,1.5174000000115484,
ortools_routing,manual_assignment,POLICY_MIN_STAFF,5.0,processWallTimeMs,1,1,1,5693.985999999995,5693.985999999995,5693.985999999995,5693.985999999995,
ortools_routing,manual_assignment,POLICY_MIN_STAFF,5.0,peakMemoryMb,1,1,1,60.30078125,60.30078125,60.30078125,60.30078125,
ortools_routing,manual_assignment,POLICY_MIN_STAFF,5.0,cpuTimeSampledMs,1,1,1,5312.5,5312.5,5312.5,5312.5,
ortools_routing,manual_assignment,POLICY_MIN_STAFF,5.0,workerChanges,1,1,1,55,55,55,55,
ortools_routing,manual_assignment,POLICY_MIN_STAFF,5.0,orderChanges,1,1,1,12,12,12,12,
ortools_routing,manual_assignment,POLICY_MIN_STAFF,5.0,scheduleChanges,1,1,1,88,88,88,88,
ortools_routing,manual_assignment,POLICY_MIN_STAFF,5.0,removedAssignments,1,1,1,0,0,0,0,
ortools_routing,manual_assignment,POLICY_MIN_STAFF,5.0,newWorkersActivated,1,1,1,1,1,1,1,
ortools_routing,manual_assignment,POLICY_MIN_STAFF,5.0,maxScheduleShiftMinutes,1,1,1,441.2,441.2,441.2,441.2,
ortools_routing,manual_assignment,PRIMARY,5.0,validPlanReturnedPercent,1,1,1,100,100,100,100,
ortools_routing,manual_assignment,PRIMARY,5.0,fullCoverageReturnedPercent,1,1,1,100,100,100,100,
ortools_routing,manual_assignment,PRIMARY,5.0,hardViolations,1,1,1,0,0,0,0,
ortools_routing,manual_assignment,PRIMARY,5.0,served,1,1,1,174,174,174,174,
ortools_routing,manual_assignment,PRIMARY,5.0,unassigned,1,1,1,0,0,0,0,
ortools_routing,manual_assignment,PRIMARY,5.0,servedPercent,1,1,1,100.0,100.0,100.0,100.0,
ortools_routing,manual_assignment,PRIMARY,5.0,workersUsed,1,1,1,27,27,27,27,
ortools_routing,manual_assignment,PRIMARY,5.0,distanceKm,1,1,1,797.097,797.097,797.097,797.097,
ortools_routing,manual_assignment,PRIMARY,5.0,travelMinutes,1,1,1,1162.4166666666667,1162.4166666666667,1162.4166666666667,1162.4166666666667,
ortools_routing,manual_assignment,PRIMARY,5.0,waitingMinutes,1,1,1,3004.55,3004.55,3004.55,3004.55,
ortools_routing,manual_assignment,PRIMARY,5.0,serviceMinutes,1,1,1,9230.0,9230.0,9230.0,9230.0,
ortools_routing,manual_assignment,PRIMARY,5.0,emergencyServed,1,1,1,14,14,14,14,
ortools_routing,manual_assignment,PRIMARY,5.0,emergencyUnassigned,1,1,1,0,0,0,0,
ortools_routing,manual_assignment,PRIMARY,5.0,meanResponseDelay,1,1,1,417.01428571428573,417.01428571428573,417.01428571428573,417.01428571428573,
ortools_routing,manual_assignment,PRIMARY,5.0,medianResponseDelay,1,1,1,424.4083333333333,424.4083333333333,424.4083333333333,424.4083333333333,
ortools_routing,manual_assignment,PRIMARY,5.0,maxResponseDelay,1,1,1,686.4333333333333,686.4333333333333,686.4333333333333,686.4333333333333,
ortools_routing,manual_assignment,PRIMARY,5.0,meanCompletionDelay,1,1,1,497.01428571428573,497.01428571428573,497.01428571428573,497.01428571428573,
ortools_routing,manual_assignment,PRIMARY,5.0,maxCompletionDelay,1,1,1,766.4333333333333,766.4333333333333,766.4333333333333,766.4333333333333,
ortools_routing,manual_assignment,PRIMARY,5.0,solverWallTimeMs,1,1,1,5138.643099999854,5138.643099999854,5138.643099999854,5138.643099999854,
ortools_routing,manual_assignment,PRIMARY,5.0,validationTimeMs,1,1,1,1.8359999999120191,1.8359999999120191,1.8359999999120191,1.8359999999120191,
ortools_routing,manual_assignment,PRIMARY,5.0,processWallTimeMs,1,1,1,5747.701900000038,5747.701900000038,5747.701900000038,5747.701900000038,
ortools_routing,manual_assignment,PRIMARY,5.0,peakMemoryMb,1,1,1,59.921875,59.921875,59.921875,59.921875,
ortools_routing,manual_assignment,PRIMARY,5.0,cpuTimeSampledMs,1,1,1,5265.625,5265.625,5265.625,5265.625,
ortools_routing,manual_assignment,PRIMARY,5.0,workerChanges,1,1,1,42,42,42,42,
ortools_routing,manual_assignment,PRIMARY,5.0,orderChanges,1,1,1,12,12,12,12,
ortools_routing,manual_assignment,PRIMARY,5.0,scheduleChanges,1,1,1,57,57,57,57,
ortools_routing,manual_assignment,PRIMARY,5.0,removedAssignments,1,1,1,0,0,0,0,
ortools_routing,manual_assignment,PRIMARY,5.0,newWorkersActivated,1,1,1,1,1,1,1,
ortools_routing,manual_assignment,PRIMARY,5.0,maxScheduleShiftMinutes,1,1,1,161.71666666666667,161.71666666666667,161.71666666666667,161.71666666666667,
ortools_routing,manual_time,POLICY_FAST_RESPONSE,5.0,validPlanReturnedPercent,1,1,1,100,100,100,100,
ortools_routing,manual_time,POLICY_FAST_RESPONSE,5.0,fullCoverageReturnedPercent,1,1,1,100,100,100,100,
ortools_routing,manual_time,POLICY_FAST_RESPONSE,5.0,hardViolations,1,1,1,0,0,0,0,
ortools_routing,manual_time,POLICY_FAST_RESPONSE,5.0,served,1,1,1,174,174,174,174,
ortools_routing,manual_time,POLICY_FAST_RESPONSE,5.0,unassigned,1,1,1,0,0,0,0,
ortools_routing,manual_time,POLICY_FAST_RESPONSE,5.0,servedPercent,1,1,1,100.0,100.0,100.0,100.0,
ortools_routing,manual_time,POLICY_FAST_RESPONSE,5.0,workersUsed,1,1,1,28,28,28,28,
ortools_routing,manual_time,POLICY_FAST_RESPONSE,5.0,distanceKm,1,1,1,1003.437,1003.437,1003.437,1003.437,
ortools_routing,manual_time,POLICY_FAST_RESPONSE,5.0,travelMinutes,1,1,1,1327.7,1327.7,1327.7,1327.7,
ortools_routing,manual_time,POLICY_FAST_RESPONSE,5.0,waitingMinutes,1,1,1,3050.7833333333333,3050.7833333333333,3050.7833333333333,3050.7833333333333,
ortools_routing,manual_time,POLICY_FAST_RESPONSE,5.0,serviceMinutes,1,1,1,9230.0,9230.0,9230.0,9230.0,
ortools_routing,manual_time,POLICY_FAST_RESPONSE,5.0,emergencyServed,1,1,1,14,14,14,14,
ortools_routing,manual_time,POLICY_FAST_RESPONSE,5.0,emergencyUnassigned,1,1,1,0,0,0,0,
ortools_routing,manual_time,POLICY_FAST_RESPONSE,5.0,meanResponseDelay,1,1,1,325.2345238095238,325.2345238095238,325.2345238095238,325.2345238095238,
ortools_routing,manual_time,POLICY_FAST_RESPONSE,5.0,medianResponseDelay,1,1,1,308.65,308.65,308.65,308.65,
ortools_routing,manual_time,POLICY_FAST_RESPONSE,5.0,maxResponseDelay,1,1,1,567.5333333333333,567.5333333333333,567.5333333333333,567.5333333333333,
ortools_routing,manual_time,POLICY_FAST_RESPONSE,5.0,meanCompletionDelay,1,1,1,405.2345238095238,405.2345238095238,405.2345238095238,405.2345238095238,
ortools_routing,manual_time,POLICY_FAST_RESPONSE,5.0,maxCompletionDelay,1,1,1,647.5333333333333,647.5333333333333,647.5333333333333,647.5333333333333,
ortools_routing,manual_time,POLICY_FAST_RESPONSE,5.0,solverWallTimeMs,1,1,1,5157.003199999963,5157.003199999963,5157.003199999963,5157.003199999963,
ortools_routing,manual_time,POLICY_FAST_RESPONSE,5.0,validationTimeMs,1,1,1,1.6554000001178792,1.6554000001178792,1.6554000001178792,1.6554000001178792,
ortools_routing,manual_time,POLICY_FAST_RESPONSE,5.0,processWallTimeMs,1,1,1,5892.070999999987,5892.070999999987,5892.070999999987,5892.070999999987,
ortools_routing,manual_time,POLICY_FAST_RESPONSE,5.0,peakMemoryMb,1,1,1,60.4765625,60.4765625,60.4765625,60.4765625,
ortools_routing,manual_time,POLICY_FAST_RESPONSE,5.0,cpuTimeSampledMs,1,1,1,5421.875,5421.875,5421.875,5421.875,
ortools_routing,manual_time,POLICY_FAST_RESPONSE,5.0,workerChanges,1,1,1,22,22,22,22,
ortools_routing,manual_time,POLICY_FAST_RESPONSE,5.0,orderChanges,1,1,1,14,14,14,14,
ortools_routing,manual_time,POLICY_FAST_RESPONSE,5.0,scheduleChanges,1,1,1,51,51,51,51,
ortools_routing,manual_time,POLICY_FAST_RESPONSE,5.0,removedAssignments,1,1,1,0,0,0,0,
ortools_routing,manual_time,POLICY_FAST_RESPONSE,5.0,newWorkersActivated,1,1,1,2,2,2,2,
ortools_routing,manual_time,POLICY_FAST_RESPONSE,5.0,maxScheduleShiftMinutes,1,1,1,363.8833333333333,363.8833333333333,363.8833333333333,363.8833333333333,
ortools_routing,manual_time,POLICY_MIN_STAFF,5.0,validPlanReturnedPercent,1,1,1,100,100,100,100,
ortools_routing,manual_time,POLICY_MIN_STAFF,5.0,fullCoverageReturnedPercent,1,1,1,100,100,100,100,
ortools_routing,manual_time,POLICY_MIN_STAFF,5.0,hardViolations,1,1,1,0,0,0,0,
ortools_routing,manual_time,POLICY_MIN_STAFF,5.0,served,1,1,1,174,174,174,174,
ortools_routing,manual_time,POLICY_MIN_STAFF,5.0,unassigned,1,1,1,0,0,0,0,
ortools_routing,manual_time,POLICY_MIN_STAFF,5.0,servedPercent,1,1,1,100.0,100.0,100.0,100.0,
ortools_routing,manual_time,POLICY_MIN_STAFF,5.0,workersUsed,1,1,1,26,26,26,26,
ortools_routing,manual_time,POLICY_MIN_STAFF,5.0,distanceKm,1,1,1,897.717,897.717,897.717,897.717,
ortools_routing,manual_time,POLICY_MIN_STAFF,5.0,travelMinutes,1,1,1,1261.4,1261.4,1261.4,1261.4,
ortools_routing,manual_time,POLICY_MIN_STAFF,5.0,waitingMinutes,1,1,1,2371.5,2371.5,2371.5,2371.5,
ortools_routing,manual_time,POLICY_MIN_STAFF,5.0,serviceMinutes,1,1,1,9230.0,9230.0,9230.0,9230.0,
ortools_routing,manual_time,POLICY_MIN_STAFF,5.0,emergencyServed,1,1,1,14,14,14,14,
ortools_routing,manual_time,POLICY_MIN_STAFF,5.0,emergencyUnassigned,1,1,1,0,0,0,0,
ortools_routing,manual_time,POLICY_MIN_STAFF,5.0,meanResponseDelay,1,1,1,334.4940476190476,334.4940476190476,334.4940476190476,334.4940476190476,
ortools_routing,manual_time,POLICY_MIN_STAFF,5.0,medianResponseDelay,1,1,1,325.0083333333333,325.0083333333333,325.0083333333333,325.0083333333333,
ortools_routing,manual_time,POLICY_MIN_STAFF,5.0,maxResponseDelay,1,1,1,572.6666666666666,572.6666666666666,572.6666666666666,572.6666666666666,
ortools_routing,manual_time,POLICY_MIN_STAFF,5.0,meanCompletionDelay,1,1,1,414.4940476190476,414.4940476190476,414.4940476190476,414.4940476190476,
ortools_routing,manual_time,POLICY_MIN_STAFF,5.0,maxCompletionDelay,1,1,1,652.6666666666666,652.6666666666666,652.6666666666666,652.6666666666666,
ortools_routing,manual_time,POLICY_MIN_STAFF,5.0,solverWallTimeMs,1,1,1,5111.258599999928,5111.258599999928,5111.258599999928,5111.258599999928,
ortools_routing,manual_time,POLICY_MIN_STAFF,5.0,validationTimeMs,1,1,1,1.5831000000616768,1.5831000000616768,1.5831000000616768,1.5831000000616768,
ortools_routing,manual_time,POLICY_MIN_STAFF,5.0,processWallTimeMs,1,1,1,5698.539600000004,5698.539600000004,5698.539600000004,5698.539600000004,
ortools_routing,manual_time,POLICY_MIN_STAFF,5.0,peakMemoryMb,1,1,1,60.53125,60.53125,60.53125,60.53125,
ortools_routing,manual_time,POLICY_MIN_STAFF,5.0,cpuTimeSampledMs,1,1,1,5375.0,5375.0,5375.0,5375.0,
ortools_routing,manual_time,POLICY_MIN_STAFF,5.0,workerChanges,1,1,1,8,8,8,8,
ortools_routing,manual_time,POLICY_MIN_STAFF,5.0,orderChanges,1,1,1,16,16,16,16,
ortools_routing,manual_time,POLICY_MIN_STAFF,5.0,scheduleChanges,1,1,1,38,38,38,38,
ortools_routing,manual_time,POLICY_MIN_STAFF,5.0,removedAssignments,1,1,1,0,0,0,0,
ortools_routing,manual_time,POLICY_MIN_STAFF,5.0,newWorkersActivated,1,1,1,0,0,0,0,
ortools_routing,manual_time,POLICY_MIN_STAFF,5.0,maxScheduleShiftMinutes,1,1,1,431.21666666666664,431.21666666666664,431.21666666666664,431.21666666666664,
ortools_routing,manual_time,PRIMARY,5.0,validPlanReturnedPercent,1,1,1,100,100,100,100,
ortools_routing,manual_time,PRIMARY,5.0,fullCoverageReturnedPercent,1,1,1,100,100,100,100,
ortools_routing,manual_time,PRIMARY,5.0,hardViolations,1,1,1,0,0,0,0,
ortools_routing,manual_time,PRIMARY,5.0,served,1,1,1,174,174,174,174,
ortools_routing,manual_time,PRIMARY,5.0,unassigned,1,1,1,0,0,0,0,
ortools_routing,manual_time,PRIMARY,5.0,servedPercent,1,1,1,100.0,100.0,100.0,100.0,
ortools_routing,manual_time,PRIMARY,5.0,workersUsed,1,1,1,26,26,26,26,
ortools_routing,manual_time,PRIMARY,5.0,distanceKm,1,1,1,870.189,870.189,870.189,870.189,
ortools_routing,manual_time,PRIMARY,5.0,travelMinutes,1,1,1,1223.8,1223.8,1223.8,1223.8,
ortools_routing,manual_time,PRIMARY,5.0,waitingMinutes,1,1,1,2545.15,2545.15,2545.15,2545.15,
ortools_routing,manual_time,PRIMARY,5.0,serviceMinutes,1,1,1,9230.0,9230.0,9230.0,9230.0,
ortools_routing,manual_time,PRIMARY,5.0,emergencyServed,1,1,1,14,14,14,14,
ortools_routing,manual_time,PRIMARY,5.0,emergencyUnassigned,1,1,1,0,0,0,0,
ortools_routing,manual_time,PRIMARY,5.0,meanResponseDelay,1,1,1,428.5654761904762,428.5654761904762,428.5654761904762,428.5654761904762,
ortools_routing,manual_time,PRIMARY,5.0,medianResponseDelay,1,1,1,463.95000000000005,463.95000000000005,463.95000000000005,463.95000000000005,
ortools_routing,manual_time,PRIMARY,5.0,maxResponseDelay,1,1,1,686.4333333333333,686.4333333333333,686.4333333333333,686.4333333333333,
ortools_routing,manual_time,PRIMARY,5.0,meanCompletionDelay,1,1,1,508.5654761904762,508.5654761904762,508.5654761904762,508.5654761904762,
ortools_routing,manual_time,PRIMARY,5.0,maxCompletionDelay,1,1,1,766.4333333333333,766.4333333333333,766.4333333333333,766.4333333333333,
ortools_routing,manual_time,PRIMARY,5.0,solverWallTimeMs,1,1,1,5142.079299999978,5142.079299999978,5142.079299999978,5142.079299999978,
ortools_routing,manual_time,PRIMARY,5.0,validationTimeMs,1,1,1,2.6299000001017703,2.6299000001017703,2.6299000001017703,2.6299000001017703,
ortools_routing,manual_time,PRIMARY,5.0,processWallTimeMs,1,1,1,5875.296700000035,5875.296700000035,5875.296700000035,5875.296700000035,
ortools_routing,manual_time,PRIMARY,5.0,peakMemoryMb,1,1,1,60.14453125,60.14453125,60.14453125,60.14453125,
ortools_routing,manual_time,PRIMARY,5.0,cpuTimeSampledMs,1,1,1,5031.25,5031.25,5031.25,5031.25,
ortools_routing,manual_time,PRIMARY,5.0,workerChanges,1,1,1,0,0,0,0,
ortools_routing,manual_time,PRIMARY,5.0,orderChanges,1,1,1,0,0,0,0,
ortools_routing,manual_time,PRIMARY,5.0,scheduleChanges,1,1,1,1,1,1,1,
ortools_routing,manual_time,PRIMARY,5.0,removedAssignments,1,1,1,0,0,0,0,
ortools_routing,manual_time,PRIMARY,5.0,newWorkersActivated,1,1,1,0,0,0,0,
ortools_routing,manual_time,PRIMARY,5.0,maxScheduleShiftMinutes,1,1,1,5.0,5.0,5.0,5.0,
ortools_routing,new_emergency,POLICY_FAST_RESPONSE,5.0,validPlanReturnedPercent,1,1,1,100,100,100,100,
ortools_routing,new_emergency,POLICY_FAST_RESPONSE,5.0,fullCoverageReturnedPercent,1,1,1,100,100,100,100,
ortools_routing,new_emergency,POLICY_FAST_RESPONSE,5.0,hardViolations,1,1,1,0,0,0,0,
ortools_routing,new_emergency,POLICY_FAST_RESPONSE,5.0,served,1,1,1,175,175,175,175,
ortools_routing,new_emergency,POLICY_FAST_RESPONSE,5.0,unassigned,1,1,1,0,0,0,0,
ortools_routing,new_emergency,POLICY_FAST_RESPONSE,5.0,servedPercent,1,1,1,100.0,100.0,100.0,100.0,
ortools_routing,new_emergency,POLICY_FAST_RESPONSE,5.0,workersUsed,1,1,1,28,28,28,28,
ortools_routing,new_emergency,POLICY_FAST_RESPONSE,5.0,distanceKm,1,1,1,1009.725,1009.725,1009.725,1009.725,
ortools_routing,new_emergency,POLICY_FAST_RESPONSE,5.0,travelMinutes,1,1,1,1339.0833333333333,1339.0833333333333,1339.0833333333333,1339.0833333333333,
ortools_routing,new_emergency,POLICY_FAST_RESPONSE,5.0,waitingMinutes,1,1,1,2951.9333333333334,2951.9333333333334,2951.9333333333334,2951.9333333333334,
ortools_routing,new_emergency,POLICY_FAST_RESPONSE,5.0,serviceMinutes,1,1,1,9310.0,9310.0,9310.0,9310.0,
ortools_routing,new_emergency,POLICY_FAST_RESPONSE,5.0,emergencyServed,1,1,1,15,15,15,15,
ortools_routing,new_emergency,POLICY_FAST_RESPONSE,5.0,emergencyUnassigned,1,1,1,0,0,0,0,
ortools_routing,new_emergency,POLICY_FAST_RESPONSE,5.0,meanResponseDelay,1,1,1,309.95666666666665,309.95666666666665,309.95666666666665,309.95666666666665,
ortools_routing,new_emergency,POLICY_FAST_RESPONSE,5.0,medianResponseDelay,1,1,1,292.1,292.1,292.1,292.1,
ortools_routing,new_emergency,POLICY_FAST_RESPONSE,5.0,maxResponseDelay,1,1,1,567.5333333333333,567.5333333333333,567.5333333333333,567.5333333333333,
ortools_routing,new_emergency,POLICY_FAST_RESPONSE,5.0,meanCompletionDelay,1,1,1,389.95666666666665,389.95666666666665,389.95666666666665,389.95666666666665,
ortools_routing,new_emergency,POLICY_FAST_RESPONSE,5.0,maxCompletionDelay,1,1,1,647.5333333333333,647.5333333333333,647.5333333333333,647.5333333333333,
ortools_routing,new_emergency,POLICY_FAST_RESPONSE,5.0,solverWallTimeMs,1,1,1,5108.082599999989,5108.082599999989,5108.082599999989,5108.082599999989,
ortools_routing,new_emergency,POLICY_FAST_RESPONSE,5.0,validationTimeMs,1,1,1,2.5832000001173583,2.5832000001173583,2.5832000001173583,2.5832000001173583,
ortools_routing,new_emergency,POLICY_FAST_RESPONSE,5.0,processWallTimeMs,1,1,1,5619.814399999996,5619.814399999996,5619.814399999996,5619.814399999996,
ortools_routing,new_emergency,POLICY_FAST_RESPONSE,5.0,peakMemoryMb,1,1,1,60.24609375,60.24609375,60.24609375,60.24609375,
ortools_routing,new_emergency,POLICY_FAST_RESPONSE,5.0,cpuTimeSampledMs,1,1,1,5359.375,5359.375,5359.375,5359.375,
ortools_routing,new_emergency,POLICY_FAST_RESPONSE,5.0,workerChanges,1,1,1,25,25,25,25,
ortools_routing,new_emergency,POLICY_FAST_RESPONSE,5.0,orderChanges,1,1,1,16,16,16,16,
ortools_routing,new_emergency,POLICY_FAST_RESPONSE,5.0,scheduleChanges,1,1,1,53,53,53,53,
ortools_routing,new_emergency,POLICY_FAST_RESPONSE,5.0,removedAssignments,1,1,1,0,0,0,0,
ortools_routing,new_emergency,POLICY_FAST_RESPONSE,5.0,newWorkersActivated,1,1,1,2,2,2,2,
ortools_routing,new_emergency,POLICY_FAST_RESPONSE,5.0,maxScheduleShiftMinutes,1,1,1,431.21666666666664,431.21666666666664,431.21666666666664,431.21666666666664,
ortools_routing,new_emergency,POLICY_FAST_RESPONSE,5.0,injectedEmergencyResponseMinutes,1,1,1,85.66666666666667,85.66666666666667,85.66666666666667,85.66666666666667,
ortools_routing,new_emergency,POLICY_MIN_STAFF,5.0,validPlanReturnedPercent,1,1,1,100,100,100,100,
ortools_routing,new_emergency,POLICY_MIN_STAFF,5.0,fullCoverageReturnedPercent,1,1,1,100,100,100,100,
ortools_routing,new_emergency,POLICY_MIN_STAFF,5.0,hardViolations,1,1,1,0,0,0,0,
ortools_routing,new_emergency,POLICY_MIN_STAFF,5.0,served,1,1,1,175,175,175,175,
ortools_routing,new_emergency,POLICY_MIN_STAFF,5.0,unassigned,1,1,1,0,0,0,0,
ortools_routing,new_emergency,POLICY_MIN_STAFF,5.0,servedPercent,1,1,1,100.0,100.0,100.0,100.0,
ortools_routing,new_emergency,POLICY_MIN_STAFF,5.0,workersUsed,1,1,1,26,26,26,26,
ortools_routing,new_emergency,POLICY_MIN_STAFF,5.0,distanceKm,1,1,1,897.431,897.431,897.431,897.431,
ortools_routing,new_emergency,POLICY_MIN_STAFF,5.0,travelMinutes,1,1,1,1259.85,1259.85,1259.85,1259.85,
ortools_routing,new_emergency,POLICY_MIN_STAFF,5.0,waitingMinutes,1,1,1,2351.116666666667,2351.116666666667,2351.116666666667,2351.116666666667,
ortools_routing,new_emergency,POLICY_MIN_STAFF,5.0,serviceMinutes,1,1,1,9310.0,9310.0,9310.0,9310.0,
ortools_routing,new_emergency,POLICY_MIN_STAFF,5.0,emergencyServed,1,1,1,15,15,15,15,
ortools_routing,new_emergency,POLICY_MIN_STAFF,5.0,emergencyUnassigned,1,1,1,0,0,0,0,
ortools_routing,new_emergency,POLICY_MIN_STAFF,5.0,meanResponseDelay,1,1,1,323.2388888888889,323.2388888888889,323.2388888888889,323.2388888888889,
ortools_routing,new_emergency,POLICY_MIN_STAFF,5.0,medianResponseDelay,1,1,1,324.81666666666666,324.81666666666666,324.81666666666666,324.81666666666666,
ortools_routing,new_emergency,POLICY_MIN_STAFF,5.0,maxResponseDelay,1,1,1,572.6666666666666,572.6666666666666,572.6666666666666,572.6666666666666,
ortools_routing,new_emergency,POLICY_MIN_STAFF,5.0,meanCompletionDelay,1,1,1,403.2388888888889,403.2388888888889,403.2388888888889,403.2388888888889,
ortools_routing,new_emergency,POLICY_MIN_STAFF,5.0,maxCompletionDelay,1,1,1,652.6666666666666,652.6666666666666,652.6666666666666,652.6666666666666,
ortools_routing,new_emergency,POLICY_MIN_STAFF,5.0,solverWallTimeMs,1,1,1,5159.27210000018,5159.27210000018,5159.27210000018,5159.27210000018,
ortools_routing,new_emergency,POLICY_MIN_STAFF,5.0,validationTimeMs,1,1,1,1.4050000002043816,1.4050000002043816,1.4050000002043816,1.4050000002043816,
ortools_routing,new_emergency,POLICY_MIN_STAFF,5.0,processWallTimeMs,1,1,1,5765.073999999913,5765.073999999913,5765.073999999913,5765.073999999913,
ortools_routing,new_emergency,POLICY_MIN_STAFF,5.0,peakMemoryMb,1,1,1,60.58203125,60.58203125,60.58203125,60.58203125,
ortools_routing,new_emergency,POLICY_MIN_STAFF,5.0,cpuTimeSampledMs,1,1,1,5437.5,5437.5,5437.5,5437.5,
ortools_routing,new_emergency,POLICY_MIN_STAFF,5.0,workerChanges,1,1,1,13,13,13,13,
ortools_routing,new_emergency,POLICY_MIN_STAFF,5.0,orderChanges,1,1,1,13,13,13,13,
ortools_routing,new_emergency,POLICY_MIN_STAFF,5.0,scheduleChanges,1,1,1,39,39,39,39,
ortools_routing,new_emergency,POLICY_MIN_STAFF,5.0,removedAssignments,1,1,1,0,0,0,0,
ortools_routing,new_emergency,POLICY_MIN_STAFF,5.0,newWorkersActivated,1,1,1,0,0,0,0,
ortools_routing,new_emergency,POLICY_MIN_STAFF,5.0,maxScheduleShiftMinutes,1,1,1,431.21666666666664,431.21666666666664,431.21666666666664,431.21666666666664,
ortools_routing,new_emergency,POLICY_MIN_STAFF,5.0,injectedEmergencyResponseMinutes,1,1,1,5.666666666666667,5.666666666666667,5.666666666666667,5.666666666666667,
ortools_routing,new_emergency,PRIMARY,5.0,validPlanReturnedPercent,1,1,1,100,100,100,100,
ortools_routing,new_emergency,PRIMARY,5.0,fullCoverageReturnedPercent,1,1,1,100,100,100,100,
ortools_routing,new_emergency,PRIMARY,5.0,hardViolations,1,1,1,0,0,0,0,
ortools_routing,new_emergency,PRIMARY,5.0,served,1,1,1,175,175,175,175,
ortools_routing,new_emergency,PRIMARY,5.0,unassigned,1,1,1,0,0,0,0,
ortools_routing,new_emergency,PRIMARY,5.0,servedPercent,1,1,1,100.0,100.0,100.0,100.0,
ortools_routing,new_emergency,PRIMARY,5.0,workersUsed,1,1,1,26,26,26,26,
ortools_routing,new_emergency,PRIMARY,5.0,distanceKm,1,1,1,872.711,872.711,872.711,872.711,
ortools_routing,new_emergency,PRIMARY,5.0,travelMinutes,1,1,1,1227.1166666666666,1227.1166666666666,1227.1166666666666,1227.1166666666666,
ortools_routing,new_emergency,PRIMARY,5.0,waitingMinutes,1,1,1,2487.2166666666667,2487.2166666666667,2487.2166666666667,2487.2166666666667,
ortools_routing,new_emergency,PRIMARY,5.0,serviceMinutes,1,1,1,9310.0,9310.0,9310.0,9310.0,
ortools_routing,new_emergency,PRIMARY,5.0,emergencyServed,1,1,1,15,15,15,15,
ortools_routing,new_emergency,PRIMARY,5.0,emergencyUnassigned,1,1,1,0,0,0,0,
ortools_routing,new_emergency,PRIMARY,5.0,meanResponseDelay,1,1,1,401.3977777777778,401.3977777777778,401.3977777777778,401.3977777777778,
ortools_routing,new_emergency,PRIMARY,5.0,medianResponseDelay,1,1,1,444.1,444.1,444.1,444.1,
ortools_routing,new_emergency,PRIMARY,5.0,maxResponseDelay,1,1,1,686.4333333333333,686.4333333333333,686.4333333333333,686.4333333333333,
ortools_routing,new_emergency,PRIMARY,5.0,meanCompletionDelay,1,1,1,481.3977777777778,481.3977777777778,481.3977777777778,481.3977777777778,
ortools_routing,new_emergency,PRIMARY,5.0,maxCompletionDelay,1,1,1,766.4333333333333,766.4333333333333,766.4333333333333,766.4333333333333,
ortools_routing,new_emergency,PRIMARY,5.0,solverWallTimeMs,1,1,1,5103.128799999922,5103.128799999922,5103.128799999922,5103.128799999922,
ortools_routing,new_emergency,PRIMARY,5.0,validationTimeMs,1,1,1,1.2469000000692176,1.2469000000692176,1.2469000000692176,1.2469000000692176,
ortools_routing,new_emergency,PRIMARY,5.0,processWallTimeMs,1,1,1,5580.160399999841,5580.160399999841,5580.160399999841,5580.160399999841,
ortools_routing,new_emergency,PRIMARY,5.0,peakMemoryMb,1,1,1,60.26171875,60.26171875,60.26171875,60.26171875,
ortools_routing,new_emergency,PRIMARY,5.0,cpuTimeSampledMs,1,1,1,5390.625,5390.625,5390.625,5390.625,
ortools_routing,new_emergency,PRIMARY,5.0,workerChanges,1,1,1,2,2,2,2,
ortools_routing,new_emergency,PRIMARY,5.0,orderChanges,1,1,1,4,4,4,4,
ortools_routing,new_emergency,PRIMARY,5.0,scheduleChanges,1,1,1,8,8,8,8,
ortools_routing,new_emergency,PRIMARY,5.0,removedAssignments,1,1,1,0,0,0,0,
ortools_routing,new_emergency,PRIMARY,5.0,newWorkersActivated,1,1,1,0,0,0,0,
ortools_routing,new_emergency,PRIMARY,5.0,maxScheduleShiftMinutes,1,1,1,109.78333333333333,109.78333333333333,109.78333333333333,109.78333333333333,
ortools_routing,new_emergency,PRIMARY,5.0,injectedEmergencyResponseMinutes,1,1,1,5.666666666666667,5.666666666666667,5.666666666666667,5.666666666666667,
ortools_routing,worker_unavailability,POLICY_FAST_RESPONSE,5.0,validPlanReturnedPercent,1,1,1,100,100,100,100,
ortools_routing,worker_unavailability,POLICY_FAST_RESPONSE,5.0,fullCoverageReturnedPercent,1,1,1,0,0,0,0,
ortools_routing,worker_unavailability,POLICY_FAST_RESPONSE,5.0,hardViolations,1,1,1,0,0,0,0,
ortools_routing,worker_unavailability,POLICY_FAST_RESPONSE,5.0,served,1,1,1,173,173,173,173,
ortools_routing,worker_unavailability,POLICY_FAST_RESPONSE,5.0,unassigned,1,1,1,1,1,1,1,
ortools_routing,worker_unavailability,POLICY_FAST_RESPONSE,5.0,servedPercent,1,1,1,99.42528735632185,99.42528735632185,99.42528735632185,99.42528735632185,
ortools_routing,worker_unavailability,POLICY_FAST_RESPONSE,5.0,workersUsed,1,1,1,30,30,30,30,
ortools_routing,worker_unavailability,POLICY_FAST_RESPONSE,5.0,distanceKm,1,1,1,802.345,802.345,802.345,802.345,
ortools_routing,worker_unavailability,POLICY_FAST_RESPONSE,5.0,travelMinutes,1,1,1,1161.1166666666666,1161.1166666666666,1161.1166666666666,1161.1166666666666,
ortools_routing,worker_unavailability,POLICY_FAST_RESPONSE,5.0,waitingMinutes,1,1,1,3465.4,3465.4,3465.4,3465.4,
ortools_routing,worker_unavailability,POLICY_FAST_RESPONSE,5.0,serviceMinutes,1,1,1,9200.0,9200.0,9200.0,9200.0,
ortools_routing,worker_unavailability,POLICY_FAST_RESPONSE,5.0,emergencyServed,1,1,1,14,14,14,14,
ortools_routing,worker_unavailability,POLICY_FAST_RESPONSE,5.0,emergencyUnassigned,1,1,1,0,0,0,0,
ortools_routing,worker_unavailability,POLICY_FAST_RESPONSE,5.0,meanResponseDelay,1,1,1,323.3392857142857,323.3392857142857,323.3392857142857,323.3392857142857,
ortools_routing,worker_unavailability,POLICY_FAST_RESPONSE,5.0,medianResponseDelay,1,1,1,293.01666666666665,293.01666666666665,293.01666666666665,293.01666666666665,
ortools_routing,worker_unavailability,POLICY_FAST_RESPONSE,5.0,maxResponseDelay,1,1,1,572.0,572.0,572.0,572.0,
ortools_routing,worker_unavailability,POLICY_FAST_RESPONSE,5.0,meanCompletionDelay,1,1,1,403.3392857142857,403.3392857142857,403.3392857142857,403.3392857142857,
ortools_routing,worker_unavailability,POLICY_FAST_RESPONSE,5.0,maxCompletionDelay,1,1,1,652.0,652.0,652.0,652.0,
ortools_routing,worker_unavailability,POLICY_FAST_RESPONSE,5.0,solverWallTimeMs,1,1,1,5122.225800000024,5122.225800000024,5122.225800000024,5122.225800000024,
ortools_routing,worker_unavailability,POLICY_FAST_RESPONSE,5.0,validationTimeMs,1,1,1,1.8923000000086176,1.8923000000086176,1.8923000000086176,1.8923000000086176,
ortools_routing,worker_unavailability,POLICY_FAST_RESPONSE,5.0,processWallTimeMs,1,1,1,5697.38940000002,5697.38940000002,5697.38940000002,5697.38940000002,
ortools_routing,worker_unavailability,POLICY_FAST_RESPONSE,5.0,peakMemoryMb,1,1,1,60.2578125,60.2578125,60.2578125,60.2578125,
ortools_routing,worker_unavailability,POLICY_FAST_RESPONSE,5.0,cpuTimeSampledMs,1,1,1,5390.625,5390.625,5390.625,5390.625,
ortools_routing,worker_unavailability,POLICY_FAST_RESPONSE,5.0,workerChanges,1,1,1,60,60,60,60,
ortools_routing,worker_unavailability,POLICY_FAST_RESPONSE,5.0,orderChanges,1,1,1,20,20,20,20,
ortools_routing,worker_unavailability,POLICY_FAST_RESPONSE,5.0,scheduleChanges,1,1,1,103,103,103,103,
ortools_routing,worker_unavailability,POLICY_FAST_RESPONSE,5.0,removedAssignments,1,1,1,1,1,1,1,
ortools_routing,worker_unavailability,POLICY_FAST_RESPONSE,5.0,newWorkersActivated,1,1,1,4,4,4,4,
ortools_routing,worker_unavailability,POLICY_FAST_RESPONSE,5.0,maxScheduleShiftMinutes,1,1,1,363.8833333333333,363.8833333333333,363.8833333333333,363.8833333333333,
ortools_routing,worker_unavailability,POLICY_MIN_STAFF,5.0,validPlanReturnedPercent,1,1,1,100,100,100,100,
ortools_routing,worker_unavailability,POLICY_MIN_STAFF,5.0,fullCoverageReturnedPercent,1,1,1,0,0,0,0,
ortools_routing,worker_unavailability,POLICY_MIN_STAFF,5.0,hardViolations,1,1,1,0,0,0,0,
ortools_routing,worker_unavailability,POLICY_MIN_STAFF,5.0,served,1,1,1,173,173,173,173,
ortools_routing,worker_unavailability,POLICY_MIN_STAFF,5.0,unassigned,1,1,1,1,1,1,1,
ortools_routing,worker_unavailability,POLICY_MIN_STAFF,5.0,servedPercent,1,1,1,99.42528735632185,99.42528735632185,99.42528735632185,99.42528735632185,
ortools_routing,worker_unavailability,POLICY_MIN_STAFF,5.0,workersUsed,1,1,1,29,29,29,29,
ortools_routing,worker_unavailability,POLICY_MIN_STAFF,5.0,distanceKm,1,1,1,889.129,889.129,889.129,889.129,
ortools_routing,worker_unavailability,POLICY_MIN_STAFF,5.0,travelMinutes,1,1,1,1228.9833333333333,1228.9833333333333,1228.9833333333333,1228.9833333333333,
ortools_routing,worker_unavailability,POLICY_MIN_STAFF,5.0,waitingMinutes,1,1,1,3420.883333333333,3420.883333333333,3420.883333333333,3420.883333333333,
ortools_routing,worker_unavailability,POLICY_MIN_STAFF,5.0,serviceMinutes,1,1,1,9200.0,9200.0,9200.0,9200.0,
ortools_routing,worker_unavailability,POLICY_MIN_STAFF,5.0,emergencyServed,1,1,1,14,14,14,14,
ortools_routing,worker_unavailability,POLICY_MIN_STAFF,5.0,emergencyUnassigned,1,1,1,0,0,0,0,
ortools_routing,worker_unavailability,POLICY_MIN_STAFF,5.0,meanResponseDelay,1,1,1,324.36785714285713,324.36785714285713,324.36785714285713,324.36785714285713,
ortools_routing,worker_unavailability,POLICY_MIN_STAFF,5.0,medianResponseDelay,1,1,1,300.95833333333337,300.95833333333337,300.95833333333337,300.95833333333337,
ortools_routing,worker_unavailability,POLICY_MIN_STAFF,5.0,maxResponseDelay,1,1,1,541.9166666666666,541.9166666666666,541.9166666666666,541.9166666666666,
ortools_routing,worker_unavailability,POLICY_MIN_STAFF,5.0,meanCompletionDelay,1,1,1,404.36785714285713,404.36785714285713,404.36785714285713,404.36785714285713,
ortools_routing,worker_unavailability,POLICY_MIN_STAFF,5.0,maxCompletionDelay,1,1,1,621.9166666666666,621.9166666666666,621.9166666666666,621.9166666666666,
ortools_routing,worker_unavailability,POLICY_MIN_STAFF,5.0,solverWallTimeMs,1,1,1,5126.148000000057,5126.148000000057,5126.148000000057,5126.148000000057,
ortools_routing,worker_unavailability,POLICY_MIN_STAFF,5.0,validationTimeMs,1,1,1,2.295999999887499,2.295999999887499,2.295999999887499,2.295999999887499,
ortools_routing,worker_unavailability,POLICY_MIN_STAFF,5.0,processWallTimeMs,1,1,1,5751.430300000038,5751.430300000038,5751.430300000038,5751.430300000038,
ortools_routing,worker_unavailability,POLICY_MIN_STAFF,5.0,peakMemoryMb,1,1,1,60.16796875,60.16796875,60.16796875,60.16796875,
ortools_routing,worker_unavailability,POLICY_MIN_STAFF,5.0,cpuTimeSampledMs,1,1,1,4921.875,4921.875,4921.875,4921.875,
ortools_routing,worker_unavailability,POLICY_MIN_STAFF,5.0,workerChanges,1,1,1,70,70,70,70,
ortools_routing,worker_unavailability,POLICY_MIN_STAFF,5.0,orderChanges,1,1,1,16,16,16,16,
ortools_routing,worker_unavailability,POLICY_MIN_STAFF,5.0,scheduleChanges,1,1,1,110,110,110,110,
ortools_routing,worker_unavailability,POLICY_MIN_STAFF,5.0,removedAssignments,1,1,1,1,1,1,1,
ortools_routing,worker_unavailability,POLICY_MIN_STAFF,5.0,newWorkersActivated,1,1,1,4,4,4,4,
ortools_routing,worker_unavailability,POLICY_MIN_STAFF,5.0,maxScheduleShiftMinutes,1,1,1,363.8833333333333,363.8833333333333,363.8833333333333,363.8833333333333,
ortools_routing,worker_unavailability,PRIMARY,5.0,validPlanReturnedPercent,1,1,1,100,100,100,100,
ortools_routing,worker_unavailability,PRIMARY,5.0,fullCoverageReturnedPercent,1,1,1,0,0,0,0,
ortools_routing,worker_unavailability,PRIMARY,5.0,hardViolations,1,1,1,0,0,0,0,
ortools_routing,worker_unavailability,PRIMARY,5.0,served,1,1,1,173,173,173,173,
ortools_routing,worker_unavailability,PRIMARY,5.0,unassigned,1,1,1,1,1,1,1,
ortools_routing,worker_unavailability,PRIMARY,5.0,servedPercent,1,1,1,99.42528735632185,99.42528735632185,99.42528735632185,99.42528735632185,
ortools_routing,worker_unavailability,PRIMARY,5.0,workersUsed,1,1,1,29,29,29,29,
ortools_routing,worker_unavailability,PRIMARY,5.0,distanceKm,1,1,1,771.279,771.279,771.279,771.279,
ortools_routing,worker_unavailability,PRIMARY,5.0,travelMinutes,1,1,1,1117.8,1117.8,1117.8,1117.8,
ortools_routing,worker_unavailability,PRIMARY,5.0,waitingMinutes,1,1,1,3454.0833333333335,3454.0833333333335,3454.0833333333335,3454.0833333333335,
ortools_routing,worker_unavailability,PRIMARY,5.0,serviceMinutes,1,1,1,9200.0,9200.0,9200.0,9200.0,
ortools_routing,worker_unavailability,PRIMARY,5.0,emergencyServed,1,1,1,14,14,14,14,
ortools_routing,worker_unavailability,PRIMARY,5.0,emergencyUnassigned,1,1,1,0,0,0,0,
ortools_routing,worker_unavailability,PRIMARY,5.0,meanResponseDelay,1,1,1,441.2369047619048,441.2369047619048,441.2369047619048,441.2369047619048,
ortools_routing,worker_unavailability,PRIMARY,5.0,medianResponseDelay,1,1,1,463.95000000000005,463.95000000000005,463.95000000000005,463.95000000000005,
ortools_routing,worker_unavailability,PRIMARY,5.0,maxResponseDelay,1,1,1,686.4333333333333,686.4333333333333,686.4333333333333,686.4333333333333,
ortools_routing,worker_unavailability,PRIMARY,5.0,meanCompletionDelay,1,1,1,521.2369047619047,521.2369047619047,521.2369047619047,521.2369047619047,
ortools_routing,worker_unavailability,PRIMARY,5.0,maxCompletionDelay,1,1,1,766.4333333333333,766.4333333333333,766.4333333333333,766.4333333333333,
ortools_routing,worker_unavailability,PRIMARY,5.0,solverWallTimeMs,1,1,1,5135.481000000027,5135.481000000027,5135.481000000027,5135.481000000027,
ortools_routing,worker_unavailability,PRIMARY,5.0,validationTimeMs,1,1,1,1.8875000000662112,1.8875000000662112,1.8875000000662112,1.8875000000662112,
ortools_routing,worker_unavailability,PRIMARY,5.0,processWallTimeMs,1,1,1,5803.31840000008,5803.31840000008,5803.31840000008,5803.31840000008,
ortools_routing,worker_unavailability,PRIMARY,5.0,peakMemoryMb,1,1,1,60.01953125,60.01953125,60.01953125,60.01953125,
ortools_routing,worker_unavailability,PRIMARY,5.0,cpuTimeSampledMs,1,1,1,5484.375,5484.375,5484.375,5484.375,
ortools_routing,worker_unavailability,PRIMARY,5.0,workerChanges,1,1,1,65,65,65,65,
ortools_routing,worker_unavailability,PRIMARY,5.0,orderChanges,1,1,1,8,8,8,8,
ortools_routing,worker_unavailability,PRIMARY,5.0,scheduleChanges,1,1,1,88,88,88,88,
ortools_routing,worker_unavailability,PRIMARY,5.0,removedAssignments,1,1,1,1,1,1,1,
ortools_routing,worker_unavailability,PRIMARY,5.0,newWorkersActivated,1,1,1,3,3,3,3,
ortools_routing,worker_unavailability,PRIMARY,5.0,maxScheduleShiftMinutes,1,1,1,185.3,185.3,185.3,185.3,
timefold,cancellation,POLICY_FAST_RESPONSE,5.0,validPlanReturnedPercent,1,1,1,100,100,100,100,
timefold,cancellation,POLICY_FAST_RESPONSE,5.0,fullCoverageReturnedPercent,1,1,1,100,100,100,100,
timefold,cancellation,POLICY_FAST_RESPONSE,5.0,hardViolations,1,1,1,0,0,0,0,
timefold,cancellation,POLICY_FAST_RESPONSE,5.0,served,1,1,1,173,173,173,173,
timefold,cancellation,POLICY_FAST_RESPONSE,5.0,unassigned,1,1,1,0,0,0,0,
timefold,cancellation,POLICY_FAST_RESPONSE,5.0,servedPercent,1,1,1,100.0,100.0,100.0,100.0,
timefold,cancellation,POLICY_FAST_RESPONSE,5.0,workersUsed,1,1,1,34,34,34,34,
timefold,cancellation,POLICY_FAST_RESPONSE,5.0,distanceKm,1,1,1,1630.852,1630.852,1630.852,1630.852,
timefold,cancellation,POLICY_FAST_RESPONSE,5.0,travelMinutes,1,1,1,2045.4833333333333,2045.4833333333333,2045.4833333333333,2045.4833333333333,
timefold,cancellation,POLICY_FAST_RESPONSE,5.0,waitingMinutes,1,1,1,4924.8,4924.8,4924.8,4924.8,
timefold,cancellation,POLICY_FAST_RESPONSE,5.0,serviceMinutes,1,1,1,9200.0,9200.0,9200.0,9200.0,
timefold,cancellation,POLICY_FAST_RESPONSE,5.0,emergencyServed,1,1,1,14,14,14,14,
timefold,cancellation,POLICY_FAST_RESPONSE,5.0,emergencyUnassigned,1,1,1,0,0,0,0,
timefold,cancellation,POLICY_FAST_RESPONSE,5.0,meanResponseDelay,1,1,1,410.9404761904762,410.9404761904762,410.9404761904762,410.9404761904762,
timefold,cancellation,POLICY_FAST_RESPONSE,5.0,medianResponseDelay,1,1,1,430.125,430.125,430.125,430.125,
timefold,cancellation,POLICY_FAST_RESPONSE,5.0,maxResponseDelay,1,1,1,628.95,628.95,628.95,628.95,
timefold,cancellation,POLICY_FAST_RESPONSE,5.0,meanCompletionDelay,1,1,1,490.9404761904762,490.9404761904762,490.9404761904762,490.9404761904762,
timefold,cancellation,POLICY_FAST_RESPONSE,5.0,maxCompletionDelay,1,1,1,708.95,708.95,708.95,708.95,
timefold,cancellation,POLICY_FAST_RESPONSE,5.0,solverWallTimeMs,1,1,1,6600.206600000092,6600.206600000092,6600.206600000092,6600.206600000092,
timefold,cancellation,POLICY_FAST_RESPONSE,5.0,validationTimeMs,1,1,1,2.4505000001227017,2.4505000001227017,2.4505000001227017,2.4505000001227017,
timefold,cancellation,POLICY_FAST_RESPONSE,5.0,processWallTimeMs,1,1,1,6951.467599999887,6951.467599999887,6951.467599999887,6951.467599999887,
timefold,cancellation,POLICY_FAST_RESPONSE,5.0,peakMemoryMb,1,1,1,287.97265625,287.97265625,287.97265625,287.97265625,
timefold,cancellation,POLICY_FAST_RESPONSE,5.0,cpuTimeSampledMs,1,1,1,10875.0,10875.0,10875.0,10875.0,
timefold,cancellation,POLICY_FAST_RESPONSE,5.0,workerChanges,1,1,1,83,83,83,83,
timefold,cancellation,POLICY_FAST_RESPONSE,5.0,orderChanges,1,1,1,12,12,12,12,
timefold,cancellation,POLICY_FAST_RESPONSE,5.0,scheduleChanges,1,1,1,115,115,115,115,
timefold,cancellation,POLICY_FAST_RESPONSE,5.0,removedAssignments,1,1,1,1,1,1,1,
timefold,cancellation,POLICY_FAST_RESPONSE,5.0,newWorkersActivated,1,1,1,8,8,8,8,
timefold,cancellation,POLICY_FAST_RESPONSE,5.0,maxScheduleShiftMinutes,1,1,1,352.0833333333333,352.0833333333333,352.0833333333333,352.0833333333333,
timefold,cancellation,POLICY_MIN_STAFF,5.0,validPlanReturnedPercent,1,1,1,100,100,100,100,
timefold,cancellation,POLICY_MIN_STAFF,5.0,fullCoverageReturnedPercent,1,1,1,100,100,100,100,
timefold,cancellation,POLICY_MIN_STAFF,5.0,hardViolations,1,1,1,0,0,0,0,
timefold,cancellation,POLICY_MIN_STAFF,5.0,served,1,1,1,173,173,173,173,
timefold,cancellation,POLICY_MIN_STAFF,5.0,unassigned,1,1,1,0,0,0,0,
timefold,cancellation,POLICY_MIN_STAFF,5.0,servedPercent,1,1,1,100.0,100.0,100.0,100.0,
timefold,cancellation,POLICY_MIN_STAFF,5.0,workersUsed,1,1,1,26,26,26,26,
timefold,cancellation,POLICY_MIN_STAFF,5.0,distanceKm,1,1,1,1380.018,1380.018,1380.018,1380.018,
timefold,cancellation,POLICY_MIN_STAFF,5.0,travelMinutes,1,1,1,1812.6833333333334,1812.6833333333334,1812.6833333333334,1812.6833333333334,
timefold,cancellation,POLICY_MIN_STAFF,5.0,waitingMinutes,1,1,1,2228.116666666667,2228.116666666667,2228.116666666667,2228.116666666667,
timefold,cancellation,POLICY_MIN_STAFF,5.0,serviceMinutes,1,1,1,9200.0,9200.0,9200.0,9200.0,
timefold,cancellation,POLICY_MIN_STAFF,5.0,emergencyServed,1,1,1,14,14,14,14,
timefold,cancellation,POLICY_MIN_STAFF,5.0,emergencyUnassigned,1,1,1,0,0,0,0,
timefold,cancellation,POLICY_MIN_STAFF,5.0,meanResponseDelay,1,1,1,397.23214285714283,397.23214285714283,397.23214285714283,397.23214285714283,
timefold,cancellation,POLICY_MIN_STAFF,5.0,medianResponseDelay,1,1,1,404.21666666666664,404.21666666666664,404.21666666666664,404.21666666666664,
timefold,cancellation,POLICY_MIN_STAFF,5.0,maxResponseDelay,1,1,1,687.1666666666666,687.1666666666666,687.1666666666666,687.1666666666666,
timefold,cancellation,POLICY_MIN_STAFF,5.0,meanCompletionDelay,1,1,1,477.23214285714283,477.23214285714283,477.23214285714283,477.23214285714283,
timefold,cancellation,POLICY_MIN_STAFF,5.0,maxCompletionDelay,1,1,1,767.1666666666666,767.1666666666666,767.1666666666666,767.1666666666666,
timefold,cancellation,POLICY_MIN_STAFF,5.0,solverWallTimeMs,1,1,1,6477.968200000078,6477.968200000078,6477.968200000078,6477.968200000078,
timefold,cancellation,POLICY_MIN_STAFF,5.0,validationTimeMs,1,1,1,1.8605999998726475,1.8605999998726475,1.8605999998726475,1.8605999998726475,
timefold,cancellation,POLICY_MIN_STAFF,5.0,processWallTimeMs,1,1,1,6873.293899999908,6873.293899999908,6873.293899999908,6873.293899999908,
timefold,cancellation,POLICY_MIN_STAFF,5.0,peakMemoryMb,1,1,1,287.57421875,287.57421875,287.57421875,287.57421875,
timefold,cancellation,POLICY_MIN_STAFF,5.0,cpuTimeSampledMs,1,1,1,10343.75,10343.75,10343.75,10343.75,
timefold,cancellation,POLICY_MIN_STAFF,5.0,workerChanges,1,1,1,48,48,48,48,
timefold,cancellation,POLICY_MIN_STAFF,5.0,orderChanges,1,1,1,13,13,13,13,
timefold,cancellation,POLICY_MIN_STAFF,5.0,scheduleChanges,1,1,1,101,101,101,101,
timefold,cancellation,POLICY_MIN_STAFF,5.0,removedAssignments,1,1,1,1,1,1,1,
timefold,cancellation,POLICY_MIN_STAFF,5.0,newWorkersActivated,1,1,1,0,0,0,0,
timefold,cancellation,POLICY_MIN_STAFF,5.0,maxScheduleShiftMinutes,1,1,1,373.95,373.95,373.95,373.95,
timefold,cancellation,PRIMARY,5.0,validPlanReturnedPercent,1,1,1,100,100,100,100,
timefold,cancellation,PRIMARY,5.0,fullCoverageReturnedPercent,1,1,1,100,100,100,100,
timefold,cancellation,PRIMARY,5.0,hardViolations,1,1,1,0,0,0,0,
timefold,cancellation,PRIMARY,5.0,served,1,1,1,173,173,173,173,
timefold,cancellation,PRIMARY,5.0,unassigned,1,1,1,0,0,0,0,
timefold,cancellation,PRIMARY,5.0,servedPercent,1,1,1,100.0,100.0,100.0,100.0,
timefold,cancellation,PRIMARY,5.0,workersUsed,1,1,1,26,26,26,26,
timefold,cancellation,PRIMARY,5.0,distanceKm,1,1,1,869.796,869.796,869.796,869.796,
timefold,cancellation,PRIMARY,5.0,travelMinutes,1,1,1,1222.7333333333333,1222.7333333333333,1222.7333333333333,1222.7333333333333,
timefold,cancellation,PRIMARY,5.0,waitingMinutes,1,1,1,2576.2166666666667,2576.2166666666667,2576.2166666666667,2576.2166666666667,
timefold,cancellation,PRIMARY,5.0,serviceMinutes,1,1,1,9200.0,9200.0,9200.0,9200.0,
timefold,cancellation,PRIMARY,5.0,emergencyServed,1,1,1,14,14,14,14,
timefold,cancellation,PRIMARY,5.0,emergencyUnassigned,1,1,1,0,0,0,0,
timefold,cancellation,PRIMARY,5.0,meanResponseDelay,1,1,1,428.5654761904762,428.5654761904762,428.5654761904762,428.5654761904762,
timefold,cancellation,PRIMARY,5.0,medianResponseDelay,1,1,1,463.95000000000005,463.95000000000005,463.95000000000005,463.95000000000005,
timefold,cancellation,PRIMARY,5.0,maxResponseDelay,1,1,1,686.4333333333333,686.4333333333333,686.4333333333333,686.4333333333333,
timefold,cancellation,PRIMARY,5.0,meanCompletionDelay,1,1,1,508.5654761904762,508.5654761904762,508.5654761904762,508.5654761904762,
timefold,cancellation,PRIMARY,5.0,maxCompletionDelay,1,1,1,766.4333333333333,766.4333333333333,766.4333333333333,766.4333333333333,
timefold,cancellation,PRIMARY,5.0,solverWallTimeMs,1,1,1,6628.149400000211,6628.149400000211,6628.149400000211,6628.149400000211,
timefold,cancellation,PRIMARY,5.0,validationTimeMs,1,1,1,2.5676000000203203,2.5676000000203203,2.5676000000203203,2.5676000000203203,
timefold,cancellation,PRIMARY,5.0,processWallTimeMs,1,1,1,7027.763499999992,7027.763499999992,7027.763499999992,7027.763499999992,
timefold,cancellation,PRIMARY,5.0,peakMemoryMb,1,1,1,278.3515625,278.3515625,278.3515625,278.3515625,
timefold,cancellation,PRIMARY,5.0,cpuTimeSampledMs,1,1,1,9781.25,9781.25,9781.25,9781.25,
timefold,cancellation,PRIMARY,5.0,workerChanges,1,1,1,0,0,0,0,
timefold,cancellation,PRIMARY,5.0,orderChanges,1,1,1,0,0,0,0,
timefold,cancellation,PRIMARY,5.0,scheduleChanges,1,1,1,0,0,0,0,
timefold,cancellation,PRIMARY,5.0,removedAssignments,1,1,1,1,1,1,1,
timefold,cancellation,PRIMARY,5.0,newWorkersActivated,1,1,1,0,0,0,0,
timefold,cancellation,PRIMARY,5.0,maxScheduleShiftMinutes,1,1,1,0.0,0.0,0.0,0.0,
timefold,initial,POLICY_FAST_RESPONSE,5.0,validPlanReturnedPercent,1,1,1,100,100,100,100,
timefold,initial,POLICY_FAST_RESPONSE,5.0,fullCoverageReturnedPercent,1,1,1,0,0,0,0,
timefold,initial,POLICY_FAST_RESPONSE,5.0,hardViolations,1,1,1,0,0,0,0,
timefold,initial,POLICY_FAST_RESPONSE,5.0,served,1,1,1,186,186,186,186,
timefold,initial,POLICY_FAST_RESPONSE,5.0,unassigned,1,1,1,17,17,17,17,
timefold,initial,POLICY_FAST_RESPONSE,5.0,servedPercent,1,1,1,91.6256157635468,91.6256157635468,91.6256157635468,91.6256157635468,
timefold,initial,POLICY_FAST_RESPONSE,5.0,workersUsed,1,1,1,27,27,27,27,
timefold,initial,POLICY_FAST_RESPONSE,5.0,distanceKm,1,1,1,1733.485,1733.485,1733.485,1733.485,
timefold,initial,POLICY_FAST_RESPONSE,5.0,travelMinutes,1,1,1,2140.616666666667,2140.616666666667,2140.616666666667,2140.616666666667,
timefold,initial,POLICY_FAST_RESPONSE,5.0,waitingMinutes,1,1,1,4632.216666666666,4632.216666666666,4632.216666666666,4632.216666666666,
timefold,initial,POLICY_FAST_RESPONSE,5.0,serviceMinutes,1,1,1,10280.0,10280.0,10280.0,10280.0,
timefold,initial,POLICY_FAST_RESPONSE,5.0,emergencyServed,1,1,1,15,15,15,15,
timefold,initial,POLICY_FAST_RESPONSE,5.0,emergencyUnassigned,1,1,1,0,0,0,0,
timefold,initial,POLICY_FAST_RESPONSE,5.0,meanResponseDelay,1,1,1,326.79555555555555,326.79555555555555,326.79555555555555,326.79555555555555,
timefold,initial,POLICY_FAST_RESPONSE,5.0,medianResponseDelay,1,1,1,389.6666666666667,389.6666666666667,389.6666666666667,389.6666666666667,
timefold,initial,POLICY_FAST_RESPONSE,5.0,maxResponseDelay,1,1,1,630.9833333333333,630.9833333333333,630.9833333333333,630.9833333333333,
timefold,initial,POLICY_FAST_RESPONSE,5.0,meanCompletionDelay,1,1,1,406.79555555555555,406.79555555555555,406.79555555555555,406.79555555555555,
timefold,initial,POLICY_FAST_RESPONSE,5.0,maxCompletionDelay,1,1,1,710.9833333333333,710.9833333333333,710.9833333333333,710.9833333333333,
timefold,initial,POLICY_FAST_RESPONSE,5.0,solverWallTimeMs,1,1,1,6609.736000000112,6609.736000000112,6609.736000000112,6609.736000000112,
timefold,initial,POLICY_FAST_RESPONSE,5.0,validationTimeMs,1,1,1,2.8339999998934218,2.8339999998934218,2.8339999998934218,2.8339999998934218,
timefold,initial,POLICY_FAST_RESPONSE,5.0,processWallTimeMs,1,1,1,6978.010799999993,6978.010799999993,6978.010799999993,6978.010799999993,
timefold,initial,POLICY_FAST_RESPONSE,5.0,peakMemoryMb,1,1,1,282.34375,282.34375,282.34375,282.34375,
timefold,initial,POLICY_FAST_RESPONSE,5.0,cpuTimeSampledMs,1,1,1,10375.0,10375.0,10375.0,10375.0,
timefold,initial,POLICY_MIN_STAFF,5.0,validPlanReturnedPercent,1,1,1,100,100,100,100,
timefold,initial,POLICY_MIN_STAFF,5.0,fullCoverageReturnedPercent,1,1,1,0,0,0,0,
timefold,initial,POLICY_MIN_STAFF,5.0,hardViolations,1,1,1,0,0,0,0,
timefold,initial,POLICY_MIN_STAFF,5.0,served,1,1,1,194,194,194,194,
timefold,initial,POLICY_MIN_STAFF,5.0,unassigned,1,1,1,9,9,9,9,
timefold,initial,POLICY_MIN_STAFF,5.0,servedPercent,1,1,1,95.56650246305419,95.56650246305419,95.56650246305419,95.56650246305419,
timefold,initial,POLICY_MIN_STAFF,5.0,workersUsed,1,1,1,26,26,26,26,
timefold,initial,POLICY_MIN_STAFF,5.0,distanceKm,1,1,1,1793.655,1793.655,1793.655,1793.655,
timefold,initial,POLICY_MIN_STAFF,5.0,travelMinutes,1,1,1,2228.55,2228.55,2228.55,2228.55,
timefold,initial,POLICY_MIN_STAFF,5.0,waitingMinutes,1,1,1,4073.3166666666666,4073.3166666666666,4073.3166666666666,4073.3166666666666,
timefold,initial,POLICY_MIN_STAFF,5.0,serviceMinutes,1,1,1,10570.0,10570.0,10570.0,10570.0,
timefold,initial,POLICY_MIN_STAFF,5.0,emergencyServed,1,1,1,15,15,15,15,
timefold,initial,POLICY_MIN_STAFF,5.0,emergencyUnassigned,1,1,1,0,0,0,0,
timefold,initial,POLICY_MIN_STAFF,5.0,meanResponseDelay,1,1,1,344.09444444444443,344.09444444444443,344.09444444444443,344.09444444444443,
timefold,initial,POLICY_MIN_STAFF,5.0,medianResponseDelay,1,1,1,389.6666666666667,389.6666666666667,389.6666666666667,389.6666666666667,
timefold,initial,POLICY_MIN_STAFF,5.0,maxResponseDelay,1,1,1,630.9833333333333,630.9833333333333,630.9833333333333,630.9833333333333,
timefold,initial,POLICY_MIN_STAFF,5.0,meanCompletionDelay,1,1,1,424.09444444444443,424.09444444444443,424.09444444444443,424.09444444444443,
timefold,initial,POLICY_MIN_STAFF,5.0,maxCompletionDelay,1,1,1,710.9833333333333,710.9833333333333,710.9833333333333,710.9833333333333,
timefold,initial,POLICY_MIN_STAFF,5.0,solverWallTimeMs,1,1,1,6702.0036999999775,6702.0036999999775,6702.0036999999775,6702.0036999999775,
timefold,initial,POLICY_MIN_STAFF,5.0,validationTimeMs,1,1,1,3.1261000001450157,3.1261000001450157,3.1261000001450157,3.1261000001450157,
timefold,initial,POLICY_MIN_STAFF,5.0,processWallTimeMs,1,1,1,7067.572900000187,7067.572900000187,7067.572900000187,7067.572900000187,
timefold,initial,POLICY_MIN_STAFF,5.0,peakMemoryMb,1,1,1,278.359375,278.359375,278.359375,278.359375,
timefold,initial,POLICY_MIN_STAFF,5.0,cpuTimeSampledMs,1,1,1,9890.625,9890.625,9890.625,9890.625,
timefold,manual_assignment,POLICY_FAST_RESPONSE,5.0,validPlanReturnedPercent,1,1,1,100,100,100,100,
timefold,manual_assignment,POLICY_FAST_RESPONSE,5.0,fullCoverageReturnedPercent,1,1,1,100,100,100,100,
timefold,manual_assignment,POLICY_FAST_RESPONSE,5.0,hardViolations,1,1,1,0,0,0,0,
timefold,manual_assignment,POLICY_FAST_RESPONSE,5.0,served,1,1,1,174,174,174,174,
timefold,manual_assignment,POLICY_FAST_RESPONSE,5.0,unassigned,1,1,1,0,0,0,0,
timefold,manual_assignment,POLICY_FAST_RESPONSE,5.0,servedPercent,1,1,1,100.0,100.0,100.0,100.0,
timefold,manual_assignment,POLICY_FAST_RESPONSE,5.0,workersUsed,1,1,1,34,34,34,34,
timefold,manual_assignment,POLICY_FAST_RESPONSE,5.0,distanceKm,1,1,1,1718.869,1718.869,1718.869,1718.869,
timefold,manual_assignment,POLICY_FAST_RESPONSE,5.0,travelMinutes,1,1,1,2132.0833333333335,2132.0833333333335,2132.0833333333335,2132.0833333333335,
timefold,manual_assignment,POLICY_FAST_RESPONSE,5.0,waitingMinutes,1,1,1,5075.8,5075.8,5075.8,5075.8,
timefold,manual_assignment,POLICY_FAST_RESPONSE,5.0,serviceMinutes,1,1,1,9230.0,9230.0,9230.0,9230.0,
timefold,manual_assignment,POLICY_FAST_RESPONSE,5.0,emergencyServed,1,1,1,14,14,14,14,
timefold,manual_assignment,POLICY_FAST_RESPONSE,5.0,emergencyUnassigned,1,1,1,0,0,0,0,
timefold,manual_assignment,POLICY_FAST_RESPONSE,5.0,meanResponseDelay,1,1,1,393.42857142857144,393.42857142857144,393.42857142857144,393.42857142857144,
timefold,manual_assignment,POLICY_FAST_RESPONSE,5.0,medianResponseDelay,1,1,1,392.0,392.0,392.0,392.0,
timefold,manual_assignment,POLICY_FAST_RESPONSE,5.0,maxResponseDelay,1,1,1,617.85,617.85,617.85,617.85,
timefold,manual_assignment,POLICY_FAST_RESPONSE,5.0,meanCompletionDelay,1,1,1,473.42857142857144,473.42857142857144,473.42857142857144,473.42857142857144,
timefold,manual_assignment,POLICY_FAST_RESPONSE,5.0,maxCompletionDelay,1,1,1,697.85,697.85,697.85,697.85,
timefold,manual_assignment,POLICY_FAST_RESPONSE,5.0,solverWallTimeMs,1,1,1,6480.285200000026,6480.285200000026,6480.285200000026,6480.285200000026,
timefold,manual_assignment,POLICY_FAST_RESPONSE,5.0,validationTimeMs,1,1,1,5.072899999959191,5.072899999959191,5.072899999959191,5.072899999959191,
timefold,manual_assignment,POLICY_FAST_RESPONSE,5.0,processWallTimeMs,1,1,1,6886.456800000133,6886.456800000133,6886.456800000133,6886.456800000133,
timefold,manual_assignment,POLICY_FAST_RESPONSE,5.0,peakMemoryMb,1,1,1,284.07421875,284.07421875,284.07421875,284.07421875,
timefold,manual_assignment,POLICY_FAST_RESPONSE,5.0,cpuTimeSampledMs,1,1,1,10406.25,10406.25,10406.25,10406.25,
timefold,manual_assignment,POLICY_FAST_RESPONSE,5.0,workerChanges,1,1,1,91,91,91,91,
timefold,manual_assignment,POLICY_FAST_RESPONSE,5.0,orderChanges,1,1,1,20,20,20,20,
timefold,manual_assignment,POLICY_FAST_RESPONSE,5.0,scheduleChanges,1,1,1,140,140,140,140,
timefold,manual_assignment,POLICY_FAST_RESPONSE,5.0,removedAssignments,1,1,1,0,0,0,0,
timefold,manual_assignment,POLICY_FAST_RESPONSE,5.0,newWorkersActivated,1,1,1,8,8,8,8,
timefold,manual_assignment,POLICY_FAST_RESPONSE,5.0,maxScheduleShiftMinutes,1,1,1,441.2,441.2,441.2,441.2,
timefold,manual_assignment,POLICY_MIN_STAFF,5.0,validPlanReturnedPercent,1,1,1,100,100,100,100,
timefold,manual_assignment,POLICY_MIN_STAFF,5.0,fullCoverageReturnedPercent,1,1,1,100,100,100,100,
timefold,manual_assignment,POLICY_MIN_STAFF,5.0,hardViolations,1,1,1,0,0,0,0,
timefold,manual_assignment,POLICY_MIN_STAFF,5.0,served,1,1,1,174,174,174,174,
timefold,manual_assignment,POLICY_MIN_STAFF,5.0,unassigned,1,1,1,0,0,0,0,
timefold,manual_assignment,POLICY_MIN_STAFF,5.0,servedPercent,1,1,1,100.0,100.0,100.0,100.0,
timefold,manual_assignment,POLICY_MIN_STAFF,5.0,workersUsed,1,1,1,26,26,26,26,
timefold,manual_assignment,POLICY_MIN_STAFF,5.0,distanceKm,1,1,1,893.628,893.628,893.628,893.628,
timefold,manual_assignment,POLICY_MIN_STAFF,5.0,travelMinutes,1,1,1,1258.0666666666666,1258.0666666666666,1258.0666666666666,1258.0666666666666,
timefold,manual_assignment,POLICY_MIN_STAFF,5.0,waitingMinutes,1,1,1,2426.85,2426.85,2426.85,2426.85,
timefold,manual_assignment,POLICY_MIN_STAFF,5.0,serviceMinutes,1,1,1,9230.0,9230.0,9230.0,9230.0,
timefold,manual_assignment,POLICY_MIN_STAFF,5.0,emergencyServed,1,1,1,14,14,14,14,
timefold,manual_assignment,POLICY_MIN_STAFF,5.0,emergencyUnassigned,1,1,1,0,0,0,0,
timefold,manual_assignment,POLICY_MIN_STAFF,5.0,meanResponseDelay,1,1,1,409.8702380952381,409.8702380952381,409.8702380952381,409.8702380952381,
timefold,manual_assignment,POLICY_MIN_STAFF,5.0,medianResponseDelay,1,1,1,444.8,444.8,444.8,444.8,
timefold,manual_assignment,POLICY_MIN_STAFF,5.0,maxResponseDelay,1,1,1,648.1333333333333,648.1333333333333,648.1333333333333,648.1333333333333,
timefold,manual_assignment,POLICY_MIN_STAFF,5.0,meanCompletionDelay,1,1,1,489.8702380952381,489.8702380952381,489.8702380952381,489.8702380952381,
timefold,manual_assignment,POLICY_MIN_STAFF,5.0,maxCompletionDelay,1,1,1,728.1333333333333,728.1333333333333,728.1333333333333,728.1333333333333,
timefold,manual_assignment,POLICY_MIN_STAFF,5.0,solverWallTimeMs,1,1,1,6697.782799999914,6697.782799999914,6697.782799999914,6697.782799999914,
timefold,manual_assignment,POLICY_MIN_STAFF,5.0,validationTimeMs,1,1,1,3.120000000080836,3.120000000080836,3.120000000080836,3.120000000080836,
timefold,manual_assignment,POLICY_MIN_STAFF,5.0,processWallTimeMs,1,1,1,7098.975800000062,7098.975800000062,7098.975800000062,7098.975800000062,
timefold,manual_assignment,POLICY_MIN_STAFF,5.0,peakMemoryMb,1,1,1,287.1015625,287.1015625,287.1015625,287.1015625,
timefold,manual_assignment,POLICY_MIN_STAFF,5.0,cpuTimeSampledMs,1,1,1,10625.0,10625.0,10625.0,10625.0,
timefold,manual_assignment,POLICY_MIN_STAFF,5.0,workerChanges,1,1,1,3,3,3,3,
timefold,manual_assignment,POLICY_MIN_STAFF,5.0,orderChanges,1,1,1,4,4,4,4,
timefold,manual_assignment,POLICY_MIN_STAFF,5.0,scheduleChanges,1,1,1,13,13,13,13,
timefold,manual_assignment,POLICY_MIN_STAFF,5.0,removedAssignments,1,1,1,0,0,0,0,
timefold,manual_assignment,POLICY_MIN_STAFF,5.0,newWorkersActivated,1,1,1,0,0,0,0,
timefold,manual_assignment,POLICY_MIN_STAFF,5.0,maxScheduleShiftMinutes,1,1,1,77.86666666666666,77.86666666666666,77.86666666666666,77.86666666666666,
timefold,manual_assignment,PRIMARY,5.0,validPlanReturnedPercent,1,1,1,100,100,100,100,
timefold,manual_assignment,PRIMARY,5.0,fullCoverageReturnedPercent,1,1,1,100,100,100,100,
timefold,manual_assignment,PRIMARY,5.0,hardViolations,1,1,1,0,0,0,0,
timefold,manual_assignment,PRIMARY,5.0,served,1,1,1,174,174,174,174,
timefold,manual_assignment,PRIMARY,5.0,unassigned,1,1,1,0,0,0,0,
timefold,manual_assignment,PRIMARY,5.0,servedPercent,1,1,1,100.0,100.0,100.0,100.0,
timefold,manual_assignment,PRIMARY,5.0,workersUsed,1,1,1,26,26,26,26,
timefold,manual_assignment,PRIMARY,5.0,distanceKm,1,1,1,893.627,893.627,893.627,893.627,
timefold,manual_assignment,PRIMARY,5.0,travelMinutes,1,1,1,1258.3,1258.3,1258.3,1258.3,
timefold,manual_assignment,PRIMARY,5.0,waitingMinutes,1,1,1,2464.9166666666665,2464.9166666666665,2464.9166666666665,2464.9166666666665,
timefold,manual_assignment,PRIMARY,5.0,serviceMinutes,1,1,1,9230.0,9230.0,9230.0,9230.0,
timefold,manual_assignment,PRIMARY,5.0,emergencyServed,1,1,1,14,14,14,14,
timefold,manual_assignment,PRIMARY,5.0,emergencyUnassigned,1,1,1,0,0,0,0,
timefold,manual_assignment,PRIMARY,5.0,meanResponseDelay,1,1,1,428.5654761904762,428.5654761904762,428.5654761904762,428.5654761904762,
timefold,manual_assignment,PRIMARY,5.0,medianResponseDelay,1,1,1,463.95000000000005,463.95000000000005,463.95000000000005,463.95000000000005,
timefold,manual_assignment,PRIMARY,5.0,maxResponseDelay,1,1,1,686.4333333333333,686.4333333333333,686.4333333333333,686.4333333333333,
timefold,manual_assignment,PRIMARY,5.0,meanCompletionDelay,1,1,1,508.5654761904762,508.5654761904762,508.5654761904762,508.5654761904762,
timefold,manual_assignment,PRIMARY,5.0,maxCompletionDelay,1,1,1,766.4333333333333,766.4333333333333,766.4333333333333,766.4333333333333,
timefold,manual_assignment,PRIMARY,5.0,solverWallTimeMs,1,1,1,6732.814899999994,6732.814899999994,6732.814899999994,6732.814899999994,
timefold,manual_assignment,PRIMARY,5.0,validationTimeMs,1,1,1,3.507800000079442,3.507800000079442,3.507800000079442,3.507800000079442,
timefold,manual_assignment,PRIMARY,5.0,processWallTimeMs,1,1,1,7141.555299999936,7141.555299999936,7141.555299999936,7141.555299999936,
timefold,manual_assignment,PRIMARY,5.0,peakMemoryMb,1,1,1,283.8515625,283.8515625,283.8515625,283.8515625,
timefold,manual_assignment,PRIMARY,5.0,cpuTimeSampledMs,1,1,1,10437.5,10437.5,10437.5,10437.5,
timefold,manual_assignment,PRIMARY,5.0,workerChanges,1,1,1,3,3,3,3,
timefold,manual_assignment,PRIMARY,5.0,orderChanges,1,1,1,2,2,2,2,
timefold,manual_assignment,PRIMARY,5.0,scheduleChanges,1,1,1,6,6,6,6,
timefold,manual_assignment,PRIMARY,5.0,removedAssignments,1,1,1,0,0,0,0,
timefold,manual_assignment,PRIMARY,5.0,newWorkersActivated,1,1,1,0,0,0,0,
timefold,manual_assignment,PRIMARY,5.0,maxScheduleShiftMinutes,1,1,1,77.86666666666666,77.86666666666666,77.86666666666666,77.86666666666666,
timefold,manual_time,POLICY_FAST_RESPONSE,5.0,validPlanReturnedPercent,1,1,1,100,100,100,100,
timefold,manual_time,POLICY_FAST_RESPONSE,5.0,fullCoverageReturnedPercent,1,1,1,100,100,100,100,
timefold,manual_time,POLICY_FAST_RESPONSE,5.0,hardViolations,1,1,1,0,0,0,0,
timefold,manual_time,POLICY_FAST_RESPONSE,5.0,served,1,1,1,174,174,174,174,
timefold,manual_time,POLICY_FAST_RESPONSE,5.0,unassigned,1,1,1,0,0,0,0,
timefold,manual_time,POLICY_FAST_RESPONSE,5.0,servedPercent,1,1,1,100.0,100.0,100.0,100.0,
timefold,manual_time,POLICY_FAST_RESPONSE,5.0,workersUsed,1,1,1,32,32,32,32,
timefold,manual_time,POLICY_FAST_RESPONSE,5.0,distanceKm,1,1,1,1475.511,1475.511,1475.511,1475.511,
timefold,manual_time,POLICY_FAST_RESPONSE,5.0,travelMinutes,1,1,1,1897.8166666666666,1897.8166666666666,1897.8166666666666,1897.8166666666666,
timefold,manual_time,POLICY_FAST_RESPONSE,5.0,waitingMinutes,1,1,1,4025.7,4025.7,4025.7,4025.7,
timefold,manual_time,POLICY_FAST_RESPONSE,5.0,serviceMinutes,1,1,1,9230.0,9230.0,9230.0,9230.0,
timefold,manual_time,POLICY_FAST_RESPONSE,5.0,emergencyServed,1,1,1,14,14,14,14,
timefold,manual_time,POLICY_FAST_RESPONSE,5.0,emergencyUnassigned,1,1,1,0,0,0,0,
timefold,manual_time,POLICY_FAST_RESPONSE,5.0,meanResponseDelay,1,1,1,409.75119047619046,409.75119047619046,409.75119047619046,409.75119047619046,
timefold,manual_time,POLICY_FAST_RESPONSE,5.0,medianResponseDelay,1,1,1,404.67499999999995,404.67499999999995,404.67499999999995,404.67499999999995,
timefold,manual_time,POLICY_FAST_RESPONSE,5.0,maxResponseDelay,1,1,1,688.6333333333333,688.6333333333333,688.6333333333333,688.6333333333333,
timefold,manual_time,POLICY_FAST_RESPONSE,5.0,meanCompletionDelay,1,1,1,489.75119047619046,489.75119047619046,489.75119047619046,489.75119047619046,
timefold,manual_time,POLICY_FAST_RESPONSE,5.0,maxCompletionDelay,1,1,1,768.6333333333333,768.6333333333333,768.6333333333333,768.6333333333333,
timefold,manual_time,POLICY_FAST_RESPONSE,5.0,solverWallTimeMs,1,1,1,6745.891499999971,6745.891499999971,6745.891499999971,6745.891499999971,
timefold,manual_time,POLICY_FAST_RESPONSE,5.0,validationTimeMs,1,1,1,4.770700000108263,4.770700000108263,4.770700000108263,4.770700000108263,
timefold,manual_time,POLICY_FAST_RESPONSE,5.0,processWallTimeMs,1,1,1,7177.954900000032,7177.954900000032,7177.954900000032,7177.954900000032,
timefold,manual_time,POLICY_FAST_RESPONSE,5.0,peakMemoryMb,1,1,1,280.6875,280.6875,280.6875,280.6875,
timefold,manual_time,POLICY_FAST_RESPONSE,5.0,cpuTimeSampledMs,1,1,1,9765.625,9765.625,9765.625,9765.625,
timefold,manual_time,POLICY_FAST_RESPONSE,5.0,workerChanges,1,1,1,61,61,61,61,
timefold,manual_time,POLICY_FAST_RESPONSE,5.0,orderChanges,1,1,1,12,12,12,12,
timefold,manual_time,POLICY_FAST_RESPONSE,5.0,scheduleChanges,1,1,1,119,119,119,119,
timefold,manual_time,POLICY_FAST_RESPONSE,5.0,removedAssignments,1,1,1,0,0,0,0,
timefold,manual_time,POLICY_FAST_RESPONSE,5.0,newWorkersActivated,1,1,1,6,6,6,6,
timefold,manual_time,POLICY_FAST_RESPONSE,5.0,maxScheduleShiftMinutes,1,1,1,283.95,283.95,283.95,283.95,
timefold,manual_time,POLICY_MIN_STAFF,5.0,validPlanReturnedPercent,1,1,1,100,100,100,100,
timefold,manual_time,POLICY_MIN_STAFF,5.0,fullCoverageReturnedPercent,1,1,1,100,100,100,100,
timefold,manual_time,POLICY_MIN_STAFF,5.0,hardViolations,1,1,1,0,0,0,0,
timefold,manual_time,POLICY_MIN_STAFF,5.0,served,1,1,1,174,174,174,174,
timefold,manual_time,POLICY_MIN_STAFF,5.0,unassigned,1,1,1,0,0,0,0,
timefold,manual_time,POLICY_MIN_STAFF,5.0,servedPercent,1,1,1,100.0,100.0,100.0,100.0,
timefold,manual_time,POLICY_MIN_STAFF,5.0,workersUsed,1,1,1,26,26,26,26,
timefold,manual_time,POLICY_MIN_STAFF,5.0,distanceKm,1,1,1,888.079,888.079,888.079,888.079,
timefold,manual_time,POLICY_MIN_STAFF,5.0,travelMinutes,1,1,1,1246.7666666666667,1246.7666666666667,1246.7666666666667,1246.7666666666667,
timefold,manual_time,POLICY_MIN_STAFF,5.0,waitingMinutes,1,1,1,2510.8,2510.8,2510.8,2510.8,
timefold,manual_time,POLICY_MIN_STAFF,5.0,serviceMinutes,1,1,1,9230.0,9230.0,9230.0,9230.0,
timefold,manual_time,POLICY_MIN_STAFF,5.0,emergencyServed,1,1,1,14,14,14,14,
timefold,manual_time,POLICY_MIN_STAFF,5.0,emergencyUnassigned,1,1,1,0,0,0,0,
timefold,manual_time,POLICY_MIN_STAFF,5.0,meanResponseDelay,1,1,1,427.752380952381,427.752380952381,427.752380952381,427.752380952381,
timefold,manual_time,POLICY_MIN_STAFF,5.0,medianResponseDelay,1,1,1,463.95000000000005,463.95000000000005,463.95000000000005,463.95000000000005,
timefold,manual_time,POLICY_MIN_STAFF,5.0,maxResponseDelay,1,1,1,686.4333333333333,686.4333333333333,686.4333333333333,686.4333333333333,
timefold,manual_time,POLICY_MIN_STAFF,5.0,meanCompletionDelay,1,1,1,507.752380952381,507.752380952381,507.752380952381,507.752380952381,
timefold,manual_time,POLICY_MIN_STAFF,5.0,maxCompletionDelay,1,1,1,766.4333333333333,766.4333333333333,766.4333333333333,766.4333333333333,
timefold,manual_time,POLICY_MIN_STAFF,5.0,solverWallTimeMs,1,1,1,7000.758200000064,7000.758200000064,7000.758200000064,7000.758200000064,
timefold,manual_time,POLICY_MIN_STAFF,5.0,validationTimeMs,1,1,1,2.7721999999812397,2.7721999999812397,2.7721999999812397,2.7721999999812397,
timefold,manual_time,POLICY_MIN_STAFF,5.0,processWallTimeMs,1,1,1,7484.887300000082,7484.887300000082,7484.887300000082,7484.887300000082,
timefold,manual_time,POLICY_MIN_STAFF,5.0,peakMemoryMb,1,1,1,270.54296875,270.54296875,270.54296875,270.54296875,
timefold,manual_time,POLICY_MIN_STAFF,5.0,cpuTimeSampledMs,1,1,1,10000.0,10000.0,10000.0,10000.0,
timefold,manual_time,POLICY_MIN_STAFF,5.0,workerChanges,1,1,1,1,1,1,1,
timefold,manual_time,POLICY_MIN_STAFF,5.0,orderChanges,1,1,1,0,0,0,0,
timefold,manual_time,POLICY_MIN_STAFF,5.0,scheduleChanges,1,1,1,4,4,4,4,
timefold,manual_time,POLICY_MIN_STAFF,5.0,removedAssignments,1,1,1,0,0,0,0,
timefold,manual_time,POLICY_MIN_STAFF,5.0,newWorkersActivated,1,1,1,0,0,0,0,
timefold,manual_time,POLICY_MIN_STAFF,5.0,maxScheduleShiftMinutes,1,1,1,40.43333333333333,40.43333333333333,40.43333333333333,40.43333333333333,
timefold,manual_time,PRIMARY,5.0,validPlanReturnedPercent,1,1,1,100,100,100,100,
timefold,manual_time,PRIMARY,5.0,fullCoverageReturnedPercent,1,1,1,100,100,100,100,
timefold,manual_time,PRIMARY,5.0,hardViolations,1,1,1,0,0,0,0,
timefold,manual_time,PRIMARY,5.0,served,1,1,1,174,174,174,174,
timefold,manual_time,PRIMARY,5.0,unassigned,1,1,1,0,0,0,0,
timefold,manual_time,PRIMARY,5.0,servedPercent,1,1,1,100.0,100.0,100.0,100.0,
timefold,manual_time,PRIMARY,5.0,workersUsed,1,1,1,26,26,26,26,
timefold,manual_time,PRIMARY,5.0,distanceKm,1,1,1,870.189,870.189,870.189,870.189,
timefold,manual_time,PRIMARY,5.0,travelMinutes,1,1,1,1223.8,1223.8,1223.8,1223.8,
timefold,manual_time,PRIMARY,5.0,waitingMinutes,1,1,1,2545.15,2545.15,2545.15,2545.15,
timefold,manual_time,PRIMARY,5.0,serviceMinutes,1,1,1,9230.0,9230.0,9230.0,9230.0,
timefold,manual_time,PRIMARY,5.0,emergencyServed,1,1,1,14,14,14,14,
timefold,manual_time,PRIMARY,5.0,emergencyUnassigned,1,1,1,0,0,0,0,
timefold,manual_time,PRIMARY,5.0,meanResponseDelay,1,1,1,428.5654761904762,428.5654761904762,428.5654761904762,428.5654761904762,
timefold,manual_time,PRIMARY,5.0,medianResponseDelay,1,1,1,463.95000000000005,463.95000000000005,463.95000000000005,463.95000000000005,
timefold,manual_time,PRIMARY,5.0,maxResponseDelay,1,1,1,686.4333333333333,686.4333333333333,686.4333333333333,686.4333333333333,
timefold,manual_time,PRIMARY,5.0,meanCompletionDelay,1,1,1,508.5654761904762,508.5654761904762,508.5654761904762,508.5654761904762,
timefold,manual_time,PRIMARY,5.0,maxCompletionDelay,1,1,1,766.4333333333333,766.4333333333333,766.4333333333333,766.4333333333333,
timefold,manual_time,PRIMARY,5.0,solverWallTimeMs,1,1,1,7087.7081000001,7087.7081000001,7087.7081000001,7087.7081000001,
timefold,manual_time,PRIMARY,5.0,validationTimeMs,1,1,1,3.378099999963524,3.378099999963524,3.378099999963524,3.378099999963524,
timefold,manual_time,PRIMARY,5.0,processWallTimeMs,1,1,1,7508.569500000021,7508.569500000021,7508.569500000021,7508.569500000021,
timefold,manual_time,PRIMARY,5.0,peakMemoryMb,1,1,1,287.72265625,287.72265625,287.72265625,287.72265625,
timefold,manual_time,PRIMARY,5.0,cpuTimeSampledMs,1,1,1,10546.875,10546.875,10546.875,10546.875,
timefold,manual_time,PRIMARY,5.0,workerChanges,1,1,1,0,0,0,0,
timefold,manual_time,PRIMARY,5.0,orderChanges,1,1,1,0,0,0,0,
timefold,manual_time,PRIMARY,5.0,scheduleChanges,1,1,1,1,1,1,1,
timefold,manual_time,PRIMARY,5.0,removedAssignments,1,1,1,0,0,0,0,
timefold,manual_time,PRIMARY,5.0,newWorkersActivated,1,1,1,0,0,0,0,
timefold,manual_time,PRIMARY,5.0,maxScheduleShiftMinutes,1,1,1,5.0,5.0,5.0,5.0,
timefold,new_emergency,POLICY_FAST_RESPONSE,5.0,validPlanReturnedPercent,1,1,1,100,100,100,100,
timefold,new_emergency,POLICY_FAST_RESPONSE,5.0,fullCoverageReturnedPercent,1,1,1,100,100,100,100,
timefold,new_emergency,POLICY_FAST_RESPONSE,5.0,hardViolations,1,1,1,0,0,0,0,
timefold,new_emergency,POLICY_FAST_RESPONSE,5.0,served,1,1,1,175,175,175,175,
timefold,new_emergency,POLICY_FAST_RESPONSE,5.0,unassigned,1,1,1,0,0,0,0,
timefold,new_emergency,POLICY_FAST_RESPONSE,5.0,servedPercent,1,1,1,100.0,100.0,100.0,100.0,
timefold,new_emergency,POLICY_FAST_RESPONSE,5.0,workersUsed,1,1,1,27,27,27,27,
timefold,new_emergency,POLICY_FAST_RESPONSE,5.0,distanceKm,1,1,1,1109.375,1109.375,1109.375,1109.375,
timefold,new_emergency,POLICY_FAST_RESPONSE,5.0,travelMinutes,1,1,1,1462.25,1462.25,1462.25,1462.25,
timefold,new_emergency,POLICY_FAST_RESPONSE,5.0,waitingMinutes,1,1,1,2808.733333333333,2808.733333333333,2808.733333333333,2808.733333333333,
timefold,new_emergency,POLICY_FAST_RESPONSE,5.0,serviceMinutes,1,1,1,9310.0,9310.0,9310.0,9310.0,
timefold,new_emergency,POLICY_FAST_RESPONSE,5.0,emergencyServed,1,1,1,15,15,15,15,
timefold,new_emergency,POLICY_FAST_RESPONSE,5.0,emergencyUnassigned,1,1,1,0,0,0,0,
timefold,new_emergency,POLICY_FAST_RESPONSE,5.0,meanResponseDelay,1,1,1,363.93333333333334,363.93333333333334,363.93333333333334,363.93333333333334,
timefold,new_emergency,POLICY_FAST_RESPONSE,5.0,medianResponseDelay,1,1,1,347.23333333333335,347.23333333333335,347.23333333333335,347.23333333333335,
timefold,new_emergency,POLICY_FAST_RESPONSE,5.0,maxResponseDelay,1,1,1,648.35,648.35,648.35,648.35,
timefold,new_emergency,POLICY_FAST_RESPONSE,5.0,meanCompletionDelay,1,1,1,443.93333333333334,443.93333333333334,443.93333333333334,443.93333333333334,
timefold,new_emergency,POLICY_FAST_RESPONSE,5.0,maxCompletionDelay,1,1,1,728.35,728.35,728.35,728.35,
timefold,new_emergency,POLICY_FAST_RESPONSE,5.0,solverWallTimeMs,1,1,1,6321.891000000051,6321.891000000051,6321.891000000051,6321.891000000051,
timefold,new_emergency,POLICY_FAST_RESPONSE,5.0,validationTimeMs,1,1,1,2.3794000001089444,2.3794000001089444,2.3794000001089444,2.3794000001089444,
timefold,new_emergency,POLICY_FAST_RESPONSE,5.0,processWallTimeMs,1,1,1,6666.534100000035,6666.534100000035,6666.534100000035,6666.534100000035,
timefold,new_emergency,POLICY_FAST_RESPONSE,5.0,peakMemoryMb,1,1,1,281.13671875,281.13671875,281.13671875,281.13671875,
timefold,new_emergency,POLICY_FAST_RESPONSE,5.0,cpuTimeSampledMs,1,1,1,10187.5,10187.5,10187.5,10187.5,
timefold,new_emergency,POLICY_FAST_RESPONSE,5.0,workerChanges,1,1,1,20,20,20,20,
timefold,new_emergency,POLICY_FAST_RESPONSE,5.0,orderChanges,1,1,1,14,14,14,14,
timefold,new_emergency,POLICY_FAST_RESPONSE,5.0,scheduleChanges,1,1,1,54,54,54,54,
timefold,new_emergency,POLICY_FAST_RESPONSE,5.0,removedAssignments,1,1,1,0,0,0,0,
timefold,new_emergency,POLICY_FAST_RESPONSE,5.0,newWorkersActivated,1,1,1,1,1,1,1,
timefold,new_emergency,POLICY_FAST_RESPONSE,5.0,maxScheduleShiftMinutes,1,1,1,373.95,373.95,373.95,373.95,
timefold,new_emergency,POLICY_FAST_RESPONSE,5.0,injectedEmergencyResponseMinutes,1,1,1,15.716666666666667,15.716666666666667,15.716666666666667,15.716666666666667,
timefold,new_emergency,POLICY_MIN_STAFF,5.0,validPlanReturnedPercent,1,1,1,100,100,100,100,
timefold,new_emergency,POLICY_MIN_STAFF,5.0,fullCoverageReturnedPercent,1,1,1,100,100,100,100,
timefold,new_emergency,POLICY_MIN_STAFF,5.0,hardViolations,1,1,1,0,0,0,0,
timefold,new_emergency,POLICY_MIN_STAFF,5.0,served,1,1,1,175,175,175,175,
timefold,new_emergency,POLICY_MIN_STAFF,5.0,unassigned,1,1,1,0,0,0,0,
timefold,new_emergency,POLICY_MIN_STAFF,5.0,servedPercent,1,1,1,100.0,100.0,100.0,100.0,
timefold,new_emergency,POLICY_MIN_STAFF,5.0,workersUsed,1,1,1,26,26,26,26,
timefold,new_emergency,POLICY_MIN_STAFF,5.0,distanceKm,1,1,1,1111.099,1111.099,1111.099,1111.099,
timefold,new_emergency,POLICY_MIN_STAFF,5.0,travelMinutes,1,1,1,1466.0333333333333,1466.0333333333333,1466.0333333333333,1466.0333333333333,
timefold,new_emergency,POLICY_MIN_STAFF,5.0,waitingMinutes,1,1,1,2314.95,2314.95,2314.95,2314.95,
timefold,new_emergency,POLICY_MIN_STAFF,5.0,serviceMinutes,1,1,1,9310.0,9310.0,9310.0,9310.0,
timefold,new_emergency,POLICY_MIN_STAFF,5.0,emergencyServed,1,1,1,15,15,15,15,
timefold,new_emergency,POLICY_MIN_STAFF,5.0,emergencyUnassigned,1,1,1,0,0,0,0,
timefold,new_emergency,POLICY_MIN_STAFF,5.0,meanResponseDelay,1,1,1,363.93333333333334,363.93333333333334,363.93333333333334,363.93333333333334,
timefold,new_emergency,POLICY_MIN_STAFF,5.0,medianResponseDelay,1,1,1,347.23333333333335,347.23333333333335,347.23333333333335,347.23333333333335,
timefold,new_emergency,POLICY_MIN_STAFF,5.0,maxResponseDelay,1,1,1,648.35,648.35,648.35,648.35,
timefold,new_emergency,POLICY_MIN_STAFF,5.0,meanCompletionDelay,1,1,1,443.93333333333334,443.93333333333334,443.93333333333334,443.93333333333334,
timefold,new_emergency,POLICY_MIN_STAFF,5.0,maxCompletionDelay,1,1,1,728.35,728.35,728.35,728.35,
timefold,new_emergency,POLICY_MIN_STAFF,5.0,solverWallTimeMs,1,1,1,6304.257000000007,6304.257000000007,6304.257000000007,6304.257000000007,
timefold,new_emergency,POLICY_MIN_STAFF,5.0,validationTimeMs,1,1,1,2.6866999999128893,2.6866999999128893,2.6866999999128893,2.6866999999128893,
timefold,new_emergency,POLICY_MIN_STAFF,5.0,processWallTimeMs,1,1,1,6687.3243,6687.3243,6687.3243,6687.3243,
timefold,new_emergency,POLICY_MIN_STAFF,5.0,peakMemoryMb,1,1,1,294.01953125,294.01953125,294.01953125,294.01953125,
timefold,new_emergency,POLICY_MIN_STAFF,5.0,cpuTimeSampledMs,1,1,1,10484.375,10484.375,10484.375,10484.375,
timefold,new_emergency,POLICY_MIN_STAFF,5.0,workerChanges,1,1,1,19,19,19,19,
timefold,new_emergency,POLICY_MIN_STAFF,5.0,orderChanges,1,1,1,18,18,18,18,
timefold,new_emergency,POLICY_MIN_STAFF,5.0,scheduleChanges,1,1,1,57,57,57,57,
timefold,new_emergency,POLICY_MIN_STAFF,5.0,removedAssignments,1,1,1,0,0,0,0,
timefold,new_emergency,POLICY_MIN_STAFF,5.0,newWorkersActivated,1,1,1,0,0,0,0,
timefold,new_emergency,POLICY_MIN_STAFF,5.0,maxScheduleShiftMinutes,1,1,1,373.95,373.95,373.95,373.95,
timefold,new_emergency,POLICY_MIN_STAFF,5.0,injectedEmergencyResponseMinutes,1,1,1,15.716666666666667,15.716666666666667,15.716666666666667,15.716666666666667,
timefold,new_emergency,PRIMARY,5.0,validPlanReturnedPercent,1,1,1,100,100,100,100,
timefold,new_emergency,PRIMARY,5.0,fullCoverageReturnedPercent,1,1,1,100,100,100,100,
timefold,new_emergency,PRIMARY,5.0,hardViolations,1,1,1,0,0,0,0,
timefold,new_emergency,PRIMARY,5.0,served,1,1,1,175,175,175,175,
timefold,new_emergency,PRIMARY,5.0,unassigned,1,1,1,0,0,0,0,
timefold,new_emergency,PRIMARY,5.0,servedPercent,1,1,1,100.0,100.0,100.0,100.0,
timefold,new_emergency,PRIMARY,5.0,workersUsed,1,1,1,26,26,26,26,
timefold,new_emergency,PRIMARY,5.0,distanceKm,1,1,1,875.078,875.078,875.078,875.078,
timefold,new_emergency,PRIMARY,5.0,travelMinutes,1,1,1,1230.95,1230.95,1230.95,1230.95,
timefold,new_emergency,PRIMARY,5.0,waitingMinutes,1,1,1,2467.016666666667,2467.016666666667,2467.016666666667,2467.016666666667,
timefold,new_emergency,PRIMARY,5.0,serviceMinutes,1,1,1,9310.0,9310.0,9310.0,9310.0,
timefold,new_emergency,PRIMARY,5.0,emergencyServed,1,1,1,15,15,15,15,
timefold,new_emergency,PRIMARY,5.0,emergencyUnassigned,1,1,1,0,0,0,0,
timefold,new_emergency,PRIMARY,5.0,meanResponseDelay,1,1,1,402.5022222222222,402.5022222222222,402.5022222222222,402.5022222222222,
timefold,new_emergency,PRIMARY,5.0,medianResponseDelay,1,1,1,444.1,444.1,444.1,444.1,
timefold,new_emergency,PRIMARY,5.0,maxResponseDelay,1,1,1,686.4333333333333,686.4333333333333,686.4333333333333,686.4333333333333,
timefold,new_emergency,PRIMARY,5.0,meanCompletionDelay,1,1,1,482.5022222222222,482.5022222222222,482.5022222222222,482.5022222222222,
timefold,new_emergency,PRIMARY,5.0,maxCompletionDelay,1,1,1,766.4333333333333,766.4333333333333,766.4333333333333,766.4333333333333,
timefold,new_emergency,PRIMARY,5.0,solverWallTimeMs,1,1,1,6429.202700000133,6429.202700000133,6429.202700000133,6429.202700000133,
timefold,new_emergency,PRIMARY,5.0,validationTimeMs,1,1,1,1.926099999991493,1.926099999991493,1.926099999991493,1.926099999991493,
timefold,new_emergency,PRIMARY,5.0,processWallTimeMs,1,1,1,6773.928099999921,6773.928099999921,6773.928099999921,6773.928099999921,
timefold,new_emergency,PRIMARY,5.0,peakMemoryMb,1,1,1,291.68359375,291.68359375,291.68359375,291.68359375,
timefold,new_emergency,PRIMARY,5.0,cpuTimeSampledMs,1,1,1,10109.375,10109.375,10109.375,10109.375,
timefold,new_emergency,PRIMARY,5.0,workerChanges,1,1,1,0,0,0,0,
timefold,new_emergency,PRIMARY,5.0,orderChanges,1,1,1,0,0,0,0,
timefold,new_emergency,PRIMARY,5.0,scheduleChanges,1,1,1,7,7,7,7,
timefold,new_emergency,PRIMARY,5.0,removedAssignments,1,1,1,0,0,0,0,
timefold,new_emergency,PRIMARY,5.0,newWorkersActivated,1,1,1,0,0,0,0,
timefold,new_emergency,PRIMARY,5.0,maxScheduleShiftMinutes,1,1,1,41.06666666666667,41.06666666666667,41.06666666666667,41.06666666666667,
timefold,new_emergency,PRIMARY,5.0,injectedEmergencyResponseMinutes,1,1,1,15.716666666666667,15.716666666666667,15.716666666666667,15.716666666666667,
timefold,worker_unavailability,POLICY_FAST_RESPONSE,5.0,validPlanReturnedPercent,1,1,1,100,100,100,100,
timefold,worker_unavailability,POLICY_FAST_RESPONSE,5.0,fullCoverageReturnedPercent,1,1,1,0,0,0,0,
timefold,worker_unavailability,POLICY_FAST_RESPONSE,5.0,hardViolations,1,1,1,0,0,0,0,
timefold,worker_unavailability,POLICY_FAST_RESPONSE,5.0,served,1,1,1,173,173,173,173,
timefold,worker_unavailability,POLICY_FAST_RESPONSE,5.0,unassigned,1,1,1,1,1,1,1,
timefold,worker_unavailability,POLICY_FAST_RESPONSE,5.0,servedPercent,1,1,1,99.42528735632185,99.42528735632185,99.42528735632185,99.42528735632185,
timefold,worker_unavailability,POLICY_FAST_RESPONSE,5.0,workersUsed,1,1,1,35,35,35,35,
timefold,worker_unavailability,POLICY_FAST_RESPONSE,5.0,distanceKm,1,1,1,1293.848,1293.848,1293.848,1293.848,
timefold,worker_unavailability,POLICY_FAST_RESPONSE,5.0,travelMinutes,1,1,1,1721.4833333333333,1721.4833333333333,1721.4833333333333,1721.4833333333333,
timefold,worker_unavailability,POLICY_FAST_RESPONSE,5.0,waitingMinutes,1,1,1,4795.4,4795.4,4795.4,4795.4,
timefold,worker_unavailability,POLICY_FAST_RESPONSE,5.0,serviceMinutes,1,1,1,9200.0,9200.0,9200.0,9200.0,
timefold,worker_unavailability,POLICY_FAST_RESPONSE,5.0,emergencyServed,1,1,1,14,14,14,14,
timefold,worker_unavailability,POLICY_FAST_RESPONSE,5.0,emergencyUnassigned,1,1,1,0,0,0,0,
timefold,worker_unavailability,POLICY_FAST_RESPONSE,5.0,meanResponseDelay,1,1,1,400.1654761904762,400.1654761904762,400.1654761904762,400.1654761904762,
timefold,worker_unavailability,POLICY_FAST_RESPONSE,5.0,medianResponseDelay,1,1,1,393.9916666666667,393.9916666666667,393.9916666666667,393.9916666666667,
timefold,worker_unavailability,POLICY_FAST_RESPONSE,5.0,maxResponseDelay,1,1,1,681.15,681.15,681.15,681.15,
timefold,worker_unavailability,POLICY_FAST_RESPONSE,5.0,meanCompletionDelay,1,1,1,480.16547619047617,480.16547619047617,480.16547619047617,480.16547619047617,
timefold,worker_unavailability,POLICY_FAST_RESPONSE,5.0,maxCompletionDelay,1,1,1,761.15,761.15,761.15,761.15,
timefold,worker_unavailability,POLICY_FAST_RESPONSE,5.0,solverWallTimeMs,1,1,1,6722.440099999858,6722.440099999858,6722.440099999858,6722.440099999858,
timefold,worker_unavailability,POLICY_FAST_RESPONSE,5.0,validationTimeMs,1,1,1,3.4976000001734064,3.4976000001734064,3.4976000001734064,3.4976000001734064,
timefold,worker_unavailability,POLICY_FAST_RESPONSE,5.0,processWallTimeMs,1,1,1,7112.1508999999605,7112.1508999999605,7112.1508999999605,7112.1508999999605,
timefold,worker_unavailability,POLICY_FAST_RESPONSE,5.0,peakMemoryMb,1,1,1,279.98828125,279.98828125,279.98828125,279.98828125,
timefold,worker_unavailability,POLICY_FAST_RESPONSE,5.0,cpuTimeSampledMs,1,1,1,10156.25,10156.25,10156.25,10156.25,
timefold,worker_unavailability,POLICY_FAST_RESPONSE,5.0,workerChanges,1,1,1,71,71,71,71,
timefold,worker_unavailability,POLICY_FAST_RESPONSE,5.0,orderChanges,1,1,1,15,15,15,15,
timefold,worker_unavailability,POLICY_FAST_RESPONSE,5.0,scheduleChanges,1,1,1,111,111,111,111,
timefold,worker_unavailability,POLICY_FAST_RESPONSE,5.0,removedAssignments,1,1,1,1,1,1,1,
timefold,worker_unavailability,POLICY_FAST_RESPONSE,5.0,newWorkersActivated,1,1,1,9,9,9,9,
timefold,worker_unavailability,POLICY_FAST_RESPONSE,5.0,maxScheduleShiftMinutes,1,1,1,373.95,373.95,373.95,373.95,
timefold,worker_unavailability,POLICY_MIN_STAFF,5.0,validPlanReturnedPercent,1,1,1,100,100,100,100,
timefold,worker_unavailability,POLICY_MIN_STAFF,5.0,fullCoverageReturnedPercent,1,1,1,0,0,0,0,
timefold,worker_unavailability,POLICY_MIN_STAFF,5.0,hardViolations,1,1,1,0,0,0,0,
timefold,worker_unavailability,POLICY_MIN_STAFF,5.0,served,1,1,1,173,173,173,173,
timefold,worker_unavailability,POLICY_MIN_STAFF,5.0,unassigned,1,1,1,1,1,1,1,
timefold,worker_unavailability,POLICY_MIN_STAFF,5.0,servedPercent,1,1,1,99.42528735632185,99.42528735632185,99.42528735632185,99.42528735632185,
timefold,worker_unavailability,POLICY_MIN_STAFF,5.0,workersUsed,1,1,1,29,29,29,29,
timefold,worker_unavailability,POLICY_MIN_STAFF,5.0,distanceKm,1,1,1,1332.819,1332.819,1332.819,1332.819,
timefold,worker_unavailability,POLICY_MIN_STAFF,5.0,travelMinutes,1,1,1,1748.8,1748.8,1748.8,1748.8,
timefold,worker_unavailability,POLICY_MIN_STAFF,5.0,waitingMinutes,1,1,1,3406.9,3406.9,3406.9,3406.9,
timefold,worker_unavailability,POLICY_MIN_STAFF,5.0,serviceMinutes,1,1,1,9200.0,9200.0,9200.0,9200.0,
timefold,worker_unavailability,POLICY_MIN_STAFF,5.0,emergencyServed,1,1,1,14,14,14,14,
timefold,worker_unavailability,POLICY_MIN_STAFF,5.0,emergencyUnassigned,1,1,1,0,0,0,0,
timefold,worker_unavailability,POLICY_MIN_STAFF,5.0,meanResponseDelay,1,1,1,384.43095238095236,384.43095238095236,384.43095238095236,384.43095238095236,
timefold,worker_unavailability,POLICY_MIN_STAFF,5.0,medianResponseDelay,1,1,1,379.9666666666667,379.9666666666667,379.9666666666667,379.9666666666667,
timefold,worker_unavailability,POLICY_MIN_STAFF,5.0,maxResponseDelay,1,1,1,677.05,677.05,677.05,677.05,
timefold,worker_unavailability,POLICY_MIN_STAFF,5.0,meanCompletionDelay,1,1,1,464.43095238095236,464.43095238095236,464.43095238095236,464.43095238095236,
timefold,worker_unavailability,POLICY_MIN_STAFF,5.0,maxCompletionDelay,1,1,1,757.05,757.05,757.05,757.05,
timefold,worker_unavailability,POLICY_MIN_STAFF,5.0,solverWallTimeMs,1,1,1,6577.978499999972,6577.978499999972,6577.978499999972,6577.978499999972,
timefold,worker_unavailability,POLICY_MIN_STAFF,5.0,validationTimeMs,1,1,1,3.2360000000153377,3.2360000000153377,3.2360000000153377,3.2360000000153377,
timefold,worker_unavailability,POLICY_MIN_STAFF,5.0,processWallTimeMs,1,1,1,6979.752799999915,6979.752799999915,6979.752799999915,6979.752799999915,
timefold,worker_unavailability,POLICY_MIN_STAFF,5.0,peakMemoryMb,1,1,1,285.45703125,285.45703125,285.45703125,285.45703125,
timefold,worker_unavailability,POLICY_MIN_STAFF,5.0,cpuTimeSampledMs,1,1,1,10750.0,10750.0,10750.0,10750.0,
timefold,worker_unavailability,POLICY_MIN_STAFF,5.0,workerChanges,1,1,1,72,72,72,72,
timefold,worker_unavailability,POLICY_MIN_STAFF,5.0,orderChanges,1,1,1,22,22,22,22,
timefold,worker_unavailability,POLICY_MIN_STAFF,5.0,scheduleChanges,1,1,1,124,124,124,124,
timefold,worker_unavailability,POLICY_MIN_STAFF,5.0,removedAssignments,1,1,1,1,1,1,1,
timefold,worker_unavailability,POLICY_MIN_STAFF,5.0,newWorkersActivated,1,1,1,3,3,3,3,
timefold,worker_unavailability,POLICY_MIN_STAFF,5.0,maxScheduleShiftMinutes,1,1,1,441.2,441.2,441.2,441.2,
timefold,worker_unavailability,PRIMARY,5.0,validPlanReturnedPercent,1,1,1,100,100,100,100,
timefold,worker_unavailability,PRIMARY,5.0,fullCoverageReturnedPercent,1,1,1,0,0,0,0,
timefold,worker_unavailability,PRIMARY,5.0,hardViolations,1,1,1,0,0,0,0,
timefold,worker_unavailability,PRIMARY,5.0,served,1,1,1,173,173,173,173,
timefold,worker_unavailability,PRIMARY,5.0,unassigned,1,1,1,1,1,1,1,
timefold,worker_unavailability,PRIMARY,5.0,servedPercent,1,1,1,99.42528735632185,99.42528735632185,99.42528735632185,99.42528735632185,
timefold,worker_unavailability,PRIMARY,5.0,workersUsed,1,1,1,29,29,29,29,
timefold,worker_unavailability,PRIMARY,5.0,distanceKm,1,1,1,889.675,889.675,889.675,889.675,
timefold,worker_unavailability,PRIMARY,5.0,travelMinutes,1,1,1,1249.45,1249.45,1249.45,1249.45,
timefold,worker_unavailability,PRIMARY,5.0,waitingMinutes,1,1,1,3070.35,3070.35,3070.35,3070.35,
timefold,worker_unavailability,PRIMARY,5.0,serviceMinutes,1,1,1,9200.0,9200.0,9200.0,9200.0,
timefold,worker_unavailability,PRIMARY,5.0,emergencyServed,1,1,1,14,14,14,14,
timefold,worker_unavailability,PRIMARY,5.0,emergencyUnassigned,1,1,1,0,0,0,0,
timefold,worker_unavailability,PRIMARY,5.0,meanResponseDelay,1,1,1,428.5654761904762,428.5654761904762,428.5654761904762,428.5654761904762,
timefold,worker_unavailability,PRIMARY,5.0,medianResponseDelay,1,1,1,463.95000000000005,463.95000000000005,463.95000000000005,463.95000000000005,
timefold,worker_unavailability,PRIMARY,5.0,maxResponseDelay,1,1,1,686.4333333333333,686.4333333333333,686.4333333333333,686.4333333333333,
timefold,worker_unavailability,PRIMARY,5.0,meanCompletionDelay,1,1,1,508.5654761904762,508.5654761904762,508.5654761904762,508.5654761904762,
timefold,worker_unavailability,PRIMARY,5.0,maxCompletionDelay,1,1,1,766.4333333333333,766.4333333333333,766.4333333333333,766.4333333333333,
timefold,worker_unavailability,PRIMARY,5.0,solverWallTimeMs,1,1,1,7137.7950000000965,7137.7950000000965,7137.7950000000965,7137.7950000000965,
timefold,worker_unavailability,PRIMARY,5.0,validationTimeMs,1,1,1,2.4587000000337866,2.4587000000337866,2.4587000000337866,2.4587000000337866,
timefold,worker_unavailability,PRIMARY,5.0,processWallTimeMs,1,1,1,7702.868599999874,7702.868599999874,7702.868599999874,7702.868599999874,
timefold,worker_unavailability,PRIMARY,5.0,peakMemoryMb,1,1,1,285.703125,285.703125,285.703125,285.703125,
timefold,worker_unavailability,PRIMARY,5.0,cpuTimeSampledMs,1,1,1,10562.5,10562.5,10562.5,10562.5,
timefold,worker_unavailability,PRIMARY,5.0,workerChanges,1,1,1,10,10,10,10,
timefold,worker_unavailability,PRIMARY,5.0,orderChanges,1,1,1,2,2,2,2,
timefold,worker_unavailability,PRIMARY,5.0,scheduleChanges,1,1,1,14,14,14,14,
timefold,worker_unavailability,PRIMARY,5.0,removedAssignments,1,1,1,1,1,1,1,
timefold,worker_unavailability,PRIMARY,5.0,newWorkersActivated,1,1,1,3,3,3,3,
timefold,worker_unavailability,PRIMARY,5.0,maxScheduleShiftMinutes,1,1,1,79.03333333333333,79.03333333333333,79.03333333333333,79.03333333333333,
